"feature","J_XYL_F_0001_01","J_XYL_F_0001_02","J_XYL_F_0002_01","J_XYL_F_0002_02","J_XYL_F_0003_01","J_XYL_F_0003_02","J_XYL_F_0004_01","J_XYL_F_0004_02","J_XYL_F_0005_01","J_XYL_F_0005_02","J_XYL_F_0006_01","J_XYL_F_0006_02","J_XYL_F_0010_01","J_XYL_F_0010_02","J_XYL_F_0012_01","J_XYL_F_0012_02","J_XYL_F_0013_01","J_XYL_F_0013_02","J_XYL_F_0015_01","J_XYL_F_0015_02","J_XYL_F_0016_01","J_XYL_F_0016_02","J_XYL_F_0018_01","J_XYL_F_0018_02","J_XYL_F_0020_01","J_XYL_F_0020_02","J_XYL_F_0025_01","J_XYL_F_0025_02","J_XYL_F_0031_01","J_XYL_F_0031_02","J_XYL_F_0032_01","J_XYL_F_0032_02","J_XYL_F_0034_01","J_XYL_F_0034_02","J_XYL_F_0036_01","J_XYL_F_0036_02","J_XYL_F_0043_01","J_XYL_F_0043_2","J_XYL_F_0044_01","J_XYL_F_0044_02","J_XYL_F_0045_01","J_XYL_F_0045_2","J_XYL_F_0046_01","J_XYL_F_0046_02","J_XYL_F_0047_01","J_XYL_F_0047_02","J_XYL_F_0048_01","J_XYL_F_0049_02","J_XYL_F_0050_01","J_XYL_F_0050_02","J_XYL_F_0051_01","J_XYL_F_0051_02","J_XYL_F_0053_01","J_XYL_F_0053_02","J_XYL_F_0057_01","J_XYL_F_0057_02","J_XYL_F_0058_01","J_XYL_F_0058_02","J_XYL_F_0059_01","J_XYL_F_0059_02","J_XYL_F_0060_01","J_XYL_F_0060_02","J_XYL_F_0061_01","J_XYL_F_0061_02","J_XYL_F_0062_01","J_XYL_F_0062_02","J_XYL_F_0064_01","J_XYL_F_0064_02","J_XYL_F_0065_01","J_XYL_F_0065_02","J_XYL_F_0066_01","J_XYL_F_0066_02","K_XYL_F_0001_01","K_XYL_F_0001_02","K_XYL_F_0002_01","K_XYL_F_0002_02","K_XYL_F_0003_01","K_XYL_F_0003_02","K_XYL_F_0004_01","K_XYL_F_0004_02","K_XYL_F_0005_01","K_XYL_F_0005_02","K_XYL_F_0007_01","K_XYL_F_0007_02","K_XYL_F_0008_01","K_XYL_F_0008_02","K_XYL_F_0009_01","K_XYL_F_0009_02","K_XYL_F_0009_03","K_XYL_F_0011_01","K_XYL_F_0011_02","K_XYL_F_0012_01","K_XYL_F_0012_02","K_XYL_F_0013_01","K_XYL_F_0013_02","K_XYL_F_0017_01","K_XYL_F_0017_02","K_XYL_F_0018_01","K_XYL_F_0018_02","K_XYL_F_0022_01","K_XYL_F_0022_02","K_XYL_F_0028_01","K_XYL_F_0028_02","K_XYL_F_0030_02","K_XYL_F_0030_03","K_XYL_F_0033_01","K_XYL_F_0033_02","K_XYL_F_0035_01","K_XYL_F_0035_02","K_XYL_F_0035_03","K_XYL_F_0036_01","K_XYL_F_0036_02","K_XYL_F_0037_01","K_XYL_F_0037_02","K_XYL_F_0038_01","K_XYL_F_0038_02","K_XYL_F_0039_01","K_XYL_F_0039_02","K_XYL_F_0042_01","K_XYL_F_0042_02","K_XYL_F_0043_01","K_XYL_F_0043_02","K_XYL_F_0044_01","K_XYL_F_0044_02","K_XYL_F_0045_01","K_XYL_F_0045_02","K_XYL_F_0046_01","K_XYL_F_0046_02","K_XYL_F_0047_01","K_XYL_F_0047_02","K_XYL_F_0048_01","K_XYL_F_0048_02"
"k__Bacteria;__;__;__;__;__;__",0.000880591757661148,0,0,0,0,0.000668449197860963,0.000611807892321811,0.000177043375627029,0.000268312315535283,0,0,0,0.000697775839511557,0.000232774674115456,0,0,0.00076847074322099,0,0,0.000574118727752899,0,0,0,0,0.00126550240445457,0,0,0.000590219224283305,0.000462107208872458,0.00054608999563128,0.00036697247706422,0,0,0,0,0.00120264582080577,0,0,0,0,0,0.00033112582781457,0.00141350440360987,0,0.000247770069375619,0,0.000185133759140979,0,0,0,0.000591016548463357,0,0.000224651789725925,0.000489955903968643,0,0.00103401923275773,0,0.00101978380583316,0,0,0,0.000524796641301496,0,0,0.000345632074656528,0,0.00012134449702706,0,0.0219221604447975,0.00166585007349339,0,0.000186601977980967,0,0.000147907114332199,0.000252525252525253,0,0.00027643400138217,0.00111915242856077,0,0,0,0.000766283524904215,0,0,0.000282645562464669,0.00060960741282614,0,0.000305530094714329,0.00176609105180534,0,0,0,0.00084922411796495,0,0.000440683941477173,0.000580720092915215,0,0.000528355054596689,0,0,0.000313087038196619,0,0,0,0.000891464229997771,0,0.000401735497348546,0,0,0,0.000167644593461861,0,0,0,0,0,0,0.000888494002665482,0,0.00089974293059126,0,0.00109967795145707,0,0.000619688385269122,0.00116240451677184,0.000227565804445119,0.00201577563540754,0,0,0.00030826140567201,0.000643961076130509,0
"k__Bacteria;p__Firmicutes;c__Clostridia;o__Clostridiales;f__Veillonellaceae;g__Megamonas;s__",0,0.000767018216682646,0,0.0028956018156206,0,0,0,0,0.0174403005097934,0,0.400753599784686,0,0.0400348887919756,0.0385630043451273,0,0.00368497729025623,0.340322757712153,0.672131147540984,0.00481786133960047,0.00620048225973131,0,0.00838118888716436,0.0139152981849611,0.018308406395049,0.0140048932759639,0,0.0198980226340007,0,0,0,0.0212844036697248,0,0.00803418803418803,0.0261233815689261,0.0043995600439956,0,0,0,0,0,0.00273007485689124,0.00121412803532009,0.0117429596607589,0.0466260962949705,0.00322101090188305,0,0,0,0,0,0,0,0,0.00722684958353748,0,0,0,0,0,0,0,0,0.0715445394523217,0.0691793893129771,0,0,0.00418638514743356,0,0.0177124702144559,0.0301812836844684,0,0,0.0044543429844098,0,0.000946969696969697,0,0,0.00358128777139446,0.0189421894218942,0.0217272229322622,0,0.0447318007662835,0,0,0,0,0,0.00244424075771463,0,0.0711456859971712,0.0878481012658228,0.00203840789614848,0.00301088550914846,0,0.00167459897761326,0.00304878048780488,0.00614883805045664,0.00739697076435365,0.00683526999316473,0.00462789243277048,0.00767063243581716,0.114548372975339,0.166905700968089,0,0,0.001600451892299,0,0,0,0,0,0,0.00394559235801059,0.00445196331582228,0,0.00187766714082504,0,0,0,0,0,0,0.0254109200831287,0.0523194050991501,0,0,0,0,0.00387897595034911,0,0.00207498568975386,0
"k__Bacteria;p__Firmicutes;c__Clostridia;o__Clostridiales;f__Ruminococcaceae;g__;s__",0,0,0.0386059610420089,0.0275473470026608,0,0.00176227515799708,0,0.0012393036293892,0.00697612020391736,0.00191358646389364,0,0,0.0048844308765809,0.0283209186840472,0,0,0.00153694148644198,0.00299665080204477,0,0.00218165116546102,0,0.00838118888716436,0.00484010371650821,0,0.00404960769425462,0,0.012560626787713,0.0117200674536256,0.00284966112138016,0,0.00440366972477064,0.00230253278606467,0.00632478632478633,0.00198019801980198,0.0070992900709929,0,0.00735907745998027,0,0,0,0,0,0.00641513537022942,0.00187936280651512,0.0012388503468781,0.00126965523976951,0.00111080255484588,0.00270688321732405,0.00222667557336896,0,0,0.0334174959156394,0.00906095551894563,0.00514453699167075,0,0,0.000898311174991017,0.00234550275341628,0.0234192037470726,0.0287382128423889,0.000744324525493115,0,0.00811776166251759,0.00604325699745547,0.0086408018664132,0.00627259196257708,0.00212352869797355,0.0081374321880651,0.0434471803018269,0.030671239588437,0.000824946378485398,0,0,0,0,0.0008790564793788,0,0.00134298291427292,0,0,0,0.00162835249042146,0.011397214014352,0.000278138327461524,0.00240248728094969,0.0109729334308705,0,0.00336083104185762,0.000686813186813187,0,0,0.00128741551335694,0.000386010962711341,0,0.00141018861272695,0,0.00289357084727371,0.000704473406128919,0.00341763499658236,0.00200125078173859,0.00407013149655604,0,0,0.00721862109605186,0.000817175544164624,0,0.00257110718303069,0.00546285260230433,0.00373586429725364,0.0159320233669676,0.00402347024308466,0,0.000311494133527152,0.0193215207906687,0,0.00199146514935989,0.00236600236600237,0,0.00372951221905977,0.0012853470437018,0.00181713058561163,0.000628387400832613,0,0,0.011374958485553,0.00652355306076007,0.0120070113935145,0.00357730557344208,0,0.00369913686806412,0.0020034344590727,0
"k__Bacteria;p__Firmicutes;c__Clostridia;o__Clostridiales;f__Lachnospiraceae;__;__",0.0741458259950687,0.0146372643016938,0.0688805444731284,0.0350602598215683,0.00725910314951411,0.0237603305785124,0.060365045375752,0.0183534966066686,0.0348806010195868,0.0695941182395005,0.117884537747275,0.193390452876377,0.0541648495420846,0.0344506517690875,0.037711397654377,0.0235667152283829,0.0192117685805248,0.000793231094658911,0.000235017626321974,0.00746354346078769,0.0215041905602117,0.0178488281856278,0.050561797752809,0,0.0523074327174555,0.00985296346824314,0.170003730879244,0.0554806070826307,0.03288662969809,0.0788553953691568,0.0167584097859327,0.0690759835819401,0.0453846153846154,0.0213252094440213,0.0244975502449755,0.0255562236921227,0.0419543281996814,0.0294065856664906,0.0186905906226637,0.0180669614655717,0.0124174372523118,0.0032560706401766,0.0145699684679787,0.0424199033470557,0.0201519656425504,0.0701240355503467,0,0.0540409899458623,0.022118310695465,0,0.0187647754137116,0.0455963166493391,0.018795866407069,0.0365017148456639,0.131866611318666,0.0803432943852756,0.00341358246496586,0.0533346930450744,0.0279965935703641,0.0610687022900763,0.056072447587148,0.023265984431033,0.053685463794783,0.00683842239185751,0.0165039315648492,0.0103125664469488,0.00254823443756826,0.0163878842676311,0.0190627482128674,0.0377266046055855,0,0.00702867450394974,0,0,0.00113636363636364,0.0008790564793788,0.0143745680718728,0.0238752518092964,0.00848708487084871,0,0.0835184362505553,0.00411877394636015,0.0529759392148586,0.0942888930094567,0.0631712832108536,0.0187759083150451,0,0.0330990935940523,0.0228610675039246,0.0786421499292786,0.0124050632911392,0.0600793906233237,0.0180653130548908,0.0420951156812339,0.0160408954697691,0,0.00741477529613889,0.0125924621345544,0.000683526999316473,0.0118824265165729,0.0285691922354415,0,0.0134456794550018,0.0156157925751326,0.000148577371666295,0.0202410092261344,0.0185601799775028,0.0735001986491855,0.0684571890145396,0.0812533191715348,0.0354568315171836,0.108888160052476,0.043816841449486,0.0141572433443148,0.00722628350558777,0.0186059743954481,0.0161980161980162,0,0.013936598292276,0.0209511568123393,0.0371685801602379,0.00377032440499568,0.0240884186661629,0.0329320113314448,0.0357854533377615,0.00599256618372146,0.0360210341805434,0.00157401445231452,0.0631718940485426,0.0827168105219893,0.0165283342873497,0.0914605692953803
"k__Bacteria;p__Bacteroidetes;c__Bacteroidia;o__Bacteroidales;f__Bacteroidaceae;g__Bacteroides;s__",0.0162028883409651,0.00242889101949505,0.0220605491668622,0.0371732665518861,0.0958904109589041,0,0.0337514020597532,0.022897609914429,0.0282622305697165,0.0521704099103636,0,0,0.00968163977322285,0.0261483550589696,0.0140607788505151,0.0068557717028023,0.0160281040728949,0,0.00540540540540541,0.0142381444482719,0.0463167181296868,0,0.0214347450302506,0,0.0268286509744369,0.00757920266787934,0,0.0191399662731872,0.0139402341343192,0.0131061598951507,0.044525993883792,0.0371408549404345,0,0,0.0615938406159384,0.0243535778713169,0.0393748577497914,0,0.0692085869913489,0.00189513581806696,0,0.0189293598233996,0.0265303903446776,0,0.0438553022794846,0.0507862095907803,0,0.0649651972157773,0.0138796110739999,0,0.00856973995271868,0,0.0197693574958814,0.0651641352278295,0.121212121212121,0.0317443904456623,0.0252425440172476,0.0332449520701611,0.0340642963593783,0.0318814548720251,0.0617789356159285,0.016968424735415,0.0414547028899232,0.139472010178117,0.0130476108182839,0,0.00879747603446184,0.0187613019891501,0.00135027799841144,0.0315531602155806,0,0.00889469428375941,0.0884318092493122,0,0.0309974747474747,0,0.00456116102280581,0.011564575095128,0.0918819188191882,0.00139979307406731,0.128165259884496,0.00996168582375479,0.0623680878007598,0.0103838308918969,0.0517241379310345,0.0196293586930017,0.00915446071904128,0.0284142988084326,0.00333594976452119,0.0578500707213579,0.0462025316455696,0.0429138504452312,0.00741141048405775,0.0451478149100257,0.0446853516657853,0.0482723577235772,0.0505470657383127,0.00255371609721733,0.120164046479836,0,0,0.0566175397636072,0.351201147364647,0.0562757807896288,0.0115147463041379,0.042835624176238,0.00152659488992447,0.0619785458879619,0.036046042003231,0.0519118428040361,0.0435875943000838,0.0277686673226194,0,0.00151366752737957,0.0331064616418788,0.0286201991465149,0,0,0.0241436843654922,0.00732647814910026,0.0169323531841084,0.00180661377739376,0.0467598715284338,0.0165545325779037,0.0105446695450017,0.0109231586133657,0.0142857142857143,0.0102310939400444,0.0364623739332816,0.0312371557747637,0.0211076130509445,0.0433971068595427
"k__Bacteria;p__Firmicutes;c__Erysipelotrichi;o__Erysipelotrichales;f__Erysipelotrichaceae;g__[Eubacterium];s__dolichum",0,0,0,0,0,0.000425376762275158,0,0,0,0,0,0,0,0,0.00369338430635651,0,0,0,0,0,0,0.0287133322986187,0,0,0,0,0,0,0,0.00131061598951507,0.00171253822629969,0,0,0,0,0,0.000303467111751764,0,0,0,0,0,0,0.000357973867907643,0.00173439048562934,0,0,0,0,0,0,0,0,0,0,0.00175783269568814,0,0,0,0,0.000992432700657487,0,0,0.00159033078880407,0,0,0.000606722485135299,0,0,0,0,0.00205262175779063,0.0166382811476484,0,0.000441919191919192,0,0,0.00119376259046482,0,0,0,0,0,0,0,0,0,0,0,0.00127298444130127,0,0,0,0,0.00096950467124978,0.0100900116144019,0.00542544533863821,0,0,0,0.00109580463368817,0,0.00340623879526712,0,0.000222866057499443,0,0,0,0,0,0,0,0,0,0,0.00278805120910384,0,0,0.00225733634311512,0,0,0,0,0,0,0,0,0.000286184445875367,0,0,0,0
"k__Bacteria;p__Firmicutes;c__Clostridia;o__Clostridiales;f__[Mogibacteriaceae];g__;s__",0,0.00108660914030042,0.00117343346632246,0.017217091876663,0,0.000486144871171609,0.00152951973080453,0.0078489229861316,0,0.00271930708026992,0,0,0.000959441779328391,0.00178460583488516,0,0,0.000988033812712702,0,0,0.00218165116546102,0,0.000465621604842465,0.0013828867761452,0,0.00278410528980005,0,0,0.00489038785834739,0.000308071472581639,0,0,0,0.000683760683760684,0,0,0,0,0,0,0,0,0,0,0.000626454268838375,0.00222993062438057,0,0,0,0.000593780152898389,0,0,0,0,0.000367466927976482,0.0020755500207555,0,0,0.00907607587191515,0,0.00323304894476875,0,0.00166185603078807,0,0,0.000345632074656528,0,0.00212352869797355,0,0,0.0041156295933366,0,0,0,0,0,0,0,0,0,0,0,0,0,0,0.000282645562464669,0,0,0,0,0,0.00962025316455696,0.00311125415727926,0.00162124604338763,0,0.00237969328397673,0.000435540069686411,0,0.000352236703064459,0,0,0.000626174076393237,0,0,0,0.00230294926082758,0,0.00128555359151535,0.00208581644815256,0.0024232633279483,0.0041157727031333,0,0,0,0,0,0,0,0,0,0,0,0,0,0,0.000249086682165394,0,0.00175284837861525,0,0,0.00030826140567201,0,0.00217763260227096
"k__Bacteria;p__Firmicutes;c__Erysipelotrichi;o__Erysipelotrichales;f__Erysipelotrichaceae;g__Clostridium;s__ramosum",0,0.000319590923617769,0,0,0,0,0,0,0,0,0,0,0,0,0.00855310049893086,0,0.000878252277966846,0,0,0.00574118727752899,0,0.0145894769517306,0,0,0.00109676875052729,0,0,0,0,0,0.0139449541284404,0,0,0,0,0,0.000531067445565587,0,0,0,0,0.00033112582781457,0,0,0.00165180046250413,0,0,0,0,0,0,0,0,0,0,0,0.0128458498023715,0.000917805425249847,0,0,0.015382706860191,0.00682235633691944,0.0089836562398528,0.0260814249363868,0,0,0,0,0,0,0,0.00709087516327673,0,0,0.00378787878787879,0,0.000691085003455425,0,0,0.00334733126407401,0,0.0251915708812261,0,0,0,0,0,0,0,0,0,0,0,0,0.00317292437863564,0.00965447154471545,0.00488290080477439,0,0,0.0422764227642276,0.00305259862241703,0.0195534802276375,0.02491932592327,0.0122274602239246,0,0,0,0,0,0.0229686670207116,0.00938809723386421,0,0.000726819644896688,0.00382868845160716,0,0.0035846372688478,0,0,0,0,0.00999421822086396,0.00699080983426282,0,0,0,0,0,0.000143092222937683,0,0.0123304562268804,0,0.0220874163944626
"k__Bacteria;p__Firmicutes;c__Clostridia;o__Clostridiales;f__Ruminococcaceae;g__Faecalibacterium;s__prausnitzii",0,0.00466602748481943,0.0636000938746773,0.0251213022382219,0.0953049994145885,0.0388308215848323,0.0447639441215458,0.00956034228385955,0.0261157320454342,0.0561990129922449,0.00915085452832728,0,0.0242477104230266,0.0289416511483551,0.0143199637141191,0.0186819778901363,0.0150400702601822,0,0,0.00930072338959697,0.108072342302603,0.0164519633711004,0.0687986171132239,0.0642083548220732,0.0944908461992744,0.0656358951038351,0.0764830244994404,0.0579258010118044,0.038354898336414,0.0215159458278724,0.0491743119266055,0.0445490039042947,0.0614529914529915,0.0716679360243717,0.0500949905009499,0.0278111846061335,0.057886351566649,0.207078711040676,0,0,0.022633201232937,0.00474613686534216,0.0698053713167337,0.0577232862001074,0.0100759828212752,0.0614317804473093,0.00425807646024253,0.0719257540603248,0,0,0,0.035645328976682,0.0384903399730418,0.0466682998530132,0,0.176403681108469,0,0.0381399143381603,0.0883542686821375,0.112977099236641,0,0,0,0,0.0207379244793917,0.017010418881565,0.00758403106419124,0.0431735985533454,0.0772041302621128,0.0504654581087702,0.0399274047186933,0.00547365802077502,0,0,0.0130681818181818,0.0035894806241301,0,0.015966574647467,0.0137761377613776,0,0.0248778320746335,0.0064176245210728,0.0389404812157028,0.18060448729835,0.0691068400226117,0.0363326018044379,0.103362183754993,0.0594765251043895,0.0873233908948195,0.0646393210749646,0.0330379746835443,0.0497800665164682,0.0474793484134949,0,0.0150713907985193,0.017349012775842,0,0.00818950334624868,0,0.00687929956222639,0.0998747651847214,0,0,0.300972304065999,0,0.0262662398794954,0.0211312871605335,0.150178784266984,0.0790589660743134,0,0.0411567476948868,0.149666557341205,0.0359256567334649,0.0470127326150832,0.00554575245777666,0.0192318634423898,0.0115570115570116,0.00999555752998667,0.105505937776033,0.020694087403599,0.0207318080449327,0.0129604901421727,0.0485546948800302,0.0981763456090652,0.149202922617071,0.0232875673215505,0.190972830850131,0.0269728840237533,0.0306993239499058,0.137176325524044,0.0090870062965083,0
"k__Bacteria;p__Firmicutes;c__Clostridia;o__Clostridiales;__;__;__",0.0140894681225784,0.0453179929689997,0.0203003989673785,0.0294255752073877,0.0204894040510479,0.0165289256198347,0.0252880595493015,0.00584243139569194,0.00822824434308201,0.0259844898781348,0.0473691293231059,0.0288861689106487,0.00279110335804623,0.0186219739292365,0.0220307134063371,0.0144828177221699,0.0360083433966407,0.00863740525295258,0.000352526439482961,0.0204386267080032,0.0146669607410675,0.0322830979357442,0.036819360414866,0,0.0258162490508732,0.0630589661967561,0.0109439124487004,0.0216694772344013,0.0114756623536661,0.00698995194408038,0.0260550458715596,0.0242266493142457,0.00923076923076923,0.00182787509520183,0.0041995800419958,0.00601322910402886,0.0260981716106517,0.057580559957739,0,0.17207833228048,0.0110964332892999,0.00640176600441501,0.022072414917908,0.0244317164846966,0.0768913115295672,0.0285184100009767,0.0036101083032491,0.0976411446249033,0.0230832034439249,0.00061576354679803,0.00687056737588653,0,0.0126553841545604,0.0102890739833415,0.065033900650339,0.0189225519594664,0.000179662234998203,0.0193758923108301,0.0361933148818395,0.00547822182308038,0.019352437662821,0.0143444415289075,0,0,0.0272185258792016,0.0693174569423772,0.00558184686324475,0.0239602169981917,0.0154090548054011,0.0145026947574718,0.00659957102788319,0.00186601977980967,0.0089086859688196,0,0.000946969696969697,0,0.000138217000691085,0.00350667760949041,0,0.000486884547501674,0,0.00986590038314176,0.0254326720135078,0.0675876135731504,0.00890333521763708,0.0193855157278713,0.0432756324900133,0.0225073836439556,0.00372841444270016,0.0284299858557284,0,0.0152344169080571,0.00131243727321856,0.0163881748071979,0.0173629472942006,0.00290360046457607,0.0222443258884167,0.01382529059528,0.00382775119617225,0.015509693558474,0.0203506574827802,0.0112359550561798,0.0120114736464683,0.0291691219799646,0.000668598172498329,0,0.0111682468262896,0.0109257052046087,0.0166599353796446,0.0079660116834838,0.00226320201173512,0,0,0.0236844448401745,0.024955886059995,0.00660028449502134,0.0237510237510237,0.00344291426032874,0.00853862008047895,0.0197943444730077,0.0117287519616751,0.00620532558322206,0.00321178915548838,0.0123052407932011,0.0103786117568914,0,0.0109553023663453,0,0,0.0051376900945335,0.00450772753291357,0.00513299113392441
"k__Bacteria;p__Firmicutes;c__Bacilli;o__Lactobacillales;f__Leuconostocaceae;g__Weissella;__",0,0,0.0109129312367989,0.00266082329002974,0,0.000850753524550316,0,0,0,0,0.0109002825999193,0,0.00601831661578718,0,0,0,0.00131737841695027,0,0.009048178613396,0,0.00143361270401412,0,0,0,0,0,0,0.000590219224283305,0,0,0,0,0,0,0,0,0,0,0,0,0,0,0,0,0,0,0,0,0,0,0,0,0,0,0,0,0,0.00183561085049969,0.0152224824355972,0.00574764256847777,0,0.00944633954342692,0,0.0362595419847328,0.000777672167977188,0,0,0,0,0,0.0230984985975912,0,0.0022271714922049,0.00069023320021693,0,0.0008058017727639,0,0,0,0.00699896537033656,0.0410928476232785,0,0,0.0205822362321528,0.00155455059355568,0,0,0,0,0.00311173974540311,0,0,0,0,0,0,0,0.000440295878830574,0,0,0.00140889167188478,0,0.00107565435640014,0,0,0,0,0,0,0,0,0,0,0,0,0.00591749644381223,0,0,0,0,0,0.00109967795145707,0,0.00141643059490085,0.00215875124543341,0.00113782902222559,0,0.00107319167203263,0,0,0,0
"k__Bacteria;p__Firmicutes;c__Clostridia;o__Clostridiales;f__Lachnospiraceae;g__[Ruminococcus];s__gnavus",0.0253610426206411,0.0125918823905401,0,0.0092346220065738,0,0,0,0.0028917084685748,0,0,0,0,0.00968163977322285,0,0.0461349057215059,0.00582740594738195,0.00845317817543089,0,0.00928319623971798,0.0160753243770812,0.0245919717688575,0.075120285581251,0.00475367329299914,0,0,0,0,0.00902192242833052,0.02349044978435,0.0158366098733071,0.0732721712538226,0.015817399139053,0,0.00472201066260472,0,0,0.0258705712768379,0,0.0773256434903343,0.0137713202779533,0.0090708938793483,0.00358719646799117,0.00424051321082962,0.010023268301414,0.0103237528906508,0.0122082234593222,0.00592428029251134,0.0200116009280742,0.0543308839902026,0.176724137931034,0.0592494089834515,0,0.00471768758424442,0,0.0547945205479452,0.0131320442560232,0.0958498023715415,0.0137670813787477,0,0,0.143778687507753,0.0229161200034986,0.0597467258361295,0.109891857506361,0.0119243065756502,0,0.0046717631355418,0,0,0,0.0923939943903646,0.0126889345027057,0.0403511070352417,0,0.00688131313131313,0.0090835836202476,0.0279198341395992,0.0239498619712005,0.0178351783517835,0.0382204369788814,0.00799644602398934,0.0295977011494253,0.0251160827353314,0.0396810680511775,0.0161107970604862,0,0,0,0,0.00523338048090523,0,0,0.00424612058982475,0.00498071979434447,0.01216287678477,0.0204703832752613,0.0162763360159146,0,0.0307587149692413,0.0252657911194497,0.00790544771446462,0.363636363636364,0.0242022230190032,0.0428697701826753,0.00772602332664735,0,0,0.0107270560190703,0.00373586429725364,0.129049389272438,0.0321039396479464,0.024270252541817,0.0131865849859828,0.00792449470216365,0.106125535669271,0.00671408250355619,0.00691600691600692,0,0,0,0.00206492112001322,0.00761919723509544,0,0,0.00456658917303222,0.0176742774785709,0,0.0242541317879373,0.0209464701318852,0.0181874229346486,0.0158128219805381,0.108881630113548
"k__Bacteria;p__Firmicutes;c__Bacilli;o__Lactobacillales;f__Streptococcaceae;g__Streptococcus;s__",0,0.0162352189197827,0.0244074160995072,0.0113476287368915,0,0.0144020418084589,0.016212909146528,0.00401298318087932,0,0,0,0.00611995104039168,0.0120366332315744,0.0104748603351955,0.0142551674982181,0.00428485731425144,0.014491162586453,0.000616957518068042,0.0206815511163337,0.0118268457917097,0.0127922364358183,0.0153655129598013,0,0.00154718927282104,0.0141736269298912,0.0962558738820676,0,0.00801011804384486,0.00423598274799754,0.0128877238968982,0.0220183486238532,0.0153168485333867,0.0309401709401709,0.0287890327494288,0.0054994500549945,0.0589296452194829,0.00106213489113117,0.00193696073252333,0,0.0159191408717625,0.0019374724790841,0,0.0276177014243775,0.014050474315375,0.0482325735051206,0.00292997363023733,0.0306396371378321,0,0.0447561790247161,0,0.109042553191489,0.0640130699539581,0.00681443762168639,0.00379715825575698,0,0,0.00592885375494071,0.0148888435651642,0.0734511390249095,0.0209250112258644,0,0.0399720108457973,0.0240285745210521,0.129134860050891,0.0526224833664564,0.0222198596640442,0.0148040286373013,0.00734629294755877,0,0,0.162844415113018,0,0.055417267129569,0.00571907508751171,0.00422979797979798,0,0.000691085003455425,0,0.0015990159901599,0.0102854360659729,0.0104398045313194,0.00325670498084291,0.0039046010975095,0.011867235305025,0,0.00414533040721775,0,0.00794378246257256,0,0.028005657708628,0.0482278481012658,0.00364767728784465,0,0,0.0356072624713555,7.25900116144019e-05,0.00886156071977575,0.00193730186685453,0.00669856459330144,0.102313946216385,0.000156543519098309,0.0833211732088137,0,0,0.00705742515414902,0.0523441913010732,0.0184798328780331,0,0,0.0122145512480085,0.0412405699916178,0,0.00394559235801059,0.0233282877749087,0.00210066380976389,0.0126315789473684,0.0145600145600146,0.0249888938249667,0.036117381489842,0.0277634961439589,0.02031882382093,0.0162595239965439,0.0318344983941054,0.0124822946175637,0.00282298239787446,0.00629598725631495,0.00832602979842244,0,0.0156267316856921,0.0137690094533498,0.00436462507155123,0.0124436148701198
"k__Bacteria;p__Firmicutes;c__Clostridia;o__Clostridiales;f__;g__;s__",0,0.00294023649728348,0.0192443088476883,0.0350602598215683,0,0.0024914924647545,0,0.00448509884921806,0.00545568374921742,0,0.00565199838514332,0.00489596083231334,0.0113388573920628,0.0405803848541279,0,0.000514182877710172,0.00988033812712702,0.00185087255420412,0,0.000459294982202319,0.000441111601235112,0.00776036008070775,0.0375108038029386,0,0.0407491774234371,0,0,0,0.0016173752310536,0.00830056793359546,0.0134556574923547,0.00770847932725999,0.00521367521367521,0.00632140137090632,0.0001999800019998,0.00255562236921227,0.00561414156740763,0,0,0,0.0023778071334214,0.00187637969094923,0.0142437751440687,0.00554859495256846,0.00751569210439379,0,0,0,0.00267201068804275,0,0.000295508274231678,0,0,0.00538951494365507,0,0.00289525385172164,0.000718648939992814,0,0,8.98069151324652e-05,0.00496216350328743,0.000699728855068661,0.00162355233250352,0,0.00751749762377949,0,0.000667394733648829,0.0103978300180832,0.0370135027799841,0.0177364037236649,0,0.0033588356036574,0,0,6.31313131313131e-05,0,0,0,0.0004920049200492,0.000365163410626255,0,0,0,0,0.00423968343697004,0.000853450377956596,0.0414447403462051,0.0152765047357165,0.0107927786499215,0,0,0.0144834245252655,0.0149000231606578,0,0.00123391503613608,0.00537166085946574,0.00705307894022968,0.00114476928495949,0,0.000500312695434647,0.00140889167188478,0,0,0.0232763700648203,0.000594309486665181,0,0.000482082596818255,0.00973381009137863,0.000807754442649435,0.0039830058417419,0.00176026823134954,0,0,0.000178078532632891,0,0,0.000455000455000455,0,0.0101089410148199,0,0.00396464855042537,0,0,0.00168201133144476,0.0110428429093324,0,0.00289219982471516,0,0,0.00267159884915742,7.15512306811677e-05,0
"k__Bacteria;p__Actinobacteria;c__Coriobacteriia;o__Coriobacteriales;f__Coriobacteriaceae;g__Collinsella;s__",0,0,0,0,0,0,0,0,0,0,0,0,0.000959441779328391,0,0,0,0,0,0,0,0,0,0.000259291270527226,0,0.000168733653927276,0,0,0,0,0,0,0.0015016518169987,0,0,0,0,0,0,0,0,0,0,0,0,0,0,0,0,0,0,0,0,0,0.000367466927976482,0,0.000517009616378865,0,0,0,0,0,0,0,0,0,0,0,0,0,0,0,0,0,0,0,0,0,0,0,0,0,0,0,0,0,0,0,0,0.000392464678178964,0,0,0,0,0,0,0,0,0,0,0,0,0,0,0,0,0,0,0,0,0,0,0,0,0,0,0,0,0,0,0,0,0,0,0,0.00066423115244105,0,0,0,0,0,0,0
"k__Bacteria;p__Bacteroidetes;c__Bacteroidia;o__Bacteroidales;f__Porphyromonadaceae;g__Parabacteroides;s__distasonis",0.0029940119760479,0,0.000704060079793476,0.00759117232743778,0.0103032431799555,0.00127613028682547,0.00132558376669726,0.0135143110061965,0.00876486897415258,0.0213515963339712,0,0,0.00907108591365024,0.0121042830540037,0.007516361044515,0.00479904019196161,0.00647711055000549,0.00123391503613608,0.0027027027027027,0.00528189229532667,0.00727834142037936,0,0,0.0134089736977824,0.00295283894372733,0,0,0,0,0,0.00770642201834862,0.00991090199219141,0,0,0.0111988801119888,0,0.00402093923071087,0,0.00619459574922568,0,0,0.0065121412803532,0.0175057083831684,0.0218364059423662,0.00619425173439049,0.00302763941791191,0,0.0146945088940449,0,0,0.00199468085106383,0.00846576563196198,0.0181219110378913,0.0338069573738364,0,0,0.0138339920948617,0.00683255149908219,0,0.00431073192635833,0,0.00638502580250153,0.012014287260526,0.00159033078880407,0.012442754687635,0.00287050818626409,0,0,0,0.0182263596276335,0,0,0.00314424210664221,0,0,0,0,0,0,0,0.0315415370946246,0.017911877394636,0,0,0.00395703787450537,0.00402340892465252,0.00133155792276964,0.0139525409919544,0.0212912087912088,0.0121640735502122,0.0151898734177215,0.00450595429674928,0.0117347332664248,0,0,0.0117595818815331,0.0145582783253459,0,0,0,0,0,0.00322696306920043,0.0030936947554508,0.0546764727731966,0.0169459612125777,0,0.018176400476758,0.00413974151857835,0.00424853956452469,0.0141659681475272,0.00579424948070406,0,0,0,0.00859174964438122,0,0,0.0116792619491609,0.00205655526992288,0,0,0.0391082561874173,0.00265580736543909,0.00282298239787446,0.00879921110521126,0.00184049079754601,0.0051513200257566,0,0.0246609124537608,0,0
"k__Bacteria;p__Bacteroidetes;c__Bacteroidia;o__Bacteroidales;f__S24-7;g__;s__",0,0.0016618728028124,0,0.00187822820472687,0,0.00133689839572193,0,0.00153437592210091,0,0,0.00107657112097968,0,0.000261665939816834,0.000232774674115456,0,0,0.00307388297288396,0,0.00258519388954172,0.00390400734871972,0,0,0.000518582541054451,0,0,0,0,0,0,0.000436871996505024,0.000978593272171254,0,0.00111111111111111,0.000152322924600152,0,0,0.00075866777937941,0,0,0,0,0.000386313465783664,0,0.000715947735815286,0.00214734060125537,0,0,0.000193348801237432,0,0,0,0,0,0.000857422831945125,0,0,0.000628817822493712,0,0.00266127315307643,0.000269420745397396,0.00459000124054088,0,0.000324710466500704,0,0.00198738442927504,0.00318945354029343,0.00115277272175707,0,0.00420969023034154,0.00862322390984811,0,0,0,0,0,0,0,0,0,0,0,0,0,0,0,0,0,0.00356451777166718,0,0,0.000632911392405063,0,0,0,0,0.00123403019744483,0,0.000704473406128919,0.000546821599453178,0,0.000626174076393237,0,0,0,0.000594309486665181,0,0.000883818094166801,0.00258243941199841,0.000403877221324717,0.00079660116834838,0.00620284995808885,0,0,0,0.000336106209562222,0.000284495021337127,0.000364000364000364,0,0.000883305525566788,0.00347043701799486,0.00322127694722062,7.85484251040767e-05,0,0,0.000830288940551312,0,0,0.00114473778350147,0.000997450958661199,0.0010275380189067,0,0
"k__Bacteria;p__Actinobacteria;c__Actinobacteria;o__Bifidobacteriales;f__Bifidobacteriaceae;__;__",0,0,0,0,0.000117082308863131,0.000364608653378707,0.00020393596410727,0,0,0,0,0,0.000174443959877889,0,0.000647962159009914,0.00111406290170537,0,0,0,0,0,0,0,0,0.000168733653927276,0,0,0,0,0,0,0,0,0,0,0,0,0,0,0,0,0,0.000326193323909971,0,0,0.00039066315069831,0,0,0,0,0,0,0.000299535719634566,0.000489955903968643,0,0,0,0.000917805425249847,0,0.000269420745397396,0,0.00131199160325374,0,0,0.000604856130648924,0,0,0,0,0,0,0,0,0,0,0,0.00179682100898411,0,0,0.00079118738969022,0,0,0,0,0.000282645562464669,0.000731528895391368,0,0.000611060189428659,0.00137362637362637,0,0,0,0.00084922411796495,0,0.000528820729772607,0,0,0,0,0,0,0,0.000179275726066691,0,0,0,0.000562429696287964,0.000993245927691696,0,0,0,0,0.000415325511369536,0.00080135339684801,0,0.000739687055476529,0,0.000333185250999556,0.000588870350377858,0,0,0.0033775822794753,0,0.00123937677053824,0.00207572235137828,0.0546916483349769,0.000613496932515337,0.0484367174644058,0,0,0.000214653692043503,0
"k__Bacteria;p__Firmicutes;c__Clostridia;o__Clostridiales;f__Veillonellaceae;g__Phascolarctobacterium;s__",0.000880591757661148,0.00920421860019175,0.0529218493311429,0.00524338707152919,0,0,0.0205975323748343,0.00513425789318383,0,0,0.01695599515543,0,0,0.00403476101800124,0,0,0.0160281040728949,0,0.0235017626321974,0.0132047307383167,0,0,0.00406222990492653,0.107271789582259,0.00497764279085464,0.00682128240109141,0,0,0.0063154651879236,0,0.00807339449541284,0.0121133246571228,0,0,0.0063993600639936,0.00841852074564041,0.0163872240345952,0.0153195985208664,0.0834134358645733,0.0552116234996841,0.0149713782474681,0.00513245033112583,0.0148961617918887,0.00948630749955253,0.00586389164188966,0.0234397890418986,0,0.0095707656612529,0,0,0,0,0,0,0,0,0,0,0.0135192676176283,0.0314324202963628,0.0194764917504032,0.0319251290125077,0.00173178915467042,0,0.000691264149313056,0.00212630236019562,0,0.000791139240506329,0,0.0474277315041646,0,0.00217702307644461,0,0,0.000631313131313131,0.0010988205992235,0,0,0,0,0,0.0028735632183908,0,0,0.00819672131147541,0.0126798341867837,0,0,0,0,0,0,0.000231606577626805,0,0,0,0,0,0,0.00537836147592245,0.01111458985598,0,0,0,0,0.0167576727546601,0.00731158605174353,0.0294994040524434,0.0223142164781906,0.00212426978226235,0.00930427493713328,0.110090740133377,0.00145363928979338,0,0,0.00745376955903272,0,0,0,0.00038560411311054,0,0,0.0222935953145664,0.0130134560906516,0,0,0,0,0,0,0,0
"k__Bacteria;p__Firmicutes;c__Clostridia;o__Clostridiales;f__Ruminococcaceae;g__Gemmiger;s__formicilis",0,0.00147011824864174,0.0107955878901666,0.0225387384567225,0.051047886664325,0.011849781234808,0.035484857754665,0.0117438772499262,0.0140416778463465,0.0404874609729076,0,0,0.0180549498473615,0.0277777777777778,0,0,0.0127346580305193,0,0.00528789659224442,0.0040188310942703,0.00926334362593736,0,0.0261019878997407,0,0.0232852442419641,0.00818553888130969,0.0136798905608755,0.0548060708263069,0,0,0.0331498470948012,0.0597657423165482,0.0182051282051282,0.00266565118050267,0.0196980301969803,0.0324714371617559,0.0144146878082088,0.0447261841873569,0,0,0,0,0.0265303903446776,0.0422409164131018,0.0118929633300297,0.0474655728098447,0,0.0390564578499613,0,0,0,0.0203475419575226,0.00988467874794069,0.0096766291033807,0,0.0111674077137835,0,0.00285539465633286,0.0207579305939962,0.0385271665918276,0.000992432700657487,0,0,0,0.0214291886287047,0.0139272804592813,0.00813008130081301,0.0209086799276673,0.00357426528991263,0.00989710926016659,0,0,0,0,0,0,0,0,0,0,0,0,0.0195230054875475,0,0.0111644997173544,0.033162643257742,0.0143142476697736,0.0248497810367655,0.0207025117739403,0.0155586987270156,0,0.0238171869971033,0.010653902570833,0,0,0.00246806039488966,0,0,0,0,0,0,0,0,0,0.00781397100357748,0.00257110718303069,0.0121176003178387,0.0182754442649435,0,0.0142497904442582,0,0,0.00258213872317692,0,0.00716927453769559,0,0,0.00471096280302287,0.0143958868894602,0,0,0,0.00929532577903683,0.0282298239787446,0.0111507244178108,0.0214723926380368,0,0.0227197162806162,0.032367447595561,0,0.0146212474723907
"k__Bacteria;p__Proteobacteria;c__Betaproteobacteria;o__Neisseriales;f__Neisseriaceae;g__Neisseria;s__subflava",0,0,0,0,0,0,0,0,0,0,0,0,0,0,0,0,0,0,0,0,0,0,0,0,0,0,0,0,0,0,0,0,0,0,0,0,0,0,0,0,0,0,0,0,0,0,0,0,0,0,0,0,0,0,0,0,0,0,0,0,0,0,0,0,0,0,0,0,0,0,0,0,0,0,0,0,0,0,0,0,0,0,0,0,0,0,0,0,0,0,0,0,0,0,0,0,0,0,0,0,0,0,0,0,0,0,0,0,0,0,0,0,0,0,0,0,0,0,0,0,0,0,0,0,0,0,0,0,0,0.00071927661323469,0,0
"k__Bacteria;p__Proteobacteria;c__Gammaproteobacteria;o__Pasteurellales;f__Pasteurellaceae;__;__",0,0.000191754554170662,0,0,0,0,0,0,0,0,0,0,0,0,0,0,0,0,0,0,0.00319805910895457,0,0,0,0,0.000303168106715174,0,0.000252951096121417,0,0,0,0,0,0,0,0,0,0,0,0.0049273531269741,0,0,0,0,0,0,0,0.000580046403712297,0.00831292214057745,0,0.00694444444444444,0,0,0.000367466927976482,0,0,0,0,0,0,0,0,0,0,0.00129612027996198,0.000637890708058686,0,0,0,0,0,0,0,0,0.000189393939393939,0,0,0,0,0,0,0,0,0,0,0,0,0,0,0,0.00126582278481013,0,0,0,0.000705094306363476,0,0.000904240889773036,0,0,0.0111319574734209,0.0017219787100814,0,0,0,0,0,0.0106861642294713,0,0,0,0.00729253981559095,0,0,0,0,0,0,0,0,0,0,0,0,0,0,0,0.000262927256792287,0,0,0,0,0
"k__Bacteria;p__Firmicutes;c__Erysipelotrichi;o__Erysipelotrichales;f__Erysipelotrichaceae;g__Catenibacterium;s__",0,0,0,0,0,0,0,0.000885216878135143,0,0,0,0,0,0,0,0,0,0,0,0,0,0,0.0866897147796024,0,0.0986248207204927,0.00257692890707898,0.00335779131948763,0,0.00338878619839803,0,0,0,0.00196581196581197,0,0,0,0,0,0.183381394852077,0.0644346178142767,0,0.00182119205298013,0,0.160372292822624,0,0,0,0,0,0,0,0.130699539581167,0,0,0,0,0,0,0,0,0,0,0,0,0,0,0,0.00192133815551537,0.0196981731532963,0.0230279274865262,0,0,0,0,0,0,0,0,0,0,0,0,0,0,0.0230356133408705,0.0377956595952207,0,0,0,0,0,0,0,0,0,0,0.00117551315670495,0,0,0.00362726704190119,0.0164370695053225,0,0,0.00235710076605775,0,0,0,0,0,0,0,0,0,0,0,0,0,0,0,0,0,0,0,0,0,0,0,0.00135937611790799,0,0.0010275380189067,0,0
"k__Bacteria;p__Firmicutes;c__Erysipelotrichi;o__Erysipelotrichales;f__Erysipelotrichaceae;g__;s__",0.0660443818245861,0.0771492489613295,0.0118516780098568,0.0147910471122241,0,0.0277102576567817,0.0201896604466198,0.0099144290351136,0,0.0276966461879343,0.0165522809850626,0.189228886168911,0.0145660706498038,0.0107852265673495,0.00103673945441586,0.0107121432856286,0.000329344604237567,0.0048475233562489,0,0.000688942473303479,0.0200705778561976,0.0017072792177557,0,0,0.00354340673247279,0.000757920266787934,0,0.0183811129848229,0.0271102895871842,0.0513324595893403,0.00501529051987768,0,0.0167521367521368,0.021020563594821,0.0162983701629837,0,0.0162354904787194,0.0508892410635675,0,0,0.0157639806252752,0.00358719646799117,0,0,0,0,0.00111080255484588,0.00319025522041763,0,0,0,0,0.0171484199490789,0.017515923566879,0,0.0190259538827422,0,0.0208035896389965,0.0324675324675325,0.0461607543780871,0,0,0,0.00127226463104326,0.00449321697053487,0,0.0152894066254095,0.0055379746835443,0.00230341540905481,0.0141107300342969,0,0,0,0,0,0,0.00027643400138217,0,0.0243542435424354,0.00693810480189885,0,0.00727969348659004,0.0301815111861545,0.196736510291118,0.00169587337478802,0.0247500609607413,0.00133155792276964,0.0125267338832875,0.0181514913657771,0.0209335219236209,0.0930379746835443,0.0133032936380217,0.00594456882575465,0,0.0130442446677243,0.00319396051103368,0.00352653947011484,0.00272983444874956,0,0,0.000156543519098309,0,0,0,0,0.0351157974016193,0.0061867266591676,0.0734008740564164,0.0190831987075929,0.00132766861391397,0.0330259849119866,0.0909587843008637,0,0.00240406019054403,0,0,0,0,0.0186475610952989,0.0543701799485861,0.0239530849921533,0.017437750373105,0.0460041564330248,0.019564447592068,0.00979740949850548,0.00128953955852234,0.00736196319018405,0,0,0.00400739827373613,0,0.0153989734017732
"k__Bacteria;p__Firmicutes;c__Erysipelotrichi;o__Erysipelotrichales;f__Erysipelotrichaceae;g__Clostridium;s__spiroforme",0,0,0,0,0,0.000607681088964511,0,0.000708173502508115,0,0,0,0,0,0,0,0,0,0,0,0,0,0.0100884681049201,0,0,0,0,0,0,0,0,0,0,0,0,0,0.000450992182802165,0,0,0,0,0,0,0,0,0,0,0,0,0,0,0,0,0.00703908941141231,0.000979911807937286,0,0,0,0,0,0,0,0,0.00248944690983873,0.00333969465648855,0,0,0,0,0,0,0,0.00161721714250171,0.00288222193108869,0,0,0,0,0.0085801686189659,0,0,0,0,0,0,0,0,0,0,0,0.00183875530410184,0,0,0,0,0,0,0,0.0118879887284255,0,0.0277673545966229,0.00814026299311208,0,0,0,0,0,0,0,0,0,0,0,0,0,0,0,0,0,0,0,0.0034690674816222,0,0,0,0,0,0,0,0,0,0,0
"k__Bacteria;p__Actinobacteria;c__Coriobacteriia;o__Coriobacteriales;f__Coriobacteriaceae;g__;s__",0,0,0,0,0,0.00224842002916869,0.0020393596410727,0.00171141929772794,0.00554512118772918,0,0.013457139012246,0,0,0.00139664804469274,0,0,0,0,0,0,0,0.00248331522582648,0.00838375108038029,0.0128932439401753,0.00666497933012739,0,0,0.018043844856661,0,0.0072083879423329,0,0,0,0.000685453160700685,0,0,0,0,0,0,0,0,0,0.000536960801861464,0,0,0,0.00377030162412993,0,0,0,0.0490123273429378,0,0.00195982361587457,0,0,0,0.00254945951458291,0,0.0152671755725191,0,0,0,0,0,0,0.00024268899405412,0.00384267631103074,0,0.0075453209211171,0,0,0,0,0,0,0,0,0,0,0,0,0,0,0,0.00438917337234821,0,0,0,0,0,0.0136251475163609,0.0101906894155794,0,0,0.00370209059233449,0.00406908400397866,0,0,0,0,0,0,0,0,0,0,0,0,0,0.000754400670578374,0,0,0.00471908111477161,0,0.00324324324324324,0,0,0.00264991657670036,0,0,0,0,0,0.0136997675190966,0.00637184252446332,0.00683610867659947,0.00164556056378336,0,0,0.000429307384087006,0
"k__Bacteria;p__Bacteroidetes;c__Bacteroidia;o__Bacteroidales;__;__;__",0,0,0,0.000626076068242291,0,0,0,0,0,0,0,0,0,0.000232774674115456,0,0,0,0,0,0,0,0,8.64304235090752e-05,0,0.000168733653927276,0,0,0,0,0,0,0,0,0,0,0,0,0,0,0,0,0,0,0.000626454268838375,0,0,0,0,0,0,0,0,0,0,0,0,0,0.000305935141749949,0,0.00017961383026493,0,0,0,0,0,0,6.06722485135299e-05,0,0,0.000195982361587457,0,0,0.00170313114109786,0,0,0,0,0,0,0,0,0,0,0,0.000282645562464669,0,0,0,0.00137362637362637,0,0,0,0,0,0,0,0,0,0,0,0,0,0,0,0,0,0,0,0,0,0,0,0,0,0,0,0,0,0,0,0.000247790534401586,0,0,0,0.000415144470275656,0.000455131608890237,0,0,0,0,0,0.000311090371752994
"k__Bacteria;p__Bacteroidetes;c__Bacteroidia;o__Bacteroidales;f__Prevotellaceae;g__Prevotella;__",0,0,0,0,0,0,0,0,0,0,0,0,0,0,0,0,0.000988033812712702,0,0,0.0011482374555058,0,0,0,0,0.000421834134818189,0,0,0,0,0,0,0,0,0,0,0.00090198436560433,0,0,0,0,0,0,0,0,0,0,0,0,0,0,0,0,0,0,0,0,0,0,0,0,0,0,0,0,8.6408018664132e-05,0.000212630236019562,0,0,0,0,0,0,0,0,0,0,0,0,0,0,0,0,0,0,0,0,0,0,0,0,0,0,0,0,0,0,0,0,0,0,0,0,0,0,0,0,0,0,0,0,0.000335289186923722,0,0,0,0,0,0,0,0,0,0,0,0,0,0,0,0,0,0,0,0,0
"k__Bacteria;p__Proteobacteria;c__Gammaproteobacteria;o__Enterobacteriales;f__Enterobacteriaceae;__;__",0.553011623811201,0.534547778843081,0.0391926777751701,0.0264517138832368,0.0254068610232994,0.0168935342732134,0.0124400938105435,0.0375922100914724,0.0102853054288525,0.0934635914996475,0.0251648499529,0.0917992656058751,0.0247710423026603,0.0320453134698945,0.0381649711656839,0.0257948410317936,0.0978153474585575,0.157852987837123,0.313983548766157,0.0835916867608221,0.300397000441112,0.218686947074344,0.0472774416594641,0.0404847859721506,0,0.0998938911626497,0.0618082328068648,0.193507588532884,0.0482131854590265,0.0766710353866317,0.0599388379204893,0.0571628791670838,0.152820512820513,0.553541507996954,0.171382861713829,0.0395369813589898,0.0486306046582202,0.0572283852790984,0.233151767595856,0.070499052432091,0.789784236019375,0.789679911699779,0.0468631075350658,0.220243422230177,0.242897258011232,0.125988866100205,0.800240673886883,0.0822699149265275,0.595784160914421,0.822660098522167,0.615026595744681,0,0.0472517597723529,0.0391964723174914,0.112771551127716,0.0709337193671802,0.520212001437298,0.0793391800938201,0.0476900149031297,0.0921418949259093,0.204068974072696,0.0362109682498032,0.0368005195367464,0.043734096692112,0.0455370258359976,0.0183925154156921,0.617036767382599,0.547355334538879,0.0968228752978554,0.0532092111709946,0.372215805972612,0.072401567456615,0.185248264116337,0.21362717546714,0.763825757575758,0.303201230679071,0.0404975812024879,0.660523763336566,0.600246002460025,0.601424137301442,0.0648600621945802,0.0256704980842912,0.274377374419586,0.0445021323938439,0.214669304691916,0.381980004876859,0.0244673768308921,0.0954272329157755,0.00686813186813187,0.031966053748232,0.0370886075949367,0.00622250831455852,0.0154404385084536,0.0147814910025707,0.0404547858276044,0.142203832752613,0.34876571118546,0.0381296231067277,0.0460697197539303,0.0557848655409631,0.0243425172197871,0.0580767547059682,0.0806740767300108,0.0450795521508544,0.0203550999182824,0.0245716437582376,0.0154266430981842,0.00506555423122765,0.0249394184168013,0.0371747211895911,0.0666387259010897,0,0.0267884954833351,0.0102395156263912,0.197378371565415,0.0417638691322902,0.047957047957048,0.729564637938694,0.0349396407890863,0.032133676092545,0.0351862558850252,0.00644097085853429,0.0322123559418099,0.021600566572238,0.0928263035536367,0.0617461882727755,0.0906222611744084,0.0802031909565715,0.0339133325944808,0.0342170160295931,0.02389811104751,0.0329755794058174
"k__Bacteria;p__Actinobacteria;c__Actinobacteria;o__Actinomycetales;f__Actinomycetaceae;g__Actinomyces;s__",0,0.0176414189837009,0,0.0028956018156206,0,0.00589450656295576,0.0092790863668808,0.00548834464443789,0,0,0.0138608531826134,0.0119951040391677,0.00444832097688618,0.0118715083798883,0.00239745998833668,0.00771274316565258,0.00208584916017126,0.00246783007227217,0.00352526439482961,0.0111379033184062,0.0035288928098809,0.0172279993791712,0.00449438202247191,0,0.00480890913692736,0.0181900864029104,0.00410396716826265,0.0101180438448567,0.00670055452865065,0,0.00770642201834862,0.000500550605666233,0,0,0.0036996300369963,0.0103728202044498,0.00485547378802822,0.0193696073252333,0,0,0,0,0.00935087528541916,0,0.0116451932606541,0,0,0.000290023201856148,0.0152156164180212,0,0.0037677304964539,0.0144066537947423,0.00733862513104688,0,0.0091324200913242,0,0.022098454904779,0.0117275137670814,0.00958058335107516,0.00395150426582847,0.0135218955464583,0.0334120528295286,0.008767182595519,0.00715648854961832,0.0225524928713385,0.000637890708058686,0.0058852081058124,0,0.00381254964257347,0.00176384125428711,0.0179838310509817,0.0027990296697145,0.0451984802829818,0.00285953754375585,0.00189393939393939,0.003662735330745,0,0,0,0.0188059156472521,0,0.0294061302681992,0.00168847615027438,0.017337289078435,0,0.000243842965130456,0,0.00875852938181077,0.00245290423861852,0.016973125884017,0.0555696202531646,0.00321853878339234,0.00231606577626805,0,0.0245020271461308,0.000653310104529617,0.0119359797450041,0.01224022543149,0,0.0123827392120075,0.00727927363807138,0.0107981905734715,0,0,0.0301612064482579,0.0254189418188665,0.0136590069098506,0.00605880015891935,0,0.0156664896441848,0.0150880134115675,0,0.0112137888069775,0.023773484106491,0.0039492479623561,0.00364153627311522,0.0258440258440258,0,0.0170772401609579,0.00526992287917738,0.00941604030726026,0.00824758463592805,0,0.00655099150141643,0,0.00637184252446332,0,0.00844244115332332,0.00775795190069822,0.00452116728318948,0.00236119061247853,0.0398195675843833
"k__Bacteria;p__Actinobacteria;c__Actinobacteria;o__Actinomycetales;f__Micrococcaceae;g__Rothia;s__mucilaginosa",0,0,0.00316827035907064,0,0,0.00358531842489062,0.00938105434893443,0.008262024195928,0,0,0,0.00954712362301102,0,0,0,0,0,0,0,0,0.00143361270401412,0.00450100884681049,0.00216076058772688,0,0,0.0300136425648022,0.0026116154707126,0,0.00246457178065311,0,0.000244648318042813,0.00670737811592752,0.00974358974358974,0,0.0036996300369963,0.0202946482260974,0.00197253622638647,0,0,0.0205938092229943,0,0,0.011308035228879,0.00313227134419187,0.0037991410637595,0,0.0017587707118393,0,0.00482446374229941,0,0,0,0.0057660626029654,0.00183733463988241,0,0.00144762692586082,0.0111390585698886,0.0155007138486641,0.00542899723227592,0.00835204310731926,0,0.00725968687133736,0,0.0192430025445293,0.00933206601572626,0.0017010418881565,0.00600655260283946,0.0025994575045208,0,0,0,0,0.00943272631992663,0,0.00328282828282828,0,0,0,0,0,0.0237672145713016,0.00747126436781609,0,0.00880771370294827,0,0,0,0.00183318056828598,0,0.00438472418670439,0.0331645569620253,0,0,0,0,0.00137921022067364,0.00226060222443259,0.00387460373370905,0,0.0176360225140713,0,0.0283087698818036,0,0.0032410135533294,0.0135205408216329,0.0114855959329693,0.00257110718303069,0.00258243941199841,0,0.0039830058417419,0.00544844928751048,0,0.00332260409095629,0.00373964918529071,0.00184858415259222,0,0.0191100191100191,0,0.00863676513887526,0.00115681233933162,0.0069381349632444,0.00149242007697746,0,0,0.00215875124543341,0.00113782902222559,0,0.00121628389497031,0,0.0041101520756268,0.00271894676588437,0.00217763260227096
"k__Bacteria;p__Actinobacteria;c__Actinobacteria;o__Bifidobacteriales;f__Bifidobacteriaceae;g__Bifidobacterium;s__",0,0.00977948226270374,0.0226472659000235,0.0197996556581625,0,0.0140982012639767,0.0623024370347711,0.0523458247270581,0,0.0121865243226911,0,0,0,0.00892302917442582,0.0255945052808916,0.0112263261633388,0,0.00687466948704389,0.027144535840188,0,0.0383767093074548,0,0.0726015557476232,0,0.0904412385050198,0.0391086857662574,0.00820793433652531,0.0125632377740304,0.310459026494147,0.26430755788554,0.021039755351682,0.0919010912003203,0.0968376068376068,0.0211728865194212,0,0.00511124473842453,0.16910704802367,0,0,0.0130132659507265,0.00959929546455306,0,0.022724801565728,0,0.0625206475057813,0.050395546440082,0.0133296306581505,0,0.00786758702590366,0,0,0.0466359720778256,0.0771304478059009,0.0590396864282215,0.0322402103224021,0.104332540585255,0.0107797340998922,0.00489496226799918,0.0121354055780285,0.0217332734620566,0.09477732291279,0.394209743724307,0.0737092758956597,0,0.0189233560874449,0.0686795662343185,0.0113457104720301,0,0,0,0.0194687345322554,0.148970579088138,0,0.717349504511167,0.0342171717171717,0.555124166727712,0.00483759502418798,0.0796836529135268,0.0127921279212792,0.210273263952285,0.0490892936472679,0.517816091954023,0.00865344027015618,0.0381976636380493,0,0,0.0599201065246338,0.119869640492922,0.256181318681319,0.00933521923620934,0.0136708860759494,0.0475270893680936,0.00640778198100826,0,0.0490040542922616,0.129355400696864,0.0355366669680803,0.186245156745333,0.0686261107313739,0.0474046278924328,0.00829680651221039,0.0223259886181234,0.0525277877375403,0.0219505008839128,0.0101775499591412,0.286951609866315,0.419010123734533,0.00774731823599523,0.0165589660743134,0,0.0319362950544845,0.268175358040888,0.010279306406396,0.0118422224200873,0.392067893454332,0.617183499288762,0.0118300118300118,0.0623056419369169,0.0138384532338797,0.075706940874036,0.380936648220038,0.738826486528945,0.455885131305498,0.505754249291785,0.00788774493523746,0.407191079420466,0,0.421692780997353,0.0161808711071706,0,0.0240412135088724,0.00248872297402395
"k__Bacteria;p__Firmicutes;c__Clostridia;o__Clostridiales;f__Lachnospiraceae;g__Coprococcus;s__",0,0.0156599552572707,0.0159586951419854,0.00813898888714979,0.0211918979042267,0.00893291200777832,0.00530233506678903,0.00365889642962526,0.0141311152848582,0,0,0,0.01569995638901,0.00814711359404097,0.00803473077172293,0.0127688747964693,0,0,0.0105757931844888,0.00126306120105638,0,0.0105540897097625,0.00216076058772688,0,0.0127393908715093,0.00485068970744278,0,0.0051433389544688,0.0157116451016636,0.0227173438182612,0,0.0108118930823906,0.0107692307692308,0.0124143183549124,0.005999400059994,0,0.00880054624080115,0,0,0.0192040429564119,0,0.0010485651214128,0.00804610198977928,0,0.0162702345556657,0.0136732102744409,0,0.00860402165506574,0,0,0,0,0,0.0195982361587457,0,0.0061007134732706,0,0.00917805425249847,0.018522461145412,0.00871127076784912,0.0167473018235951,0.0213417300795942,0,0,0.0021602004666033,0,0.00740201431865065,0.0184222423146474,0.000238284352660842,0,0,0,0,0,0.00372474747474747,0,0.0360746371803732,0.00626725359994031,0,0,0.0493114171479343,0.0111111111111111,0.0225833685099198,0.0151121824587428,0.0142736009044658,0.0030480370641307,0.021138482023968,0.0179244322232407,0.00784929356357928,0.0438472418670438,0.039493670886076,0.0283231412938526,0.0175248977070949,0,0,0,0,0,0.000546821599453178,0,0.00696618659987477,0,0,0,0,0.012803615138392,0.0168728908886389,0.0283075089392133,0.0232229402261712,0.022437599575146,0.00393964794635373,0.0231769979228162,0.019208804900841,0.0239515626391239,0,0.00660028449502134,0.00127400127400127,0,0.0215919128471881,0.0116966580976864,0.00735111918724705,0.00298484015395491,0,0.0174398016997167,0.0141979408834274,0,0.0144609991235758,0,0.004987254793306,0.00174681463214139,0.00157412707498569,0.0205319645356976
"k__Bacteria;p__Firmicutes;c__Clostridia;o__Clostridiales;f__Ruminococcaceae;g__Ruminococcus;s__",0,0,0.0335601971368223,0.0230865550164345,0.0338367872614448,0.0113636363636364,0.0487406954216376,0.0244319858365299,0.00187818620874698,0.00765434585557458,0,0,0.0333187963366768,0.0288640595903166,0.00213827512473272,0.00137115434056046,0.00263475683390054,0.00141018861272695,0,0.000803766218854059,0.00430083811204235,0.0062082880645662,0.0159031979256698,0,0.013751792795073,0.00485068970744278,0.00932719810968785,0.0160202360876897,0,0,0.0101529051987768,0.0126138752627891,0.00504273504273504,0.00266565118050267,0.0008999100089991,0,0.00250360367195205,0,0.00544697212431913,0.00480101073910297,0.00290620871862616,0.00126931567328918,0.0204414482983582,0.00957580096652944,0.00313842087875785,0,0,0.0191415313225058,0.00423068358940102,0,0,0.0203475419575226,0.0166242324397184,0.0135962763351298,0,0.00165443077241237,0.000449155587495508,0.0383438710993269,0.0136257185437513,0.018140996856758,0.00483810941570525,0,0.00562831475267886,0.00254452926208651,0.00112330424263372,0.0017010418881565,0.00188083970391943,0.0315325497287523,0.00571882446386021,0.00656540911317981,0,0.00105741120855881,0,0,0,0,0.00469937802349689,0,0.0025830258302583,0,0.00444247001332741,0.00268199233716475,0.00358801181933305,0.00491377711848693,0.00240248728094969,0.00170690075591319,0.00499334221038615,0.00936958957123943,0.00343406593406593,0,0.000379746835443038,0.0461323892286235,0.0277155871226743,0.0044987146529563,0.000528820729772607,0.00450058072009292,0.00370738764806945,0.00167312433955618,0,0,0.0115842204132749,0.00262658689624982,0.0138042309071352,0.00220978196817914,0,0.00131801920542271,0.00144624779045476,0.00705204608661104,0.0151453957996769,0.016728624535316,0.00326906957250629,0,0.00124597653410861,0.00284925652212626,0.00285690278127888,0.00460881934566145,0.00291200291200291,0,0.0111885366571793,0,0.0113983645824729,0.00306338857905899,0,0.00902974504249292,0.0118731318498838,0.00144125009481909,0.00604732690622261,0.00228947556700293,0.0039898038346448,0.00524044389642417,0.0022180881511162,0.0217763260227096
"k__Bacteria;p__Firmicutes;c__Clostridia;o__Clostridiales;f__Lachnospiraceae;g__Blautia;s__",0.0114476928495949,0.0108021732182806,0.0256981929124619,0.0235561120676162,0.00878117316473481,0.0340301409820126,0.0468033037626185,0.0228385954558867,0.00232537340130579,0.0274952160338403,0,0.0149326805385557,0.00593109463584823,0.00806952203600248,0.0126352621006933,0.0125117833576142,0,0,0.0082256169212691,0.00332988862096682,0.0045213939126599,0.0580474934036939,0.0180639585133967,0,0.012823757698473,0,0,0.0192242833052277,0.00808687615526802,0.0271952817824377,0,0.0247271999199119,0.00324786324786325,0.013023610053313,0,0.0055622369212267,0.0264016387224035,0,0,0.0224889450410613,0.0197269925143109,0.00441501103752759,0.0044579754267696,0.012976552711652,0.0137099438387843,0.0343783572614513,0,0.0550077339520495,0.0184071847398501,0,0.0158096926713948,0.00564384375464132,0,0.0134737873591377,0,0.0174749250336056,0.0342256557671577,0.0329390169284112,0.0180966574409197,0.0199371351594073,0.0315097382458752,0.0236158488585673,0.0519536746401126,0.00429389312977099,0,0.00116946629810759,0,0.0196654611211573,0.0118347895154885,0.0225379715825576,0,0.00366983890029234,0.0188654526398533,0,0,0.0015383488389129,0,0.0026113556666418,0.0216482164821648,0.00547745115939383,0.0277654375832963,0.00517241379310345,0.0412621359223301,0.0430187279807157,0.0241661955907292,0,0.0302929427430093,0.023220287198289,0.0086342229199372,0.0362093352192362,0.0258227848101266,0.0168436862997532,0.0191461437504825,0.0332583547557841,0.0201833245196545,0.014808362369338,0.0437652590650149,0,0.0170881749829118,0,0.00610519724483406,0,0,0,0,0,0.0180780973806846,0.0331744139849027,0.0398828756058158,0.04182156133829,0.00569991617770327,0.0238329506942167,0.0260616758384384,0.0141572433443148,0.00831862868666499,0.0129160739687055,0.0277550277550278,0.002998667258996,0.0174698203945431,0.010025706940874,0.0213925828033369,0.00298484015395491,0.0121859059134706,0.00911827195467422,0.00564596479574892,0.00485473716149587,0.00543382997370727,0.00493668169135008,0.0130776903468913,0.0369913686806412,0.0142386949055524,0.0569295380307979
"k__Bacteria;p__Firmicutes;c__Clostridia;o__Clostridiales;f__Ruminococcaceae;__;__",0,0.0008309364014062,0.0346162872565126,0.0351385193300986,0.0193185809624166,0.00832523091881381,0.0160089731824207,0.0131602242549425,0.00617118325731151,0,0.0100928542591845,0,0.022067160924553,0.0272346368715084,0.00213827512473272,0.00394206872911132,0.00274453836864639,0.000616957518068042,0.000470035252643948,0.00137788494660696,0.00187472430524923,0.00325935123389725,0.0349178910976664,0,0.0273348519362187,0.00212217674700622,0.0164158686730506,0.00261382799325464,7.70178681454097e-05,0,0.00391437308868502,0.0174191610771849,0.0337606837606838,0.00403655750190404,0.0111988801119888,0.022699939867709,0.0280707078370382,0.0338087691494982,0,0,0.0095112285336856,0.00441501103752759,0.0271827769924976,0.0291748702344729,0.00569871159563925,0.0171891786307257,0.000370267518281959,0.0175947409126063,0.000593780152898389,0,0,0,0.0441066347161899,0.0302547770700637,0,0.00289525385172164,0.00979159180740208,0.0234550275341628,0.0226740472642112,0.0202065559048047,0,0,0.00497889381967745,0,0,0.0066978524346162,0.00224487319500061,0.0142405063291139,0.0294678316123908,0.0290053895149437,0,0.00192822043913665,0,0,0.000252525252525253,0,0,0,0,0,0.041981341625944,0.00028735632183908,0,0,0.00466365178066704,0.0259692757863936,0.00815579227696405,0.0415520928811488,0.0016679748822606,0.0107496463932108,0.00759493670886076,0.0146979937774917,0.0165212692040454,0,0.0048475233562489,0,0,0.00607608312786192,0.0180451127819549,0,0.0084533500313087,0,0.00215130871280029,0.0113435474366529,0.000668598172498329,0.00141216343438147,0.00642776795757673,0,0.0255452342487884,0.0184545937334041,0.0158424140821459,0,0,0.00151366752737957,0,0.00654338549075391,0.00263900263900264,0,0.00853862008047895,0.00269922879177378,0.0194102585281242,0.00887597203676066,0.000188928773852258,0.00194759206798867,0.0264862172035868,0.00250322384889631,0.0286590709903593,0.000572368891750733,0,0.00082203041512536,0,0.0217763260227096
"k__Bacteria;p__Actinobacteria;c__Coriobacteriia;o__Coriobacteriales;f__Coriobacteriaceae;g__Collinsella;__",0,0,0,0,0,0,0,0,0,0,0,0,0.000436109899694723,0,0,0,0,0,0,0,0,0,0,0,0.000253100480890914,0,0,0,0,0,0,0,0,0,0,0,0,0,0,0,0,0,0,0,0,0,0,0,0,0,0,0,0,0,0,0,0,0,0,0,0,0,0,0,0,0,0,0,0,0,0,0,0,0,0,0,0,0,0,0,0,0,0,0,0,0,0,0.000509216824523882,0,0,0,0,0,0,0,0,0,0,0,0,0,0,0,0,0,0,0,0,0,0,0.000502933780385583,0,0,0,0,0,0,0,0,0,0,0.000549838975728537,0,0.00230169971671388,0,0,0.000525854513584575,0,0,0,0,0
"k__Bacteria;p__Firmicutes;c__Clostridia;o__Clostridiales;f__Clostridiaceae;g__Clostridium;s__",0,0,0.00856606430415395,0.00931288151510408,0,0.0113028682547399,0.0333435301315387,0,0.00438243448707629,0.0127908147849733,0,0,0.0111644134321849,0.00574177529484792,0,0,0.00296410143813811,0.000264410364886304,0,0,0,0.0186248641936986,0.0127052722558341,0,0.00835231586940015,0,0.0447705509265017,0.00868465430016863,0.0157116451016636,0.0117955439056356,0,0.0187205926519171,0.00333333333333333,0.00624523990860625,0.0058994100589941,0,0.0135801532508914,0.0753653812290896,0,0,0.0157639806252752,0.00629139072847682,0.0169620528433185,0.0141399677823519,0.00611166171126528,0.0188494970211935,0,0.0218484145398299,0,0,0,0,0.0187209824771604,0.0132288094071534,0,0.0124082307930928,0,0.0175402814603304,0.0239514583776879,0.0252357431522227,0.000744324525493115,0,0.0577984630371252,0.0189249363867684,0.0147757711915666,0.00850520944078248,0.00254823443756826,0.016500904159132,0.00675138999205719,0.0175404213620774,0,0,0.00275121184331193,0,0.00176767676767677,0.0016116035455278,0,0.00179064388569723,0,0,0,0,0,0,0,0.00280419409900024,0,0.00305530094714329,0,0,0.00291139240506329,0.012337732003004,0.00254767235389485,0,0.00290851401374934,0,0,0.0017611835153223,0,0,0,0,0,0,0,0.000847298060628883,0,0.00834326579261025,0,0.0242963356346256,0.0088013411567477,0,0,0.00204790312527825,0,0,0,0,0.00166846599273727,0,0.0206492112001322,0.0100541984133218,0,0.00256728045325779,0.0150282298239787,0,0.00683610867659947,0,0.0164025268757619,0.0325729551993424,0.00307670291929021,0.0191320578628091
"k__Bacteria;p__Proteobacteria;c__Gammaproteobacteria;o__Pseudomonadales;f__Moraxellaceae;g__Psychrobacter;s__",0,0,0,0,0,0,0,0,0,0,0,0,0,0,0,0,0,0,0,0,0.000992501102779003,0,0,0,0,0,0,0,0,0,0,0,0,0,0,0,0,0,0,0,0,0,0,0,0,0,0,0,0,0,0,0,0,0,0,0,0,0,0,0,0,0,0,0,0,0,0.000728066982162359,0,0,0,0,0,0,0,0,0,0,0,0,0,0,0,0,0,0,0,0,0,0,0,0,0,0,0,0,0,0,0,0,0,0,0,0,0,0,0,0,0,0,0,0,0,0,0,0,0,0,0,0,0,0,0,0,0,0,0,0,0,0,0,0,0
"k__Bacteria;p__Firmicutes;c__Clostridia;o__Clostridiales;f__Ruminococcaceae;g__Oscillospira;s__",0.00563578724903135,0.00421860019175455,0.0585543299694907,0.0487556738143684,0.0214260625219529,0,0.0533292546140512,0.00283269401003246,0.0222699221894285,0.00433074831302246,0,0,0.0360226777147841,0.0415114835505897,0.00894187779433681,0.00111406290170537,0.00076847074322099,0.00185087255420412,0,0.00126306120105638,0.00617556241729157,0.00977805370169176,0.0318928262748487,0,0.0350122331899097,0.00136425648021828,0.0292252207436886,0.0134064080944351,0.00215650030807147,0.00786369593709043,0.010519877675841,0.0132145359895885,0.0184615384615385,0,0,0,0.0201805629314923,0,0,0,0,0.00380794701986755,0.0150048928998586,0.01100769643816,0,0.00712960250024416,0,0.00696055684454756,0.000222667557336896,0,0,0.0182682311005495,0.03197543807099,0.0339294463498285,0,0.0118912211767139,0.00458138699245419,0.0301856006526616,0.0169256972535661,0.00466995958688819,0.00707108299218459,0.00174932213767165,0.00800952484035069,0.00795165394402036,0.00138252829862611,0,0,0.00248643761301989,0.0301826846703733,0.0450759431651151,0.00923939943903646,0.00242582571375257,0,0,0.0023989898989899,0.0013185847190682,0.0229440221147201,0.00731179586659703,0,0.000426023979063964,0.0146601510439805,0.00335249042145594,0.0287040945546644,0,0.00650084793668739,0.0039014874420873,0.051930758988016,0.0367654547306243,0.0180533751962323,0.00933521923620934,0,0.0461323892286235,0.0190689415579402,0.0019280205655527,0.000616957518068042,0.00290360046457607,0,0.00325818950334625,0.00874914559125085,0,0.00814026299311208,0.00496133080402743,0,0.0315262227460224,0.0015600624024961,0.00329504801355677,0.00731158605174353,0.00834326579261025,0.0308966074313409,0.0108868826340945,0.00502933780385583,0,0,0,0.00117637173346778,0.0051778093883357,0.00236600236600237,0,0.036117381489842,0,0.0227967291649459,0,0.0191762705460042,0.00239022662889518,0.0151112587180339,0,0.00262927256792287,0.00135937611790799,0,0.00267159884915742,0.00236119061247853,0.00762171410794836
"k__Bacteria;p__Firmicutes;c__Clostridia;o__Clostridiales;f__Veillonellaceae;g__Dialister;s__",0,0.00159795461808885,0.000117343346632246,0.03005165127563,0,0.0340301409820126,0,0.00407199763942166,0.0151149271084876,0.0392788800483432,0,0,0.0365460095944178,0.180477963997517,0.0193092723384954,0.00788413745822264,0.00285431990339225,0.00449497620306716,0.0742655699177438,0.0220461591457113,0.0143361270401412,0.0243675306534223,0.00950734658599827,0,0.000843668269636379,0.0189480066696983,0.0335779131948763,0.00725126475548061,0.0452865064695009,0.00851900393184797,0.00599388379204893,0,0.0209401709401709,0.0105864432597106,0.0333966603339666,0.0444978953698136,0,0,0,0,0,0.00022075055187638,0.0607806893552245,0.0364238410596026,0.00528576148001321,0.0305693915421428,0,0.00125676720804331,0,0,0,0.0858458339521758,0.0429084918376516,0.0164135227829495,0,0.0480818943232344,0.00143729787998563,0.0613909851111564,0.00489674260166063,0.00161652447238437,0.00111648678823967,0.000524796641301496,0.0128801818378612,0.00143129770992366,0.268556122008122,0.0118009780990857,0.00188083970391943,0.00350361663652803,0.147498014297061,0.0103870651641352,0,0.0102631087889532,0,0,0.00877525252525252,0,0,0,0,0.000182581705313128,0.00199911150599733,0.00162835249042146,0.017728999577881,0,0.0172413793103448,0.00268227261643502,0.0767310252996005,0.072003258987677,0.0359105180533752,0.0123055162659123,0.000379746835443038,0.150734899688875,0.0274839805450475,0.00144601542416452,0.000705094306363476,0,0.00696265485125237,0.00105671010919338,0.00205058099794942,0.00175109443402126,0.00814026299311208,0,0,0,0,0.00254189418188665,0.00313353687931866,0.0189709972189114,0.00565428109854604,0.0205788635156665,0.0148365465213747,0,0.00976014951718409,0.00917104443059389,0,0.00978662873399716,0.0122850122850123,0.0165482007996446,0.0300323878692708,0.00912596401028278,0.0146196415296936,0.00243500117822638,0,0.000354107648725212,0.0293922284955164,0.000379276340741865,0.0358457493426819,0,0.216114374376593,0.119810933004521,0.000357756153405839,0.0191320578628091
"k__Bacteria;p__Actinobacteria;c__Coriobacteriia;o__Coriobacteriales;f__Coriobacteriaceae;g__Eggerthella;s__lenta",0,0,0,0.00328689935827203,0,0.000911521633446767,0,0,0,0,0,0,0,0.000387957790192427,0.00194388647702974,0,0.000548907673729279,0,0,0,0,0,0,0,0.000674934615709103,0.00197059269364863,0,0.00202360876897133,0,0,0.00709480122324159,0.0045049554509961,0,0,0,0,0,0,0,0,0.000880669308674593,0.000717439293598234,0,0,0,0,0,0,0,0,0,0,0.00157256252808147,0,0,0,0.0051203736974488,0,0,0,0.000744324525493115,0,0.0136378395930295,0.00413486005089058,0,0.000850520944078248,0,0,0,0,0.00280481768685035,0.00454064813087019,0,0,0,0,0.0117484450587422,0,0,0,0,0,0,0.00296680882625626,0,0,0,0,0.000784929356357928,0,0.00265822784810127,0,0,0,0,0.00123403019744483,0.000994664978750339,0,0.00136705399863295,0,0.00281778334376957,0.00175105793083321,0.00806740767300108,0,0,0,0,0.012316249503377,0.00706785137318255,0.00955921402018056,0.0134115674769489,0,0,0.00249309945686048,0,0,0.00391300391300391,0,0.00274806163509667,0,0.00305608325761956,0.00141387165187338,0,0,0,0.000303421072593492,0,0.000715461114688417,0,0,0,0.00995489189609582
"k__Bacteria;p__Firmicutes;c__Bacilli;o__Lactobacillales;f__Leuconostocaceae;g__Leuconostoc;s__",0,0,0,0,0,0,0,0,0,0,0,0,0,0.00155183116076971,0,0,0,0,0,0,0,0,0,0,0,0,0,0,0,0,0,0,0,0,0,0,0,0,0,0,0,0,0,0,0,0.0232444574665495,0,0,0,0,0,0,0,0,0,0,0,0.000509891902916582,0,0.000359227660529861,0,0,0,0,0,0,0.000788739230675889,0,0,0,0,0,0,0,0,0.0004395282396894,0,0,0,0,0,0,0,0,0,0,0,0.00509216824523882,0,0,0,0,0,0,0,0,0,0,0,0,0,0,0,0,0,0,0,0,0,0,0,0,0,0,0,0,0,0,0.00264991657670036,0,0,0,0,0,0,0,0,0,0.000775795190069822,0,0,0
"k__Bacteria;p__Tenericutes;c__Mollicutes;o__RF39;f__;g__;s__",0,0,0,0.00813898888714979,0,0,0,0,0,0,0,0,0,0.000387957790192427,0,0,0,0,0,0,0,0,0.00414866032843561,0,0.00565257740656374,0,0,0,0,0,0,0.00260286314946441,0.00145299145299145,0,0,0,0,0,0,0,0,0,0,0,0,0,0,0,0,0,0,0,0,0,0,0,0,0,0,0.00808262236192187,0,0,0,0,0,0,0,0,0,0,0,0,0,0,0,0,0,0,0,0,0,0,0,0,0,0,0,0,0,0,0,0,0,0,0,0,0,0,0,0,0,0,0,0,0,0,0,0,0,0,0,0,0,0,0,0,0,0,0,0,0,0,0,0,0.00141149119893723,0,0,0,0,0,0,0
"k__Bacteria;p__Firmicutes;c__Bacilli;o__Lactobacillales;f__Lactobacillaceae;g__Lactobacillus;__",0,0,0,0,0,0,0,0,0,0,0,0,0,0,0,0.00428485731425144,0,0.00132205182443152,0.00129259694477086,0,0,0,0.00276577355229041,0,0,0.00272851296043656,0,0,0.00385089340727049,0,0.0036697247706422,0.00110121133246571,0,0,0,0.00375826819001804,0.00402093923071087,0,0,0,0.00228974020255394,0,0.00380558877894966,0.00223733667442277,0.00222993062438057,0,0,0,0.00593780152898389,0,0,0,0.00247116968698517,0.00122488975992161,0,0,0,0.00142769732816643,0,0.00368208352043107,0,0,0,0.00413486005089058,0.00786312969843602,0.0204125026578779,0.00333697366824414,0,0.00230341540905481,0,0,0,0,0,0,0,0,0,0,0,0,0.00105363984674329,0,0,0,0,0,0,0.00196232339089482,0,0,0,0,0,0,0.000725900116144019,0,0.0117999295526594,0,0,0.000782717595491547,0.00233474390777762,0,0,0,0.00894370175108266,0.0123734533183352,0.011720301946762,0,0,0.00569991617770327,0,0.0025957844460596,0,0,0,0.0196560196560197,0.0101066192803199,0,0,0,0,0,0,0.00423447359681169,0.0185845406963514,0,0.0251126851255634,0.00631718940485426,0,0.187965082999428,0.0121325244983668
"k__Bacteria;p__Planctomycetes;c__Phycisphaerae;o__WD2101;f__;g__;s__",0,0,0,0,0,0,0,0,0,0,0,0,0,0,0,0,0,0,0,0.00022964749110116,0,0,0,0,0,0,0,0,0,0,0,0,0,0,0,0,0,0,0,0,0,0,0,0,0,0,0,0,0,0,0,0,0,0,0,0,0,0,0,0,0,0,0,0,0,0,0,0,0,0,0,0,0,0,0,0,0,0,0,0,0,0,0,0,0,0,0,0,0,0,0,0,0,0,0,0,0,0,0,0,0,0,0,0,0,0,0,0,0,0,0,0,0,0,0,0,0,0,0,0,0,0,0,0,0,0,0,0,0,0,0,0
"k__Bacteria;p__Firmicutes;c__Clostridia;o__Clostridiales;f__Lachnospiraceae;g__Anaerostipes;s__",0,0,0,0,0,0.0102698104035002,0.00611807892321811,0,0,0.00130929600161144,0,0,0,0.0147423960273122,0,0,0,0,0,0,0,0.00294893683066894,0.00328435609334486,0,0.0151016620264912,0,0.00596940679020022,0.0015177065767285,0,0.00393184796854522,0,0,0,0,0.0138986101389861,0.0102224894768491,0,0,0,0,0,0,0.00456670653473959,0.00205834974046895,0,0,0,0,0,0,0,0,0,0.00771680548750612,0,0,0.00844412504491556,0,0.00415158611879923,0.00242478670857656,0,0,0.0125554713713605,0,0.00146893631729024,0,0,0,0,0,0,0,0,0,0.00138888888888889,0,0,0,0,0,0,0,0.00812579147319544,0.0123307991841276,0,0.00963179712265301,0,0.00967511966595376,0.00912480376766091,0.00806223479490806,0,0.0136251475163609,0.00100362850304949,0,0,0,0,0,0,0,0.00469630557294928,0,0,0,0,0,0,0,0.00222132471728595,0,0,0,0,0,0,0.000682788051209104,0,0,0.00942192560604574,0,0,0.00157096850208153,0,0,0.00415144470275656,0,0.00394390885188431,0,0,0,0.00178878076702919,0
"k__Bacteria;p__Proteobacteria;c__Epsilonproteobacteria;o__Campylobacterales;f__Campylobacteraceae;g__Campylobacter;s__",0,0,0,0,0,0,0,0,0,0,0,0,0,0,0,0,0,0,0,0,0.000551389501543891,0,0,0,0,0,0,0,0,0,0,0,0,0,0,0,0,0,0,0,0,0,0,0,0,0,0,0,0.000371112595561493,0,0.000664893617021277,0,0,0,0,0,0,0,0,0,0,0,0,0,0,0,0,0,0.000317712470214456,0,0,0,0,0,0,0,0.00124395300621977,0,0,0.000182581705313128,0,0,0,0,0,0,0,0,0,0,0,0,0,0,0,0,0,0.00211342021838676,0,0.00075046904315197,0,0,0,0,0,0,0.000321388397878837,0,0,0,0,0,0,0,0,0,0.00691600691600692,0,0,0,0,0,0,0,0,0,0,0,0,0,0,0
"k__Bacteria;p__Firmicutes;c__Bacilli;o__Lactobacillales;f__Lactobacillaceae;g__Lactobacillus;s__",0,0.00786193672099712,0,0.00539990608858976,0,0.00279533300923675,0,0.00241959280023606,0,0.00251787692617585,0,0.00342717258261934,0.000610553859572612,0.00356921166977033,0.00427655024946543,0.0023995200959808,0.0128444395652651,0.0025559668605676,0.00611045828437133,0.00137788494660696,0.00374944861049846,0.00279372962905479,0.00812445980985307,0,0,0.00515385781415795,0.00435269245118766,0.0021079258010118,0.000847196549599507,0.0027304499781564,0,0.00530583642006207,0.00888888888888889,0.00952018278750952,0.0011998800119988,0.00360793746241732,0,0,0,0.000126342387871131,0.00660501981505945,0.00347682119205298,0.0144612373600087,0.00698049042419903,0.00586389164188966,0.00332063678093564,0.0103674905118948,0,0.005715133971647,0,0,0.0298529630179712,0.00426838400479257,0,0.0024906600249066,0.00827215386206183,0.00664750269493353,0.00897409749133184,0.00702576112412178,0.00682532555006736,0.00719513707976678,0.0116329922155165,0.00281415737633943,0.0101781170483461,0.0108010023330165,0.332341058898575,0.00400436840189297,0.0166139240506329,0,0.00627143557079863,0,0.00852149032779747,0.0149351500065505,0.00931814820292856,0.000505050505050505,0.0210241007984763,0.024326192121631,0.0147728120570022,0,0.000669466252814801,0.00199911150599733,0.00172413793103448,0,0,0.000423968343697004,0.00560838819800049,0,0.00641613198900092,0.00941915227629513,0.00594059405940594,0.00594936708860759,0,0.00262487454643712,0,0.0334919795522651,0.00696864111498258,0.00298399493625102,0.016907361747094,0.00150375939849624,0.0145090681676048,0.00125234815278647,0.00539909528673574,0.00519899605593403,0.00250441956393636,0.00572022880915237,0.0195819996234231,0.0096416519363651,0.0152959872864521,0,0.00982474774296336,0.013243922883487,0,0.00944865538365694,0.00151366752737957,0.00831862868666499,0.00153627311522048,0.323687323687324,0.0300977343402932,0.011090391598783,0.0129820051413882,0.00982902453126291,0.0111538763647789,0.00103910825618742,0.00956090651558074,0.00589505147791431,0,0,0.00693997281247764,0,0.00842581175503494,0.00407842014882656,0.000155545185876497
"k__Bacteria;p__Firmicutes;c__Bacilli;o__Lactobacillales;f__Lactobacillaceae;g__Lactobacillus;s__helveticus",0,0,0,0,0,0,0,0,0,0,0,0,0,0,0,0.00505613163081669,0,0,0,0,0,0.00186248641936986,0.00302506482281763,0,0,0,0.00211416490486258,0,0,0,0.00452599388379205,0,0,0,0,0,0.00371747211895911,0,0,0.00745420088439671,0,0,0,0,0,0,0,0,0,0,0,0,0,0,0,0.00258504808189432,0,0,0,0,0.00297729810197246,0,0,0,0.00907284195973386,0.00903678503083138,0.00703798082756947,0,0,0,0.0141890777099489,0,0,0.00152837351476606,0,0.0027836788513662,0.00317899101589495,0.00731179586659703,0,0,0,0,0,0,0,0,0,0,0.00186420722135008,0,0,0,0,0,0.00132205182443152,0,0,0,0,0,0,0,0,0,0,0.0034833364714743,0.0102844287321228,0,0,0,0,0,0,0,0,0,0,0,0,0,0,0,0,0,0.00797077382929259,0.0877645452476675,0.00806310254163015,0.0960148815911855,0.00953119804942924,0.00184956843403206,0.354321694333143,0
"k__Bacteria;p__Firmicutes;c__Bacilli;o__Lactobacillales;f__Carnobacteriaceae;g__Granulicatella;s__",0.00510743219443466,0.00377117289868968,0.00258155362590941,0.000547816559712005,0,0,0,0,0,0,0,0,0,0.00155183116076971,0,0,0.000658689208475134,0,0,0.00378918360316914,0,0,0,0,0,0.00697286645444899,0.00310906603656262,0.00354131534569983,0.00800985828712261,0.00120139799038882,0.0125993883792049,0.00190209230153168,0.00461538461538462,0,0.0048995100489951,0,0.00394507245277293,0,0,0.0112444725205306,0,0.000993377483443709,0,0.00277429747628423,0.00784605219689461,0,0.0139775988151439,0,0.0053440213760855,0,0.00856973995271868,0,0,0,0,0,0,0.0049969406485825,0,0.00440053884149079,0,0.0158313653459285,0.00346357830934084,0.0066793893129771,0.00311068867190875,0,0.00685596408202888,0,0,0.00195982361587457,0,0,0.00563343377440063,0,0,0,0,0,0,0.00432110035907735,0.0113282985339849,0.00670498084291188,0,0,0,0,0.00632490013315579,0,0,0.00367751060820368,0.02,0,0,0,0.00537634408602151,0,0.00623926213943395,0.0295878830574146,0,0.00925578486554096,0.00203506574827802,0.00992266160805487,0,0,0.00980610652997549,0,0.00417804917242488,0,0,0.00292087095061073,0.0148365465213747,0,0.00560689440348873,0.00534235597898673,0,0.00096728307254623,0.00673400673400673,0,0,0,0,0,0,0.00185906515580737,0,0.000379276340741865,0,0.00193174500965873,0.00421145960323617,0.00359638306617345,0.00364911276473955,0
"k__Bacteria;p__Firmicutes;c__Bacilli;o__Lactobacillales;__;__;__",0,0,0,0,0,6.07681088964511e-05,0,0,0,0,0,0,0,0,0,0.000342788585140115,0,0,0,0,0,0,0,0,0,0,0,0,0,0,0,0,0,7.61614623000762e-05,0,0.000150330727600722,0,0,0,0.000126342387871131,0,0,0,0,0,0,0.000277700638711469,0,0.000296890076449195,0,7.38770685579196e-05,0,0.00307024112625431,0,0,0,0.000179662234998203,0.000203956761166633,0,0,0,0.00157438992390449,0,0,0,0.000212630236019562,0.00175949520689237,0.000113019891500904,0,0,0,0,0,0.000640930828772864,0,0,0,0,0,0,0,0.000191570881226054,0,0,0.000706613906161673,0,0,0,0,0,0,0,0,0,0,0,0.00226060222443259,0,0,0,0,0,0,0.00353565114908662,0.00104004160166407,0,0,0,0,0,0,0,0,0,0.00100831862868667,5.68990042674253e-05,0.00464100464100464,0,0,0,0,0,0,0,0,0,0,0,0,0,0.00114481969089868,0
"k__Bacteria;p__Firmicutes;c__Bacilli;o__Lactobacillales;f__Enterococcaceae;g__Enterococcus;s__",0,0,0,0,0,0,0.00336494340776996,0,0.00447187192558805,0,0,0,0,0,0,0,0,0,0,0.00459294982202319,0,0.02203942262921,0,0,0,0.0057601940275883,0,0,0,0,0,0,0,0,0,0.00947083583884546,0,0,0,0,0,0,0,0,0,0.00283230784256275,0.00694251596778673,0,0.00927781488903733,0,0.00820035460992908,0,0.00157256252808147,0,0,0.00196463654223969,0,0,0,0,0.00843567795558864,0,0,0,0.00518448111984792,0,0,0,0.00103256552819698,0,0.0102293350932189,0,0.00393030263330276,0.00330325888675245,0.00618686868686869,0.0039557541572046,0.006496199032481,0,0.0043050430504305,0,0,0.00670498084291188,0,0,0.00522894290559638,0,0,0.00458295142071494,0,0,0,0,0,0.035025706940874,0.00361360832011282,0,0,0.0120641070799577,0.00943267259056733,0.0100062539086929,0.00164370695053225,0,0.0100394406597347,0.00972304065998821,0.699130822375752,0.00235360572396912,0,0.00605880015891935,0,0,0.00268231349538977,0,0,0.00463004184845517,0.0069742038484161,0,0.0269360269360269,0.00877387827632163,0.0135440180586907,0,0,0,0,0,0,0,0,0,0,0,0,0
"k__Bacteria;p__Firmicutes;c__Bacilli;o__Turicibacterales;f__Turicibacteraceae;g__Turicibacter;s__",0,0,0,0,0,0,0,0,0.00089437438511761,0.0125893846308792,0.00309514197281658,0,0,0,0,0.00308509726626103,0.00285431990339225,0,0,0,0.0131230701367446,0,0,0,0,0,0,0.00902192242833052,0,0,0,0,0,0,0,0,0,0,0,0.0333543903979785,0,0,0,0,0.00338619094813347,0.00527395253442719,0.000462834397852448,0.0331593194122196,0.0104653751948341,0,0.0143321513002364,0,0.00531675902351355,0.0074718275355218,0,0,0,0,0,0,0,0,0,0,0,0.0231766957261323,0,0.00994575045207957,0,0,0,0,0,0,0,0,0,0,0,0,0,0,0,0,0,0,0,0.00122212037885732,0.00323783359497645,0.00763790664780764,0,0,0,0,0.0242376167812445,0,0,0,0,0,0.00438321853475266,0,0,0,0,0,0,0,0,0,0,0,0,0.00516427744635384,0.00336106209562222,0,0,0,0.000981450583963098,0.010025706940874,0.000743371603204758,0,0,0,0.00166057788110262,0,0.00227870289219982,0,0,0,0,0
"k__Bacteria;p__Firmicutes;c__Bacilli;__;__;__;__",0,0,0,0,0,0,0,0,0,0,0,0,0,0,0,0,0,0,0,0,0,0,0,0,0,0,0,0,0,0,0,0,0,0,0,0.000300661455201443,0,0,0,0,0,0,0,0,0,0,0,0,0,0,0,0,0,0,0,0,0,0,0,0,0,0,0,0,0,0,0,0,0,0,0,0,0,0,6.31313131313131e-05,0,0,0,0,0,0,0,0,0,0,0,0,0,0,0,0,0,0,0,0,0,0,0,0,0,0,0,0,0,0.000222866057499443,0,0,0,0,0,0,0,0,0,0,0,0,0,0,0,0,0,0,0,0,0,0,0,0,0,0,0
"k__Bacteria;p__Firmicutes;c__Erysipelotrichi;o__Erysipelotrichales;f__Erysipelotrichaceae;g__Bulleidia;s__moorei",0,0.000639181847235539,0,0,0,0,0,0,0,0,0.00121114251110214,0,0,0,0,0,0,0,0,0.00103341370995522,0,0,0,0,0,0,0,0,0,0,0,0,0,0,0,0,0,0,0,0,0,0,0,0,0,0,0,0,0.00111333778668448,0,0.00155141843971631,0,0,0,0,0,0,0,0,0,0,0.00122452549637016,0,0,0,0.000744205826068467,0.000667394733648829,0,0,0,0,0,0,0,0,0,0,0,0,0,0,0.0024904214559387,0,0,0,0,0,0,0,0,0,0,0,0,0,0,0.000271272266931911,0.00202536104262064,0,0,0,0,0,0,0.00111433028749721,0.000282432686876294,0.000723123895227382,0,0,0,0,0,0,0,0,0,0,0,0.000196290116792619,0,0,0,0,0,0,0,0,0,0,0,0,0
"k__Bacteria;p__Bacteroidetes;c__Bacteroidia;o__Bacteroidales;f__Prevotellaceae;g__Prevotella;s__copri",0,0,0.0301572400844872,0.00453905149475661,0,0,0,0.00253762171732074,0.510598336463644,0,0.0317588480689006,0,0.0285215874400349,0.0173029174425822,0,0.00514182877710172,0.0994620704797453,0.00881367882954345,0.210340775558167,0.4356412906189,0.010917512130569,0,0.0254105445116681,0.348633316142341,0.0426052476166371,0,0,0,0.0047751078250154,0.00305810397553517,0.00636085626911315,0,0.00726495726495727,0.015993907083016,0.223777622237776,0.334786530366807,0,0,0.058207839367724,0.0198357548957675,0,0,0.0627378492986844,0.0188831215321282,0,0,0,0,0,0,0,0.0126243873459082,0,0,0,0,0,0,0,0,0.00483810941570525,0,0,0,0.0158126674155362,0.0391239634275994,0,0,0.0225575853852264,0.0659480646741793,0,0,0,0,0.00183080808080808,0,0.000414651002073255,0,0,0.00225184103219524,0,0.00488505747126437,0,0,0.161955907292256,0.128992928554011,0.0950399467376831,0.00478663815052449,0.016287284144427,0,0,0,0,0,0,0.00537166085946574,0,0,0,0.0137585991244528,0.00117407639323732,0.00510725229826353,0.00663320186446755,0,0.0046801872074883,0,0.00152659488992447,0,0.00282714054927302,0,0.0077116512992456,0,0,0,0.00453743382908999,0,0,0,0,0,0,0,0,0,0,0,0,0.00121628389497031,0,0,0,0
"k__Bacteria;p__Verrucomicrobia;c__Verrucomicrobiae;o__Verrucomicrobiales;f__Verrucomicrobiaceae;g__Akkermansia;s__muciniphila",0,0.00338766379034835,0.00985684111710866,0.00719987478478635,0,0.00267379679144385,0,0.516317497786958,0,0,0,0,0.00453554295682512,0.0042675356921167,0,0.00402776587539635,0.00713579975848062,0.0100475938656795,0,0.0103341370995522,0.00562417291574768,0.0223498370324383,0.0394122731201383,0,0.0463173880030372,0.00833712293466727,0,0.00834738617200675,0.00400492914356131,0.0144167758846658,0.160978593272171,0.0149164080488537,0,0.00441736481340442,0,0.00781719783523752,0.00599347545709734,0.00651523155485121,0,0.00480101073910297,0,0.00894039735099338,0.00858975752962923,0.0149454089851441,0.00718533201189296,0.00732493407559332,0.00555401277422938,0.00493039443155452,0.00519557633786091,0,0.000147754137115839,0.0017822664488341,0.00696420548150367,0.0180058794708476,0,0.00403267500775514,0.00476104922745239,0.0686314501325719,0.00809027038535235,0.0262236192186798,0.00694702890460241,0.00682235633691944,0.00443770970884295,0.0135178117048346,0.00371554480255768,0,0,0,0.00786338363780778,0.00450759431651151,0.0110542814717043,0.533619456366238,0.0140180793921132,0,0,0,0.0118866620594333,0,0.0028290282902829,0,0.00910706352732119,0,0.0109750949767835,0,0.0103165630299604,0,0.00183089214380826,0.00356451777166718,0.00412087912087912,0.00608203677510608,0,0,0.0050953447077897,0.00353470437017995,0.00608143839238498,0.00188734030197445,0.0128402206347771,0.00431489961253963,0.00902255639097744,0,0.00735754539762054,0,0,0.0166470241602829,0,0,0.00522256146553109,0.00516487882399682,0.00777463651050081,0.0100902814657461,0.033696563285834,0,0.00269961582390198,0.00534235597898673,0,0.0040398293029872,0.00564200564200564,0,0.0122681322995387,0,0.00644255389444123,0,0,0,0,0,0.000876424189307625,0,0.0113044441981603,0.00493218249075216,0,0
"k__Bacteria;p__Acidobacteria;c__[Chloracidobacteria];o__RB41;f__;g__;s__",0,0,0,0,0,0,0,0,0,0,0,0,0,0,0,0.000342788585140115,0,0,0,0,0,0,0,0,0,0,0,0,0,0,0,0,0,0,0,0,0,0,0,0,0,0,0,0,0,0,0,0,0,0,0,0,0,0,0,0,0,0,0,0,0,0,0,0,0,0,0,0,0,0,0,0,0,0,0,0,0,0,0,0,0,0,0,0,0,0,0,0,0,0,0,0,0,0,0.000881367882954345,0,0,0,0,0,0,0,0,0,0,0,0,0,0,0,0,0,0,0,0,0,0,0,0,0,0,0,0,0,0,0,0,0,0,0,0,0
"k__Bacteria;p__Bacteroidetes;c__Bacteroidia;o__Bacteroidales;f__Bacteroidaceae;g__Bacteroides;s__ovatus",0,0,0.0349683172964093,0.00305212083268117,0.0813722046598759,0,0.00703579076170083,0.00566538802006492,0.00232537340130579,0.00342431261959915,0,0,0.00183166157871784,0,0,0.0023995200959808,0,0.00246783007227217,0,0,0.0175341861490957,0.0031041440322831,0,0,0.011642622120982,0,0.0124362641462505,0,0.0115526802218115,0.00611620795107034,0.0532110091743119,0.00941035138652518,0,0,0,0.00586289837642814,0.0124421515818223,0.015671773199507,0.00501975862437253,0,0,0.00778145695364238,0.00695879091007937,0.00286379094326114,0,0,0,0,0.00831292214057745,0,0.00509751773049645,0,0.0101842144675753,0.0293973542381186,0.0517503805175038,0.0222314135042912,0,0.0320212115031613,0.0235256546731957,0.00898069151324652,0.0342389281726833,0.000262398320650748,0.0136378395930295,0.0131997455470738,0.0115786745009937,0,0,0,0,0.00950514453699167,0,0,0.0469016114240797,0,0,0,0,0,0,0,0.0304309195912928,0,0.0460109750949768,0,0.00127190503109101,0,0.0289613848202397,0.015480191465526,0.00186420722135008,0,0,0,0,0,0.00352547153181738,0.00994483159117305,0,0,0.081203007518797,0,0.00242642454602379,0,0,0.0503830288744844,0.0132233860783003,0.0197702880813406,0,0.0278108859753675,0.0209006462035541,0.0228359001593202,0,0,0,0,0.0168053104781111,0.0138264580369844,0,0,0,0,0,0,0.0232382391838277,0.0108888101983003,0.00423447359681169,0.00326177653038003,0.000964066608238387,0.00658224225513343,0.0309209797184972,0.0125359638306617,0.0185317687464224,0.0385752060973713
"k__Bacteria;p__Bacteroidetes;c__Bacteroidia;o__Bacteroidales;f__Rikenellaceae;g__;s__",0,0,0,0.00586946313977148,0.0343051164968973,0,0.00622004690527174,0.00920625553260549,0.0068866827654056,0,0,0,0.00340165721761884,0.00713842333954066,0,0,0,0.000705094306363476,0,0,0,0,0.012618841832325,0,0.00995528558170927,0.00378960133393967,0.0216390996144758,0.00472175379426644,0,0,0.00232415902140673,0.00470517569326259,0.00230769230769231,0,0,0,0.0129732190273879,0,0,0,0,0,0.0237033815374579,0.005011634150707,0,0.00459029202070515,0,0,0,0,0,0,0,0,0,0,0,0.0188660004079135,0,0.00628648405927256,0,0,0,0,0.00146893631729024,0,0,0.0055379746835443,0.00428911834789516,0.0006859382655561,0,0,0,0,0,0,0,0,0,0,0,0,0,0,0,0,0,0,0,0,0,0.0164145477953009,0.0112715201111712,0,0,0,0,0,0,0,0,0,0,0,0,0,0,0.00754866905045689,0.020294830371567,0,0.000419111483654652,0,0,0.000178078532632891,0,0,0,0,0,0,0,0,0,0,0.00365327133842577,0,0.00517090271691499,0,0,0,0,0
"k__Bacteria;p__Bacteroidetes;c__Bacteroidia;o__Bacteroidales;f__Rikenellaceae;g__Alistipes;s__indistinctus",0,0,0.0111476179300634,0.00555642510565034,0,0,0,0,0,0,0,0,0.00444832097688618,0.0124922408441962,0,0,0,0,0,0,0,0,0.0110630942091616,0,0.0140892601029275,0,0,0,0,0,0,0,0,0,0,0,0.00227600333813823,0,0,0,0,0,0,0,8.25900231252065e-05,0,0,0,0,0,0,0,0,0,0,0,0,0.000305935141749949,0,0.00134710372698698,0,0,0,0,0,0,0,0,0.0102462271644162,0.00127388535031847,0,0,0,0,0,0,0,0,0,0,0,0,0,0,0,0,0,0,0,0,0,0,0,0,0,0,0,0,0,0,0,0,0,0,0,0,0,0,0,0,0,0,0,0,0,0,0,0,0,0,0,0,0,0,0,0,0,0,0,0,0,0
"k__Bacteria;p__Bacteroidetes;c__Bacteroidia;o__Bacteroidales;f__Prevotellaceae;g__Prevotella;s__",0,0,0,0,0,0,0,0.000295072292711714,0,0,0,0,0,0,0,0,0,0,0,0,0,0.00155207201614155,0,0,0,0,0,0,0,0,0,0,0,0,0,0,0,0,0,0,0,0,0,0,0,0,0.000185133759140979,0,0,0,0,0,0,0,0,0,0,0,0,0,0,0,0,0,0,0,0.000424705739594709,0,0,0,0,0,0,0,0.000252525252525253,0,0.00345542501727713,0,0,0,0,0.000383141762452107,0,0,0.000706613906161673,0,0,0.000611060189428659,0,0,0,0,0,0,0,0,0,0.0102148643888693,0,0,0,0,0,0,0,0,0,0,0,0,0,0,0,0,0,0.000455192034139403,0.00837200837200837,0.00022212350066637,0,0,0,0,0,0,0.0158585187645301,0.0053098687703861,0.0056091148115688,0.000357730557344208,0,0,0,0
"k__Bacteria;p__Bacteroidetes;c__Bacteroidia;o__Bacteroidales;f__[Odoribacteraceae];g__Butyricimonas;s__",0,0,0.0043417038253931,0.000860854593833151,0,0,0,0.00649159043965772,0,0,0,0,0,0.00147423960273122,0,0,0,0.000176273576590869,0,0,0,0,0,0,0.00134986923141821,0,0,0,0,0,0,0,0,0,0,0,0.000986268113193233,0,0,0,0,0,0.00228335326736979,0,0,0,0,0,0,0,0,0,0,0,0,0,0,0,0,0,0.00235702766406153,0,0,0,0,0,0,0,0.00277998411437649,0.00627143557079863,0,0,0,0,0,0,0,0,0,0,0,0,0.00443224989447024,0,0,0,0,0.00224055402790508,0,0,0,0,0,0,0,0,0,0,0,0,0,0,0,0,0,0,0,0,0,0,0,0,0,0,0,0,0,0,0,0,0,0,0,0,0,0,0.000175284837861525,0,0,0,0,0
"k__Bacteria;p__Bacteroidetes;c__Bacteroidia;o__Bacteroidales;f__Bacteroidaceae;g__Bacteroides;s__fragilis",0,0,0.00340295705233513,0.00250430427296917,0.0509308043554619,0,0,0,0.000715499508094088,0.011985094168597,0,0,0.00174443959877889,0,0.00136072053392082,0.00188533721827063,0.00285431990339225,0,0,0,0.00485222761358624,0.00062082880645662,0,0,0,0,0,0.000843170320404722,0.00978126925446704,0.00928352992573176,0.00073394495412844,0,0,0,0.0091990800919908,0,0,0,0,0,0,0.00469094922737307,0.000761117755789931,0,0.000991080277502478,0,0,0,0.00311734580271654,0,0,0,0,0,0.0698768506987685,0.0171647192637783,0,0,0.0142644241004897,0.010237988325101,0,0.00594769526808362,0,0,0.00976410610904692,0,0.00339764591675767,0,0.00206513105639396,0.00646741793238609,0,0.000186601977980967,0.00471636315996332,0,0.00656565656565657,0,0,0,0,0,0.0366503776099511,0,0.00316589278176446,0.00222510661969219,0.00339174674957603,0,0,0.000712903554333435,0,0,0,0,0,0,0,0.00152439024390244,0,0,0.0114832535885167,0,0,0,0,0.0122274602239246,0.00869177624247827,0.0141216343438147,0,0.0113230035756853,0,0.00969198088157196,0.00125733445096396,0,0,0,0.00159650449542055,0.00392603129445235,0.001001001001001,0,0.00765531455491216,0,0,0,0,0,0.000332115576220525,0.00136539482667071,0,0.00107319167203263,0.0188407403302671,0.00421290587751747,0.00257584430452204,0
"k__Bacteria;p__Bacteroidetes;c__Bacteroidia;o__Bacteroidales;f__[Paraprevotellaceae];g__CF231;s__",0,0.0008309364014062,0,0,0,0,0,0,0,0,0,0,0,0.000465549348230912,0,0,0,0,0,0.00011482374555058,0,0,0,0,0,0,0,0,0,0,0,0,0,0,0,0,0,0,0,0,0,0,0,0,0,0,0,0,0.000742225191122987,0,0,0,0,0,0,0,8.98311174991017e-05,0,0.00191611667021503,0,0.00210891948889716,0,0,0,0.00112330424263372,0,0,0,0,0,0,0,0,0,0,0,0,0,0,0,0,0,0,0,0,0,0,0,0,0,0,0,0,0,0,0,0,0.000440295878830574,0,0,0,0,0,0,0,0,0,0,0,0,0,0,0,0,0,0,0,0,0,0,0.00206492112001322,0,0,0,0.00232480903354367,0,0,0,0.00166241826443533,0,0.00114481969089868,0
"k__Bacteria;p__TM7;c__TM7-3;o__;f__;g__;s__",0,0.00134228187919463,0.00058671673316123,0,0,0,0,0,0,0.000302145231141102,0,0.0244798041615667,0,0,0,0,0,0,0,0,0,0.00155207201614155,0,0,0,0,0,0,0.000308071472581639,0,0,0,0,0,0,0,0,0,0,0,0,0,0.000326193323909971,0,0.00231252064750578,0,0,0,0.00207823053514436,0,0.00435874704491726,0,0,0,0,0,0,0.000305935141749949,0,0,0,0.00463570366482988,0,0,0.000950488205305452,0,0,0,0,0,0,0,0,0,0,0,0,0,0,0.000486884547501674,0,0.00708812260536398,0.000422119037568594,0,0,0,0,0.000712903554333435,0,0,0.0140506329113924,0,0,0,0.00132205182443152,0,0.00443078035988787,0,0,0,0,0,0,0,0.000520020800832033,0,0.00200867748674273,0,0,0,0.00377200335289187,0,0,0.0019588638589618,0,0,0,0,0,0,0,0.00149242007697746,0,0,0,0,0,0,0.000664967305774133,0,0.00114481969089868,0
"k__Bacteria;p__Chloroflexi;c__Anaerolineae;o__Caldilineales;f__Caldilineaceae;g__;s__",0,0,0,0,0,0,0,0,0,0,0,0,0,0,0,0,0,0,0,0,0,0,0.000259291270527226,0,0,0,0,0,0,0,0,0,0,0,0,0,0,0,0,0,0,0,0,0,0,0,0,0,0,0,0,0,0,0,0,0,0,0,0,0,0,0,0,0,0,0,0,0,0,0,0,0,0,0,0,0,0,0,0,0,0,0,0,0,0,0,0,0,0,0,0,0,0,0,0,0,0,0,0,0,0,0,0,0,0,0,0,0,0,0,0,0,0,0,0,0,0,0,0,0,0,0,0,0,0,0,0,0,0,0,0,0
"k__Bacteria;p__Actinobacteria;c__Actinobacteria;o__Bifidobacteriales;f__Bifidobacteriaceae;g__Bifidobacterium;__",0,0,0,0.000391297542651432,0.000234164617726262,0.00218765192027224,0.000305903946160905,0,0,0.00110786584751737,0,0,0,0,0,0.00128545719427543,0,0,0,0.00137788494660696,0.000551389501543891,0.00605308086295204,0,0.0126353790613718,0.000590567788745465,0.000303168106715174,0,0,0,0,0,0,0,0.000380807311500381,0,0.010823812387252,0.00257947044988999,0,0,0,0,0,0.000326193323909971,0.000268480400930732,0,0.00039066315069831,0,0.000773395204949729,0,0,0,0,0.00104837501872098,0.000734933855952964,0,0.00103401923275773,0,0.00142769732816643,0,0.000628648405927256,0,0.000787194961952244,0.000649420933001407,0,0.00043204009332066,0.000425260472039124,0.00012134449702706,0,0,0,0,0,0,0.000591628457328798,0,0,0.00055286800276434,0,0,0.000121721136875418,0,0.00335249042145594,0,0,0,0,0,0,0.00323783359497645,0,0,0.000429138504452312,0.00517254690033197,0,0.0025559668605676,0.000508130081300813,0.000180848177954607,0.000352236703064459,0,0,0.0050093926111459,0,0,0.00235710076605775,0.00111433028749721,0.000659009602711354,0.000723123895227382,0.000794596742153357,0.000605815831987076,0,0.00150880134115675,0,0.00301110995742914,0.000267117798949337,0,0,0,0,0,0.00141388174807198,0,0.00023564527531223,0,0,0.00116240451677184,0.000303421072593492,0.000438212094653812,0,0,0,0.000643961076130509,0
"k__Bacteria;p__Firmicutes;c__Clostridia;o__Clostridiales;f__Lachnospiraceae;g__Dorea;s__longicatena",0,0,0,0.00336515886680232,0,0,0,0,0,0.00050357538523517,0,0,8.72219799389446e-05,0.000465549348230912,0.0101730058964556,0,0,0,0.0131609870740306,0,0,0,0.00319792566983578,0,0.00472454230996372,0,0,0,0.00531423290203327,0,0.000122324159021407,0,0.00837606837606838,0,0,0,0.00470374023215234,0,0,0,0,0,0,0,0.00495540138751239,0,0,0,0,0,0,0,0.00584094653287404,0,0,0.00485989039396133,0,0,0,0.00251459362370903,0,0.00524796641301496,0,0,0,0.00595364660854774,0,0,0.00818109610802224,0,0,0,0,0,0,0,0.00207325501036628,0.00119376259046482,0,0,0,0,0,0,0,0,0,0,0.0110871271585557,0,0,0,0.00362850304948661,0,0.00273224043715847,0,0,0,0,0,0.00148716343143394,0,0,0,0,0.0085671248352476,0,0.0134088200238379,0,0.0138077535847053,0.00259849119865884,0.0106045698043074,0.00944865538365694,0.00774641616953076,0,0,0,0,0,0,0.0140414636160899,0.00408451810541199,0,0.00894121813031161,0.000415144470275656,0,0,0,0,0.00380189066995479,0.000858614768174013,0.0141546119147612
"k__Bacteria;p__Firmicutes;c__Clostridia;o__Clostridiales;f__Lachnospiraceae;g__Lachnospira;s__",0,0.004154682007031,0.00704060079793476,0.00273908279856002,0.059946142137923,0,0.000509839910268176,0,0.0292460423933459,0.0171215630979958,0,0,0.014217182730048,0,0.00246225620423767,0,0.0156987594686574,0.00211528291909043,0,0.00780801469743943,0,0.00838118888716436,0.0130509939498704,0.0807117070654977,0.00987091875474563,0.0125814764286797,0,0.0051433389544688,0.00862600123228589,0.00415028396679773,0,0.0109120032035239,0.00914529914529915,0,0.0174982501749825,0,0.011531750246567,0.0162000352174679,0,0.00252684775742262,0,0,0.00619767315428944,0,0.00776346217376941,0,0,0.0203016241299304,0.000668002672010688,0,0,0,0.00906095551894563,0.00391964723174914,0.0711221807112218,0.0319511942922138,0,0,0,0.0132016165244724,0,0.000174932213767165,0.0160190496807014,0,0.00760390564244362,0.0275356155645333,0,0.00350361663652803,0.0141382049245433,0.0206761391474767,0,0,0,0,0.0125631313131313,0,0.0295784381478922,0,0.0174661746617466,0,0,0,0.0221612494723512,0,0.0708027133973997,0.0136552060473055,0,0.00916590284142988,0.000392464678178964,0.0264497878359264,0.0111392405063291,0.00450595429674928,0,0,0,0.00450058072009292,0,0,0,0,0.00219160926737633,0,0,0,0,0.0133684805121446,0.00851679254378917,0.00158919348430671,0.00767366720516963,0,0,0,0.00436091786938013,0.00427388478318939,0,0.00802275960170697,0,0.00322079075966237,0,0,0.00817708763525233,0.0013353232267693,0,0,0.0105446695450017,0,0.00999123575810692,0,0.00543056633048875,0,0.00379221522610189,0
"k__Bacteria;p__Firmicutes;c__Clostridia;o__Clostridiales;f__Ruminococcaceae;g__Faecalibacterium;__",0,0,0,0,0,0.000243072435585805,0,0,0,0.000906435693423305,0,0,0,0,0,0,0,0,0,0,0,0,0,0,0.000674934615709103,0,0,0,0,0,0,0,0,0,0,0.00105231509320505,0,0,0,0,0,0,0.000652386647819941,0.000357973867907643,0,0,0,0,0,0,0,0,0.000299535719634566,0,0,0.00248164615861855,0,0,0,0.000628648405927256,0,0,0,0,0,0,0,0,0.000158856235107228,0.000293973542381186,0,0,0,0,0.000441919191919192,0,0,0,0,0,0,0,0,0,0.000423968343697004,0.000243842965130456,0,0.000814746919238212,0,0,0,0,0,0,0,0,0,0,0,0,0,0,0,0,0,0,0,0.000794596742153357,0,0,0.000167644593461861,0,0,0.000712314130531564,0,0,0,0,0.000294435175188929,0,0.000247790534401586,0.000314193700416307,0,0,0.000166057788110262,0,0,0,0,0,0,0
"k__Bacteria;p__Firmicutes;c__Clostridia;o__Clostridiales;f__Lachnospiraceae;g__[Ruminococcus];s__",0,0.0108021732182806,0,0,0,0,0,0.00708173502508115,0,0.0143015409406788,0.0329699905800027,0.116768665850673,0.01569995638901,0.00612973308504035,0,0,0.0141618179822154,0,0.0110458284371328,0.0211275691813067,0,0,0.0194468452895419,0.0420319752449716,0.0105458533704547,0,0.00659121999751275,0.00994940978077572,0.0423598274799754,0.0180209698558322,0,0.00810891981179297,0,0.00274181264280274,0.0112988701129887,0.0141310883944678,0.00652454290266292,0,0,0,0,0,0,0.0161088240558439,0.017591674925669,0.0243187811309698,0,0.0264887857695282,0,0,0,0,0,0,0,0,0,0.009993881297165,0,0,0,0,0,0,0,0,0.0194757917728431,0,0.00945194598888006,0.016952474277315,0,0.00348323692231138,0,0,0,0,0,0,0.0275522755227552,0,0,0.00555555555555556,0,0,0,0,0,0,0,0.024045261669024,0,0.0152344169080571,0.00579016444067012,0,0.00423056583818086,0,0.00162763360159146,0,0,0,0,0,0,0,0,0.00903784598004142,0.00940061063795597,0.0164878823996822,0,0.0220392989909719,0.0066219614417435,0.0344375204985241,0.0292804485515523,0.0172736176653904,0,0,0,0,0.00961821572283835,0.0235218508997429,0.0168497563393078,0,0.00755715095409031,0.0106232294617564,0,0.0118334218311462,0,0.0157401445231452,0.011747755735343,0.0103781339909577,0.00722667429879794,0.025042774926116
"k__Bacteria;p__Firmicutes;c__Clostridia;o__Clostridiales;f__Lachnospiraceae;g__;s__",0.0649876717153927,0.00600830936401406,0.021004459047172,0.0275473470026608,0.0416813019552746,0.0051045211473019,0.0600591414295911,0.0149306580112127,0.016098738932117,0.0404874609729076,0.0882788319203337,0.0611995104039168,0.0353249018752726,0.0204065797641217,0,0,0.023603029970359,0.00555261766261237,0.009048178613396,0.015041910667126,0,0,0.0163353500432152,0.0657555440948943,0.0295283894372733,0,0.00485014301703768,0.0139123102866779,0.0169439309919901,0.00982961992136304,0.00831804281345566,0.035739313244569,0.0166666666666667,0.000304645849200305,0.0520947905209479,0.032922429344558,0.00470374023215234,0.0248283148441627,0.10488091423689,0.0818698673404927,0.00528401585204756,0.0033112582781457,0.0366423833858867,0.0291748702344729,0,0,0,0.0254253673627223,0.00237512061159356,0,0,0,0.0217163396735061,0.0182508574228319,0,0.0165443077241237,0.0268595041322314,0.0152967570874975,0.011177347242921,0.0340368208352043,0.00272918992680809,0.0137321787807225,0.0277086264747267,0,8.6408018664132e-05,0,0.00376167940783885,0.00666817359855335,0.00039714058776807,0.0428221460068594,0,0,0,0,0.00416666666666667,0,0,0,0.0280442804428044,0.00705982593877427,0.0182141270546424,0,0.0164626424651752,0,0.0525720746184285,0.00231650816873933,0.0367842876165113,0.00488848151542927,0.00225667189952904,0.0497878359264498,0.0172151898734177,0,0.00239326796881031,0.00626606683804627,0,0,0.0106700424993218,0,0.010663021189337,0,0.017219787100814,0,0,0.032410135533294,0,0,0,0.0297973778307509,0.0544224555735057,0.00159320233669676,0.0186923721709975,0,0,0,0,0.0083072546230441,0.000182000182000182,0,0,0.00141388174807198,0.0104897992896671,0,0.00935197430568676,0.00796742209631728,0.0203420790435071,0,0.0226117440841367,0.00186019889818988,0.041671284495179,0.0439786272092067,0.0150257584430452,0.00233317778814746
"k__Bacteria;p__Firmicutes;c__Clostridia;o__Clostridiales;f__Lachnospiraceae;g__Roseburia;__",0,0,0,0.00735639380184692,0.0258751902587519,0.0500729217306757,0.0190680126440298,0,0.0167248010016993,0.053378990834928,0.0317588480689006,0.0450428396572827,0.00636720453554296,0,0.0115337264303765,0,0.0166867932813701,0.00925436277102062,0.009048178613396,0.00505224480422551,0.00496250551389502,0.00388018004035387,0.0209161624891962,0,0.0222728423184004,0,0.0855614973262032,0.0249578414839798,0.00500616142945163,0.022608125819135,0.00917431192660551,0.00500550605666233,0.0335897435897436,0.0176694592536177,0.0364963503649635,0.0769693325315695,0.0502238069949169,0.080824088748019,0.0123891914984514,0.0314592545799116,0,0,0.0282700880721975,0.0186146411311974,0.00883713247439709,0.0170915128430511,0,0.0337393658159319,0,0,0,0.0274766077528591,0.0287554290849184,0.0286624203821656,0.100318251003183,0.0900630751731982,0.0208408192597916,0.0171323679379971,0.00713221205024484,0.0261338123035474,0.00372162262746558,0.0806437505466632,0,0,0.00259224055992396,0.00627259196257708,0,0.0255424954792043,0.0149324861000794,0.0455658990690838,0,0.00410524351558126,0,0,0.00448232323232323,0,0.00801658604008293,0.00373050809520257,0.0266912669126691,0,0,0,0.0203672435626847,0.0387539402929724,0.0166760881854155,0.0223116313094367,0.0476031957390146,0.0560138506976271,0.0407182103610675,0.0620933521923621,0.0474683544303797,0.067374745199013,0.0179109086698062,0.612949871465296,0,0.0127758420441347,0,0,0.00423786739576213,0,0.0124452097683156,0,0,0,0,0,0.00980234613530452,0.0348629320619785,0.187298061389338,0.11404673393521,0.0124056999161777,0,0.00768352196033641,0,0.0126880094109739,0.0108108108108108,0.012012012012012,0,0,0.0106683804627249,0.00925084661765921,0.0134317806927971,0,0.00584277620396601,0.014530056459648,0.00538572403853448,0.0168273444347064,0.00894326393360521,0.0640585171229081,0.0733662145499383,0.0206067544361763,0.101571006377353
"k__Bacteria;p__Proteobacteria;c__Gammaproteobacteria;o__Vibrionales;f__Vibrionaceae;g__Vibrio;s__metschnikovii",0,0,0,0,0,0,0,0,0,0,0,0,0,0,0,0,0,0,0,0,0,0,0,0,0,0,0,0,0,0,0,0,0,0,0,0,0,0,0,0,0,0,0,0,0,0,0,0,0.000593780152898389,0,0,0,0,0,0,0,0,0,0,0,0,0,0,0,0,0,0,0,0,0,0,0,0,0,0,0,0,0,0,0,0,0,0,0,0,0,0,0,0,0,0,0,0,0,0,0,0,0,0,0,0,0,0,0,0,0,0,0,0,0,0,0,0,0,0,0,0,0,0,0,0,0,0,0,0,0,0,0,0,0,0,0
"k__Bacteria;p__Actinobacteria;c__Actinobacteria;o__Actinomycetales;f__Micrococcaceae;g__Rothia;s__dentocariosa",0,0,0,0.00156519017060573,0,0,0,0,0,0,0,0,0,0.00178460583488516,0,0,0,0,0,0,0,0,0,0,0,0,0,0,0,0,0,0,0,0,0,0,0,0,0,0,0,0,0,0,0.0013214403700033,0,0,0,0.00497290878052401,0,0.00465425531914894,0.00445566612208525,0,0,0,0,0.000449155587495508,0,0.00383223334043006,0,0,0,0,0,0,0,0,0,0,0,0,0,0,0,0,0,0,0,0,0,0,0,0,0,0,0,0,0,0,0,0,0,0,0,0,0,0,0,0,0,0.000469630557294928,0,0,0,0,0,0,0,0,0,0,0,0,0,0,0,0,0,0,0,0,0,0,0,0,0,0,0,0,0,0,0
"k__Bacteria;p__Actinobacteria;c__Actinobacteria;o__Bifidobacteriales;f__Bifidobacteriaceae;g__Bifidobacterium;s__longum",0,0.00274848194311282,0.0184229054212626,0.064485835028956,0.0158061116965227,0.00710986874088478,0.00938105434893443,0.00472115668338743,0,0.0056400443146339,0,0,0.00750109027474924,0.0026381129733085,0.00311021836324759,0.0023995200959808,0.00109781534745856,0.00220341970738586,0.0250293772032902,0.00757836720633827,0.0172033524481694,0,0.00276577355229041,0.00696235172769469,0.00539947692567283,0,0,0.00682967959527825,0.00924214417744917,0.0274137177806903,0.0743730886850153,0.0200220242266493,0.011025641025641,0.00464584920030465,0.0117988201179882,0,0.0137318868067673,0,0,0,0,0,0.011308035228879,0.00832289242885269,0.00743310208126858,0.00869225510303741,0,0.0100541376643465,0.00437912862762562,0,0,0.0243576414673994,0.00726374120113824,0.00698187163155316,0,0.0038258711612036,0.00709665828242903,0.111360391596981,0.0101128379816904,0.0222721149528514,0.0138940578092048,0.00542289862678212,0.0174261283688711,0.0362595419847328,0.0139980990235894,0.00552838613650861,0.00849411479189419,0.022377938517179,0,0.00460558549730524,0,0.0442868694408161,0,0.00606419168762017,0.00511363636363636,0.0045417918101238,0.00746371803731859,0.0084309482951578,0,0.00645122025439718,0.0148822745446468,0.0114942528735632,0,0,0.00155455059355568,0,0.0229693741677763,0.00590691516447703,0.0428767660910518,0.0154172560113154,0.0153164556962025,0.0168436862997532,0.00972747626032579,0.0163881748071979,0,0.00304878048780488,0.00334569129216023,0.135787249031349,0.00437457279562543,0.0103814884302689,0.0281778334376957,0.0286006128702758,0.0207959842237361,0.0562757807896288,0.0172349751132902,0.0133684805121446,0.0125341475172746,0.0201628923321414,0.00898626817447496,0.00677110993096123,0.0104777870913663,0,0.03353753504309,0.0158489894043273,0.01058734560121,0.004950213371266,0.00518700518700519,0,0.0633035626656198,0.0730077120822622,0.00982902453126291,0.0146100070693583,0.0159644813905158,0.00610835694050992,0.00431750249086682,0.15057270727452,0.00201577563540754,0.137082349574301,0.00753629613210684,0,0.0225386376645678,0.0160211541452792
"k__Bacteria;p__Firmicutes;c__Clostridia;o__Clostridiales;f__[Tissierellaceae];g__Anaerococcus;s__",0,0,0,0,0,0,0,0,0,0,0,0,0,0,0.000971943238514871,0,0,0,0,0,0,0,0,0,0,0,0,0,0,0,0,0,0,0,0,0,0.000151733555875882,0,0,0,0,0,0,0,0,0,0,0,0,0,0,0,0,0,0,0,0,0,0,0,0,0,0,0,0,0,0,0,0,0,0,0,0,0,0,0,0.019488597097443,0,0,0,0,0,0.00358801181933305,0,0,0,0,0,0,0,0,0,0,0,0,0,0,0.010743219443466,0,0,0.00180025046963056,0,0,0,0,0,0,0,0,0,0,0,0,0,0,0,0,0,0,0,0,0,0,0,0,0,0,0,0,0,0,0
"k__Bacteria;p__Actinobacteria;c__Actinobacteria;o__Bifidobacteriales;f__Bifidobacteriaceae;g__Bifidobacterium;s__adolescentis",0,0.00703100031959092,0,0.0779464704961653,0.0455450181477579,0.556878949927078,0,0,0.00760218227349969,0.0274952160338403,0,0.111627906976744,0.0170955080680331,0.00907821229050279,0.587507289574289,0.666295312366098,0.0282138544296849,0.0122510135730654,0.0196239717978848,0.0911700539671604,0.0519408910454345,0.0218842154275958,0.0197061365600691,0,0,0.0112172199484614,0,0.00337268128161889,0.00785582255083179,0,0.00122324159021407,0,0,0.000380807311500381,0.0068993100689931,0,0,0,0,0,0.00722148833113166,0.0105408388520971,0.0139175818201587,0,0,0,0,0,0.00764491946856676,0,0,0.0294073964057627,0.192227048075483,0.161930426261636,0,0.0128218384861958,0.00251527128997485,0.000509891902916582,0.00989993612944433,0.037449483610238,0.00645081255427366,0,0,0,0.0652380540914197,0.0766532000850521,0.00461109088702827,0,0.0814138204924543,0,0.0204586701864379,0,0,0,0,0,0.00635798203178991,0.0245467432664329,0,0,0,0.00373563218390805,0,0,0.0154041831543245,0.0337722506705682,0.0401131824234354,0.0294327324574804,0.191817111459969,0.00919377652050919,0.0554430379746835,0.026177448771591,0.529066625492164,0.0107647814910026,0.450907808919443,0.0125580720092915,0.00289357084727371,0.0400669249735822,0.00929596719070403,0,0.430964308077646,0,0,0,0.000594309486665181,0.134249670495199,0.164711553912904,0,0,0,0.00829840737636211,0,0.580209739383242,0.552933843825127,0.00168053104781111,0,0.00928200928200928,0,0.283835508882128,0.465295629820051,0,0.00117822637656115,0,0,0.184822318166722,0.00773723735113404,0.202804557405784,0.00236102167847177,0.025268757619417,0,0.114052661705781,0
"k__Bacteria;p__Actinobacteria;c__Actinobacteria;o__Bifidobacteriales;f__Bifidobacteriaceae;g__Bifidobacterium;s__animalis",0,0,0,0.000313038034121146,0,6.07681088964511e-05,0,0,0,0,0,0,0,0,0,0.000428485731425144,0,0,0,0,0,0,0,0.00232078390923156,0,0,0,0,0,0,0,0,0,0,0,0,0,0,0,0.00972836386607707,0,0,0,0,0,0.00947358140443403,0,0,0,0,0,0,0.00044930357945185,0.00110240078392945,0,0.00330886154482473,0,0,0,0,0,0,0,0,0.000259224055992396,0.000956836062088029,0,0,0,0,0,0,0,0,0,0,0,0,0,0,0,0.000670498084291188,0,0,0,0,0,0,0.000784929356357928,0,0.0183544303797468,0,0,0,0,0,0,0,0,0,0,0,0,0,0,0,0.000401735497348546,0,0,0,0,0.00229583469990161,0,0,0,0,0.00209300209300209,0,0,0.00051413881748072,0,0.00094258110124892,0,0.000442634560906516,0,0,0,0.00293339057022251,0,0,0,0
"k__Bacteria;p__Firmicutes;c__Clostridia;o__Clostridiales;f__Lachnospiraceae;g__Clostridium;s__aldenense",0,0,0,0,0,0,0,0,0,0,0,0,0,0,0,0,0,0,0,0,0,0,0,0,0,0,0,0,0,0,0,0,0,0,0,0,0,0,0,0,0,0,0,0,0,0,0,0,0,0,0,0,0,0,0,0,0,0.00540485417091577,0,0,0,0,0,0,0.00146893631729024,0,0.000910083727702949,0,0,0,0,0,0,0,0,0,0,0,0,0,0.00955131052865393,0,0,0,0,0,0,0,0,0,0,0,0,0,0,0,0,0,0,0,0.00195679398872887,0,0,0.00456688273423689,0,0,0,0,0,0.00331917153478492,0,0,0,0,0,0,0.0141960141960142,0,0,0,0,0,0,0,0,0,0,0,0,0,0,0
"k__Bacteria;p__Firmicutes;c__Clostridia;o__Clostridiales;f__Lachnospiraceae;g__Roseburia;s__",0,0,0,0,0.0256410256410256,0.00595527467185221,0.0212093402671561,0.00389495426379463,0,0.00433074831302246,0,0,0.0150894025294374,0.00729360645561763,0,0,0,0,0,0,0,0.0706192767344405,0.00509939498703544,0,0.00388087404032734,0,0,0.003035413153457,0.0109365372766482,0.00262123197903014,0,0.00530583642006207,0.00666666666666667,0.00434120335110434,0.0076992300769923,0,0.0195736287079888,0.0653284028878324,0,0.0065698041692988,0,0,0.000326193323909971,0,0,0,0,0.00251353441608662,0,0,0,0,0.0103339823273925,0.0155560999510044,0,0.0104435942508531,0.00646784045993532,0.00316132979808281,0.0251224185650415,0.0271216883700045,0,0.0075220851919881,0.00184002597683732,0,0,0,0,0,0,0,0,0,0.021747674570942,0,0.00460858585858586,0,0.0297166551485833,0,0,0,0,0,0,0,0.000282645562464669,0,0,0,0.00353218210361068,0.0114568599717115,0,0.0167364016736402,0.00895545433490311,0,0,0,0,0,0.0105263157894737,0.347342088805503,0.00399185973700689,0,0,0,0.00319441349082535,0,0,0.00725069527214938,0.00767366720516963,0.0159320233669676,0.00502933780385583,0,0,0.00881488736532811,0,0.00802275960170697,0,0,0,0,0.0103246056000661,0,0,0,0,0,0.000876424189307625,0,0.00642801728914995,0.0365803534730785,0,0.0115103437548608
"k__Bacteria;p__Firmicutes;c__Clostridia;o__Clostridiales;f__Clostridiaceae;g__Clostridium;s__hiranonis",0,0,0,0,0,0,0,0,0,0,0,0,0,0,0,0,0,0,0,0,0,0,0,0,0,0,0,0,0,0,0,0,0,0,0,0,0,0,0,0,0,0,0,0,0,0,0,0,0.00118756030579678,0,0,0,0,0,0,0,0,0,0,0,0,0,0,0,0,0,0,0,0,0,0,0,0,0,0,0,0,0,0,0,0,0,0,0,0,0,0,0,0,0,0,0,0,0,0,0,0,0,0,0,0,0,0,0,0,0,0,0,0,0,0,0,0,0,0,0,0,0,0,0,0,0,0,0,0,0,0,0,0,0,0,0
"k__Bacteria;p__Firmicutes;c__Clostridia;o__Clostridiales;f__Clostridiaceae;g__Clostridium;s__butyricum",0.0331102500880592,0.00140620006391818,0,0,0,0,0,0,0,0,0.0265105638541246,0,0,0,0,0,0,0,0,0,0,0,0,0,0,0,0,0,0.00223351817621688,0,0,0,0,0,0,0,0,0,0,0,0,0,0,0,0,0,0,0,0.00170711793958287,0,0.00192080378250591,0,0,0,0,0,0,0,0,0,0,0,0,0,0,0,0,0,0,0,0,0,0,0,0,0,0,0,0,0,0,0,0,0,0,0,0,0,0,0,0,0,0,0,0,0.00856562137049942,0.0114838593001176,0,0,0.0108818011257036,0,0,0,0,0,0,0,0,0,0,0,0,0,0,0,0,0,0,0,0,0,0,0,0,0,0,0,0,0,0,0,0
"k__Bacteria;p__Firmicutes;c__Clostridia;o__Clostridiales;f__Lachnospiraceae;g__Dorea;s__",0.0309968298696724,0,0.0111476179300634,0.0119737048051338,0,0,0,0.00714074948362349,0,0.0188337194077953,0,0,0.00907108591365024,0.00938857852265674,0,0,0.0086727412449226,0,0,0,0,0.0135030265404315,0.0106309420916162,0.00876740587931924,0.009786551927782,0,0.025369978858351,0.0321247892074199,0,0.0605067715159458,0.018348623853211,0.0276303934327761,0.0316239316239316,0.0161462300076161,0.0132986701329867,0.0154840649428743,0.0108489492451256,0,0.0112143543735982,0,0.0110083663584324,0.00474613686534216,0,0,0.0180872150644202,0.0267604258228343,0,0.00937741686001547,0,0,0.00391548463356974,0.035051240160404,0.0044930357945185,0.0166585007349339,0,0.0161307000310206,0.0180560546173194,0,0.00489674260166063,0.00933991917377638,0.0141421659843692,0,0.0127719450156943,0.0470737913486005,0,0,0,0,0.0108816521048451,0.000293973542381186,0,0,0.0106118171099175,0,0,0,0,0,0.0338253382533825,0.00912908526565638,0.0319857840959573,0.0181992337164751,0.0212114816378219,0,0,0.0110948549134357,0.0219707057256991,0.0112027701395254,0.0122645211930926,0,0,0.0136251475163609,0.00455492935999382,0.0295629820051414,0.00361360832011282,0.0112514518002323,0.00886156071977575,0,0,0.0268918073796123,0.0084533500313087,0,0.0136249551810685,0.0197407189157336,0,0.00602523065336095,0,0.0360548271752086,0.00939014539579968,0.0208443972384493,0.000335289186923722,0,0,0.00739025910426498,0,0.0109246088193457,0.0126490126490126,0,0.00431838256943763,0.00359897172236504,0.0132980920128851,0.000785484251040767,0.0221046665407141,0,0.0132015941547659,0,0.0077125328659071,0,0,0,0,0.0130657956136258
"k__Bacteria;p__Firmicutes;c__Clostridia;o__Clostridiales;f__Lachnospiraceae;g__Dorea;__",0,0,0,0,0,0,0,0,0,0,0,0,0,0,0,0,0,0,0,0,0,0,0,0,8.43668269636379e-05,0,0,0,0,0,0,0,0,0,0,0,0,0,0,0,0,0,0,0,0,0,0,0,0,0,0,0,0,0,0,0,0,0,0,0,0,0,0,0,0,0,0,0,0,0,0,0,0,0,0,0,0,0,0,0,0,0,0,0,0,0,0,0,0,0,0,0,0,0,0,0,0,0,0,0,0,0,0,0,0,0,0.000241041298409127,0,0,0,0,0,0,0,0,0,0,0,0,0,0,0,0,0,0,0,0,0,0,0,0,0
"k__Bacteria;p__Proteobacteria;c__Gammaproteobacteria;o__Vibrionales;f__Vibrionaceae;g__Salinivibrio;s__costicola",0,0,0,0,0,0,0,0,0,0,0,0.00367197062423501,0,0,0,0,0,0,0,0,0,0,0,0,0,0,0,0,0.00146333949476278,0,0,0,0,0,0,0,0,0,0,0,0,0,0,0,0,0,0,0,0,0,0,0,0,0,0,0,0,0,0,0,0,0,0,0,0,0.000637890708058686,0,0,0,0,0.000659957102788319,0.000622006593269889,0,0,0,0,0,0,0,0,0,0.000670498084291188,0,0,0,0,0,0,0,0,0,0,0,0,0,0,0,0,0,0.00150093808630394,0,0,0,0,0,0,0,0,0,0,0,0,0,0,0,0,0,0,0,0,0,0,0,0,0,0,0,0,0,0.00133579942457871,0.000286204922724671,0
"k__Bacteria;p__Proteobacteria;c__Deltaproteobacteria;o__Desulfovibrionales;f__Desulfovibrionaceae;g__Desulfovibrio;s__C21_c20",0,0.00147011824864174,0,0,0,0.00188381137578999,0,0,0,0,0,0,0,0,0,0.00257091438855086,0,0.00211528291909043,0,0,0,0.00356976563712556,0.00328435609334486,0,0,0,0,0.00202360876897133,0.00254158964879852,0,0,0,0,0,0,0,0.00151733555875882,0,0,0,0,0.000717439293598234,0.00478416875067957,0.000626454268838375,0.00247770069375619,0,0.00435064333981301,0,0,0,0,0,0,0,0,0,0.00440172475745598,0,0.00308707685756866,0,0,0.00218665267208957,0,0,0,0.00116946629810759,0,0,0,0.000979911807937286,0,0,0,0,0,0,0,0,0,0,0,0,0,0,0,0,0,0,0,0,0,0,0,0,0,0.00203252032520325,0.00189890586852337,0,0,0,0,0,0,0.0030936947554508,0,0,0,0.00119189511323004,0,0.00146043547530536,0.00653813914501257,0,0.00301110995742914,0.00142462826106313,0,0.00193456614509246,0.00418600418600419,0,0,0,0.000660774758404229,0.000628387400832613,0,0,0.0039853869146463,0,0,0,0,0,0.00114481969089868,0
"k__Bacteria;p__Bacteroidetes;c__Bacteroidia;o__Bacteroidales;f__Rikenellaceae;__;__",0,0,0,0,0,0,0.00367084735393087,0.004131012097964,0,0,0,0,0,0.010397268777157,0,0,0,0,0,0,0,0,0,0,0,0,0.00298470339510011,0.00109612141652614,0,0,0,0,0,0,0,0,0.000986268113193233,0,0,0,0,0,0.00315320213112972,0,0.00140403039312851,0,0,0,0,0,0,0,0,0,0,0,0,0,0,0.000269420745397396,0,0,0,0,0,0,0,0.000791139240506329,0,0.00538951494365507,0,0,0,0,0,0,0,0,0,0,0,0,0,0,0,0.000243842965130456,0,0,0,0,0,0.0129814397596824,0.00223886358372578,0,0,0,0,0,0,0,0,0,0,0,0,0.00357748070043306,0,0,0,0,0.00117351215423303,0,0,0,0,0,0,0,0,0,0,0,0,0,0.000249086682165394,0,0.00035056967572305,0,0,0,0.00100171722953635,0
"k__Bacteria;p__Proteobacteria;c__Deltaproteobacteria;o__Desulfovibrionales;f__Desulfovibrionaceae;g__Desulfovibrio;s__D168",0,0,0,0,0,0,0.149892933618844,0.000649159043965772,0,0,0,0,0,0,0,0,0,0,0,0,0,0,0,0,0,0,0.0200223852754632,0.0136593591905565,0,0,0,0,0,0.000152322924600152,0.0092990700929907,0,0,0,0,0,0,0.00270419426048565,0.00771990866586931,0,0,0,0,0,0,0,0,0,0,0,0,0,0,0,0,0,0,0,0,0,0.0112330424263372,0.00733574314267489,0,0,0.0147736298649722,0,0,0,0,0,0,0,0,0,0,0,0,0,0,0,0,0,0,0,0,0,0,0,0,0,0,0,0,0,0,0,0,0,0,0,0,0,0,0,0.0148424878836834,0,0,0,0,0.00115751046211379,0,0,0,0,0,0,0,0,0,0,0.0024078379275988,0.00242736858074793,0.0035056967572305,0,0,0,0,0
"k__Bacteria;p__Actinobacteria;c__Coriobacteriia;o__Coriobacteriales;f__Coriobacteriaceae;g__Adlercreutzia;s__",0,0,0,0.00250430427296917,0,0,0,0,0,0,0,0,0,0,0,0,0,0,0,0,0,0,0,0,0,0,0,0.000927487352445194,0,0,0,0,0,0,0,0,0.000531067445565587,0,0,0,0,0,0,0,0,0,0,0,0,0,0,0,0,0,0,0,0,0,0.0014903129657228,0,0,0,0,0,0,0,0.000546050236621769,0,0,0,0,0,0,0,0,0,0,0,0,0,0,0,0,0,0,0,0,0,0,0.00198019801980198,0,0,0,0,0,0,0,0,0,0,0,0,0,0,0.000222866057499443,0,0,0,0,0,0,0,0,0,0,0,0,0,0,0,0,0,0,0,0,0.000151710536296746,0,0,0,0,0,0
"k__Bacteria;p__Proteobacteria;c__Gammaproteobacteria;o__Pasteurellales;f__Pasteurellaceae;g__Haemophilus;s__parainfluenzae",0.00933427263120817,0.0024928092042186,0,0,0,0,0,0,0,0.00946721724242119,0,0,0,0,0.00207347890883172,0.00291370297369098,0,0,0.0202115158636898,0.00987484211734987,0.0519408910454345,0.00201769362098401,0.00328435609334486,0.0804538421866942,0,0.0515385781415795,0,0.0166947723440135,0.00408194701170672,0,0,0.00470517569326259,0.0156410256410256,0,0,0,0.00341400500720734,0.00299348476844515,0,0.0784586228679722,0,0.0054635761589404,0.0175057083831684,0,0,0.00302763941791191,0.00305470702582616,0.0353828306264501,0.0122467156535293,0,0.010121158392435,0.00311896628545968,0.00509210723378763,0.00489955903968643,0,0.0110640057905077,0,0,0.0273578880136257,0.0017961383026493,0.00272918992680809,0,0,0.00174936386768448,0.0525360753477923,0.00318945354029343,0.017170246329329,0,0.0121525019857029,0,0,0,0,0.00069023320021693,0.0118686868686869,0,0,0.000895321942848616,0.00627306273062731,0,0,0,0,0,0,0,0,0,0,0.0198019801980198,0.0425316455696203,0,0,0,0.021505376344086,0.0123403019744483,0.0112125870331856,0,0.00123034859876965,0.0217636022514071,0,0,0.0320903549659376,0.00589275191514437,0,0.00461306721897948,0.0141410895066688,0,0.00121163166397415,0,0.0797988264878458,0.00535694763310375,0.00218045893469006,0.0029382957884427,0.00201663725737333,0.00108108108108108,0,0,0.000490725291981549,0,0,0,0,0.00309844192634561,0,0,0,0,0,0.0104808877928483,0.00093016599885518,0
"k__Bacteria;p__Proteobacteria;c__Gammaproteobacteria;o__Pasteurellales;f__Pasteurellaceae;g__Aggregatibacter;s__",0,0,0,0,0,0,0,0,0,0,0,0,0,0,0,0,0,0,0,0,0,0,0,0,0,0,0,0,0,0,0,0,0,0,0,0,0,0,0,0,0,0,0,0,0,0,0,0,0.00222667557336896,0,0.00184692671394799,0,0,0,0,0,0,0,0,0,0,0,0,0,0,0,0,0,0,0,0,0,0,0,0,0,0,0,0,0,0,0,0,0,0,0,0,0,0,0,0,0,0,0,0,0,0,0,0,0,0,0,0,0,0,0,0,0,0,0,0.000754400670578374,0,0,0,0,0,0,0,0,0,0,0,0,0,0,0,0,0,0,0,0,0
"k__Bacteria;p__Fusobacteria;c__Fusobacteriia;o__Fusobacteriales;f__Fusobacteriaceae;g__Fusobacterium;s__",0.00440295878830574,0.00102269095557686,0,0,0,0,0,0,0,0,0,0,0,0,0,0,0,0,0,0,0.00650639611821791,0.00217290082259817,0,0,0,0,0,0,0,0,0.00110091743119266,0,0,0,0,0,0,0,0,0,0,0,0,0,0.00140403039312851,0,0,0,0.00957470496548653,0,0.014701536643026,0,0,0,0,0,0,0,0,0,0.0111648678823967,0,0.0115813399718584,0,0,0,0.00127411721878413,0,0,0,0.0171588846724963,0,0,0,0,0,0,0,0,0,0,0,0.0264879696074293,0,0,0,0,0,0,0,0,0,0,0,0,0,0,0,0,0,0,0,0,0,0,0,0,0,0,0,0,0,0.000311494133527152,0,0,0,0.00900900900900901,0,0,0,0,0,0,0,0,0,0,0,0,0,0,0
"k__Bacteria;p__Proteobacteria;c__Gammaproteobacteria;o__Pseudomonadales;f__Pseudomonadaceae;g__Pseudomonas;s__viridiflava",0,0.00651965484180249,0,0,0,0.0054691298006806,0,0.00354086751254057,0,0.00846006647195085,0,0,0,0,0,0.00814122889707773,0.00801405203644747,0,0.0143360752056404,0.0121713170283615,0.0104764005293339,0.0048114232500388,0.00751944684528954,0,0,0,0,0.0149241146711636,0.0117837338262477,0.00425950196592398,0.0129663608562691,0,0.00316239316239316,0.0150799695354151,0.0137986201379862,0.023752254960914,0.00781427812760792,0,0,0,0,0.0043046357615894,0.010981841904969,0.00447467334884553,0,0,0.00499861149680644,0.00435034802784223,0.00809025458324055,0,0,0,0.00479257151415306,0.00600195982361587,0,0,0,0,0.00734511390249095,0,0.0115370301451433,0,0,0,0,0,0.00351899041378473,0,0.00405083399523431,0,0.0102293350932189,0,0,0,0,0,0,0.00193986420950533,0,0.00505142718032986,0,0.00881226053639847,0,0,0,0.00146305779078274,0,0.00753640900295346,0,0,0.00379746835443038,0,0.00702539952134641,0,0.00854926846465715,0.00958188153310104,0.00660095849534316,0.00545966889749912,0.00997949419002051,0.015509693558474,0.00931433938634941,0.00466948781555523,0.0112943707422015,0.00854449027695934,0.0093603744149766,0,0.00433874337136429,0.00774731823599523,0.00333198707592892,0,0,0,0.0150555497871457,0.00988335856112546,0.0100831862868666,0.00278805120910384,0.00627900627900628,0,0.00215919128471881,0,0,0,0.00566786321556773,0,0.00415144470275656,0,0,0,0.00908788651224648,0,0.00779908414424728,0
"k__Bacteria;p__Proteobacteria;c__Gammaproteobacteria;o__Pseudomonadales;f__Pseudomonadaceae;g__Pseudomonas;__",0,0,0,0.00594772264830177,0,0,0,0,0,0,0,0,0,0,0,0,0.00263475683390054,0.00141018861272695,0,0.0011482374555058,0.00209528010586678,0,0,0,0,0.00712445050780658,0,0,0,0.00797291393621669,0.00379204892966361,0.0107117829612574,0,0,0,0.00736620565243536,0,0,0,0,0,0,0,0.00178986933953821,0.00668979187314172,0,0,0,0,0,0.000517139479905437,0,0,0,0,0,0,0,0,0,0,0,0,0,0.00838157781042081,0,0,0,0,0,0,0,0,0,0,0,0,0,0,0,0,0.00766283524904215,0,0,0,0,0,0,0,0,0,0,0.0033968964718598,0,0,0,0,0,0,0.00275171982489056,0,0,0,0,0,0,0,0,0,0,0.00419111483654652,0,0,0,0,0,0,0,0.00392580233585239,0,0.00322127694722062,0,0,0,0.00273995350381933,0,0,0,0,0,0,0
"k__Bacteria;p__Proteobacteria;c__Gammaproteobacteria;o__Xanthomonadales;f__Xanthomonadaceae;g__Stenotrophomonas;__",0,0,0,0,0,0,0,0,0,0,0,0,0,0,0,0,0,0,0,0,0,0,0,0,0,0,0,0,0,0.00109217999126256,0,0,0,0,0,0.00165363800360794,0,0,0,0,0,0,0,0,0,0,0,0,0,0,0,0,0,0,0,0,0,0,0,0,0,0,0,0,0,0,0.00024268899405412,0,0,0,0,0,0,0,0,0,0,0,0,0,0,0,0,0,0,0,0,0,0,0,0,0,0,0,0,0,0,0,0,0,0.00101753287413901,0,0,0,0,0,0,0,0,0,0,0,0,0,0,0,0,0,0,0,0,0,0,0,0,0,0,0,0,0,0,0
"k__Bacteria;p__Proteobacteria;c__Alphaproteobacteria;o__Rhizobiales;f__Methylobacteriaceae;g__Methylobacterium;s__",0,0,0,0,0,0,0,0,0,0,0,0,0,0,0,0,0,0,0,0,0,0,0,0,0,0,0,0,0,0,0,0,0,0,0,0,0,0,0,0,0,0,0,0,0,0,0,0,0,0,0,0,0,0,0,0,0,0,0,0,0,0,0,0,0,0,0,0,0,0,0,0,0,0,0.000126262626262626,0,0,0,0,0,0,0,0,0,0,0,0,0,0,0,0,0,0,0,0,0,0,0,0,0,0,0,0,0,0,0,0,0,0,0,0,0,0,0,0,0,0,0,0,0,0,0,0,0,0,0,0,0,0,0,0,0
"k__Bacteria;p__Firmicutes;c__Clostridia;o__Clostridiales;f__Veillonellaceae;__;__",0,0,0,0,0,0,0,0,0,0.000604290462282204,0,0,0,0.000232774674115456,0,0,0,0.000528820729772607,0,0,0,0,0,0,0.000168733653927276,0,0,0,0,0,0,0,0,0,0,0.000601322910402886,0,0,0.000640820249919897,0,0,0,0,0,0.000165180046250413,0,0,0,0,0,0,0,0,0,0,0,0,0,0,0,0,0,0.00119060504383591,0,0.000259224055992396,0.00180735700616628,0,0,0,0,0,0,0,0,0,0,0.000967519004837595,0,0,0,0,0,0,0,0,0.000243842965130456,0,0,0,0,0,0,0,0,0,0,0,0,0,0,0,0,0,0,0,0,0,0,0,0,0,0,0,0,0,0,0,0,0,0.00038560411311054,0,0,0,0,0,0,0,0,0,0,0,0
"k__Bacteria;p__Firmicutes;c__Clostridia;o__Clostridiales;f__Christensenellaceae;g__Christensenella;s__",0,0,0,0.00226952574737831,0,0,0,0.00182944821481263,0,0,0,0,0,0,0,0,0,0,0,0,0,0,0,0,0,0,0,0,0,0,0,0,0,0,0,0,0,0,0,0,0,0,0,0,0,0,0,0,0,0,0,0,0,0,0,0,0,0,0,0,0,0,0,0,0,0,0,0,0,0,0,0.000870809230577844,0,0,0,0,0,0,0,0,0,0,0,0,0,0,0,0,0,0,0,0,0,0,0,0,0,0,0,0,0,0,0,0,0,0,0,0,0,0,0,0,0,0,0,0,0,0,0,0,0,0,0,0,0.000166057788110262,0,0,0,0,0,0,0
"k__Bacteria;p__Firmicutes;c__Clostridia;o__Clostridiales;f__Christensenellaceae;g__;s__",0,0,0.013846514902605,0.0142432305525121,0.00234164617726262,0,0.0145814214336698,0.00814399527884332,0.00169931133172346,0.00694934031624534,0,0,0.00915830789358918,0.00248292985723153,0,0,0,0,0,0,0,0,0.0112359550561798,0,0.0101240192356365,0,0,0.00404721753794266,0,0,0,0,0.0052991452991453,0,0,0,0,0,0,0,0,0,0,0.00626454268838375,0,0,0,0,0,0,0,0.00311896628545968,0,0,0,0,0,0.00479298388741587,0,0.003861697350696,0,0,0,0,0,0,0,0,0.015647339158062,0.00646741793238609,0,0,0,0,0,0,0,0,0,0,0,0,0,0,0,0,0.00715712383488682,0,0.00127551020408163,0,0,0,0.00239326796881031,0,0,0,0,0,0,0,0,0,0,0,0,0,0,0,0,0.00079660116834838,0.00293378038558256,0,0,0,0,0.000113798008534851,0,0,0,0,0,0,0,0,0.00298904018598472,0,0.00464504820333041,0,0,0,0,0
"k__Bacteria;p__Firmicutes;c__Clostridia;o__Clostridiales;f__Veillonellaceae;g__Veillonella;s__dispar",0,0.00108660914030042,0.00645388406477353,0.000469557051181719,0,0,0.00509839910268176,0.000531130126881086,0,0,0,0,0.000872219799389446,0,0,0,0,0.0022915564956813,0,0.00803766218854059,0.0302161446846052,0,0,0,0,0.00848870698802486,0,0,0.0136321626617375,0,0,0.0193212533787166,0.0233333333333333,0.0297791317593298,0.0041995800419958,0.0208959711365003,0,0,0,0,0.00563628357551739,0.0033112582781457,0.00739371534195933,0,0.0110670630987777,0,0,0,0.00950048244637423,0,0.0149970449172577,0,0,0.00832925036746693,0.0440016604400166,0.0208871885017061,0.0153611210923464,0,0.0497125824994677,0,0.00992432700657487,0.00481063587859704,0.0123389977270267,0.0252862595419847,0.0314525187937441,0.0292366574526898,0.00806940905229948,0,0.000158856235107228,9.79911807937286e-05,0.0656657317274377,0.0104497107669341,0,0,0,0,0.542225293711126,0,0.0199261992619926,0,0,0,0,0,0,0,0,0.00448110805581016,0.00608320251177394,0.0212164073550212,0.0422784810126582,0.00375496191395773,0.00355130085694434,0.00337403598971722,0.00317292437863564,0.0079123112659698,0.0175422732615969,0.0160267699894329,0.0132604237867396,0.0393996247654784,0.00250469630557295,0.0427549978111776,0.00896378630333453,0,0,0,0.00642776795757673,0.0113230035756853,0,0,0.0135792120704107,0,0,0,0.0115956642298966,0.0113798008534851,0.0188370188370188,0.00666370501999112,0,0,0,0.000864032676144843,0.00340071792934064,0,0,0.0019722369718577,0,0.00357730557344208,0.0165133547600576,0,0,0
"k__Bacteria;p__Firmicutes;c__Clostridia;o__Clostridiales;f__Veillonellaceae;g__Megasphaera;s__",0,0,0,0,0,0,0,0.00672764827382709,0,0,0,0,0.0340165721761884,0.0245965238981999,0,0,0.000439126138983423,0.0074034902168165,0,0,0.00242611380679312,0.0361632779760981,0.00432152117545376,0,0,0,0,0.00834738617200675,0.0107825015403574,0.0389908256880734,0,0.000200220242266493,0,0,0,0.00631389055923031,0,0,0,0,0,0,0.0274002392084375,0.0132450331125828,0.000578130161876445,0.0329133704463326,0,0,0,0,0,0,0,0,0.0211706102117061,0,0.00745598275242544,0.00469100550683255,0,0.0017961383026493,0,0.00341117816845972,0.047083017642602,0,0.00319709669057289,0,0.00491445212959592,0,0.0199364575059571,0,0,0.0180381912048268,0.000917070614437312,0,0,0,0,0,0.0040590405904059,0,0,0,0,0,0.0204918032786885,0.0271884906120458,0,0,0,0,0.00291139240506329,0,0,0,0,0,0.0153720951261416,0.00281789362451567,0,0,0,0.0179483437910404,0.00250986016493367,0,0,0,0,0,0,0,0.000670578373847443,0,0,0.00133558899474668,0,0.00273115220483642,0.00582400582400582,0,0,0.0012853470437018,0,0.00125677480166523,0,0,0.0290601129192959,0.00841993476446939,0.0441717791411043,0,0.000997450958661199,0,0.0253291356611334,0
"k__Bacteria;p__Actinobacteria;c__Coriobacteriia;o__Coriobacteriales;f__Coriobacteriaceae;g__Atopobium;s__",0,0,0,0,0,0,0,0,0,0,0,0,0,0,0,0,0,0,0,0,0,0,0,0,0,0,0,0.000843170320404722,0,0,0,0,0,0,0,0,0,0,0,0,0,0,0.000869848863759922,0,0,0,0,0,0,0,0.00169917257683215,0,0,0,0,0,0,0,0,0,0.000496216350328743,0.0103210006122627,0,0.00143129770992366,0.0064806013998099,0,0.00339764591675767,0,0,0,0,0,0,0,0,0,0,0,0.0011070110701107,0.00322561012719859,0,0,0,0,0,0,0,0,0,0,0.00683544303797468,0,0,0,0,0,0,0.00378654455794294,0,0.00500312695434647,0,0,0,0,0.0158977787682936,0,0.00160694198939418,0.00158919348430671,0,0.00331917153478492,0,0,0,0,0,0,0.0128310128310128,0,0,0.00218508997429306,0.00198232427521269,0.00149242007697746,0,0.000619688385269122,0,0,0,0,0,0,0.0022180881511162,0.00311090371752994
"k__Bacteria;p__Proteobacteria;c__Alphaproteobacteria;o__Caulobacterales;f__Caulobacteraceae;g__Brevundimonas;__",0,0.00402684563758389,0,0,0,0,0,0,0,0,0,0,0,0,0,0.00351358299768618,0.000219563069491711,0.00564075445090781,0,0,0,0,0,0,0,0,0.00248725282925009,0,0.00955021565003081,0,0.00513761467889908,0.0100110121133247,0.0094017094017094,0,0.0024997500249975,0,0.00235187011607617,0,0,0,0,0.0022075055187638,0.00652386647819941,0,0,0,0.0117559937054522,0,0,0,0,0,0.00307024112625431,0,0,0,0,0,0.00447093889716841,0,0,0,0,0,0,0,0.00424705739594709,0,0,0,0,0,0,0,0,0,0,0.00387972841901067,0,0,0,0,0,0,0,0,0,0.00661981871881047,0,0,0.00367088607594937,0,0,0,0.00105764145954521,0.00936411149825784,0,0.00704473406128919,0,0.0016260162601626,0,0,0,0,0,0,0.00233006588462157,0,0.00353392568659128,0,0.00804694048616932,0,0,0,0,0,0.000637000637000637,0,0,0,0.00801189394565128,0,0,0,0,0,0,0.000715461114688417,0.00310318076027929,0,0.000715512306811677,0
"k__Bacteria;p__Proteobacteria;c__Alphaproteobacteria;o__Caulobacterales;f__Caulobacteraceae;g__;s__",0,0.00568871844039629,0,0,0,0,0,0,0,0,0,0,0,0,0,0.00497043448453166,0,0.0074034902168165,0,0,0,0,0.000691443388072602,0,0,0,0.00186543962193757,0.00598650927487352,0.0120918052988293,0,0.00330275229357798,0.00840925017519271,0.012991452991453,0,0.0033996600339966,0,0.00144146878082088,0,0,0,0,0.00320088300220751,0.00935087528541916,0,0,0.00351596835628479,0.0089789873183375,0,0,0,0.00132978723404255,0,0.00434326793470121,0,0,0,0,0,0.00904832872045987,0,0,0,0,0,0,0,0.00564251911175828,0.00124321880650995,0,0,0,0,0,0,0,0,0,0.00447660971424308,0,0,0,0,0,0,0,0,0,0.00549954170485793,0,0,0.00822784810126582,0,0,0,0.00176273576590869,0.00762195121951219,0,0.0103909827404015,0,0,0,0,0,0,0,0,0.00433874337136429,0,0.0063610662358643,0,0.0112321877619447,0,0,0,0,0,0,0,0,0,0.0080944907904518,0,0,0,0,0,0,0,0.00919871439654217,0,0,0
"k__Bacteria;p__Actinobacteria;c__Coriobacteriia;o__Coriobacteriales;f__Coriobacteriaceae;g__Collinsella;s__aerofaciens",0,0.00121444550974752,0.0532738793710397,0.0765377993426201,0,0.0137943607194944,0.0179463648414398,0.00773089406904692,0.00116268670065289,0.0425017625138483,0,0,0.01735717400785,0.0129577901924271,0.00686839888550509,0.0135401491130345,0.0261280052695137,0,0.00810810810810811,0,0,0,0.0127917026793431,0,0.0112207879861638,0.00651811429437623,0,0.0112984822934233,0,0,0,0.0139153068375213,0.0145299145299145,0.00731150038080731,0,0.00631389055923031,0.0146422881420226,0,0,0,0,0,0.00500163096661955,0.0116341507069984,0,0,0,0.0230085073472544,0,0,0,0.0934204663597208,0,0.0118814306712396,0,0.00217144038879123,0,0,0,0.0132016165244724,0.0124054087582186,0.0168809586285314,0.0440523866219288,0.0330788804071247,0.00483884904519139,0,0,0.0119801084990958,0,0,0,0,0,0,0.00599747474747475,0,0,0,0,0,0.0202132385606397,0.0193486590038314,0,0,0.00522894290559638,0.0315776639843941,0,0.00936958957123943,0.0169740973312402,0,0,0.0512820512820513,0.0144368100054042,0,0,0,0.00162763360159146,0,0,0,0.0154978083907326,0,0,0,0,0.0350216531726605,0.011891370721517,0,0,0,0.0160100586756077,0.0179293757516126,0,0.00204790312527825,0,0.00130867709815078,0,0,0,0,0.0182539027009168,0.00919016573717697,0.00784054411486869,0.0135446175637394,0.0133676519428761,0.0113024349541076,0.0386503067484663,0,0,0,0,0
"k__Bacteria;p__Cyanobacteria;c__Chloroplast;o__Streptophyta;f__;g__;s__",0,0,0,0,0,0,0,0,0,0,0,0,0,0.00162942271880819,0,0,0,0,0,0,0,0.00279372962905479,0.000605012964563526,0,0,0,0.00435269245118766,0,0.00731669747381393,0,0.011131498470948,0,0.00572649572649573,0,0.0047995200479952,0,0.00432440634246264,0,0,0,0,0,0,0,0,0,0,0,0,0,0,0,0,0.00134737873591377,0,0,0,0.000305935141749949,0.00244837130083032,0,0,0,0,0.0271946564885496,0.000604856130648924,0.00287050818626409,0,0,0,0.00235178833904949,0,0.00155501648317472,0.00209616140442814,0,0,0,0,0,0,0,0,0,0,0,0,0,0,0,0,0,0.00215189873417722,0,0,0,0,0,0,0,0,0.00562851782363977,0.000860989355040701,0,0,0,0,0,0,0,0,0,0,0,0,0.00970528002849256,0,0,0,0,0,0,0,0,0,0,0,0,0,0.00121628389497031,0,0.00339087546239211,0.000643961076130509,0
"k__Bacteria;p__Proteobacteria;c__Betaproteobacteria;o__Burkholderiales;f__Alcaligenaceae;g__Sutterella;s__",0.0144417048256428,0.00632790028763183,0.00985684111710866,0.00367819690092346,0,0,0.00020393596410727,0,0.0118057418835525,0.0141001107865848,0,0,0.01569995638901,0.00783674736188703,0.00557247456748526,0.00368497729025623,0.00230541222966297,0,0.0260869565217391,0.0252612240211276,0.0121305690339656,0.0316622691292876,0.00855661192739844,0,0.00295283894372733,0.0145520691223283,0.00323342867802512,0.00075885328836425,0.0191004313000616,0.0178025338575797,0.00318042813455657,0.00470517569326259,0.00982905982905983,0.00548362528560548,0.0131986801319868,0.0148827420324714,0.0162354904787194,0.0360979045606621,0.0403716757449535,0.0381554011370815,0,0,0.00163096661954985,0.000715947735815286,0.0133795837462834,0.0229514601035257,0.00138850319355735,0,0,0,0,0,0.0104837501872098,0.0164135227829495,0,0,0,0.012237405669998,0.00329997870981478,0.00296362819937135,0.0143902741595336,0.010058602291612,0.0178590756575387,0,0.00639419338114577,0.00361471401233255,0.000788739230675889,0,0.00595710881652105,0.0178343949044586,0,0,0,0,0,0,0.0103662750518314,0.00701335521898083,0,0,0.0315415370946246,0.000766283524904215,0.015618404390038,0.034303727053588,0.0340587902769926,0,0.0274633821571238,0.0144617578164783,0.0104984301412873,0.0128712871287129,0,0.00160926939169617,0.00324249208677526,0.0351863753213368,0,0.0039924506387921,0.00198932995750068,0,0,0,0,0,0,0.0246022392457278,0,0.0160986631519488,0.00554394986340993,0.0238379022646007,0.00504846526655897,0.039830058417419,0.0027661357921207,0,0.0146402242757761,0.01478051820853,0.0687337198554743,0.0087624466571835,0,0,0.0148199038178428,0.0006426735218509,0.0107375898240687,0.00322048542926714,0.0118080483657661,0.0124822946175637,0.00963135171039522,0,0.0141980718667835,0,0.0318076027928627,0.0692560624743116,0.0108042358328563,0.0373308446103593
"k__Bacteria;p__Actinobacteria;c__Actinobacteria;o__Bifidobacteriales;f__Bifidobacteriaceae;g__;s__",0,0,0,0,0,0,0.000305903946160905,0,0,0,0,0,0.000174443959877889,0,0,0,0,0,0,0,0,0,0,0,0,0,0,0,0,0,0,0,0,0,0,0,0,0,0,0,0,0,0,0,0,0,0,0,0,0,0,0,0,0.000244977951984321,0,0,0,0.000203956761166633,0,0,0,0,0,0,0,0,0,0,0,0,0,0,0,0,0,0,0,0,0,0,0,0,0,0,0.000282645562464669,0,0,0,0,0,0,0,0,0,0,0,0,0,0,0,0,0,0,0,0,0,0.000241041298409127,0,0,0,0,0,0,0,0,0.000113798008534851,0,0,0.000392580233585239,0,0,0,0,0,0,0,0,0.00100164556056378,0,0,0,0
"k__Bacteria;p__Firmicutes;c__Clostridia;o__Clostridiales;f__Ruminococcaceae;g__Ruminococcus;__",0,0,0,0.00226952574737831,0,0,0,0,0,0,0,0,0.1041430440471,0,0,0,0.00142715995169612,0,0,0,0,0,0,0,0.004893275963891,0,0.0152966048998881,0.00404721753794266,0,0,0,0.000100110121133247,0.00230769230769231,0,0,0,0.00561414156740763,0,0,0,0,0,0,0,0,0,0,0.000290023201856148,0,0,0,0,0,0,0,0,0,0.00356924332041607,0,0,0,0,0,0.00143129770992366,0.00475244102652726,0.000956836062088029,0,0,0,0.00225379715825576,0,0.00590906263606394,0,0,0.00214646464646465,0,0,0,0,0,0,0,0,0,0,0,0,0,0.00941915227629513,0.0101838755304102,0.0135443037974684,0,0,0,0.000440683941477173,0,0,0,0,0,0,0,0,0,0,0,0,0.000397298371076679,0.000807754442649435,0.00159320233669676,0.00134115674769489,0,0,0,0,0.0089900426742532,0,0,0,0,0,0,0,0,0,0,0,0,0.000554139421478444,0,0,0
"k__Bacteria;p__Firmicutes;c__Clostridia;o__Clostridiales;f__Ruminococcaceae;g__Faecalibacterium;s__",0,0,0,0,0,0,0,0,0,0,0,0,0,0,0,0,0,0,0,0,0.000330833700926334,0,0,0,0,0,0,0,0,0,0,0,0,0,0,0,0,0,0,0,0,0,0,0,0,0,0,0,0,0,0,0,0,0,0,0,0,0,0,0,0,0,0,0,0,0,0,0,0,0,0,0,0,0,0,0,0,0,0,0,0,0,0,0,0,0,0,0,0,0,0,0,0,0,0,0,0,0,0,0,0,0,0,0,0,0,0.000160694198939418,0,0,0,0,0,0,0.000534235597898673,0,0,0,0,0,0,0,0,0,0,0,0,0,0,0,0.00020550760378134,0,0
"k__Bacteria;p__Firmicutes;c__Bacilli;o__Lactobacillales;f__Lactobacillaceae;g__Lactobacillus;s__salivarius",0,0.000127836369447108,0,0,0,0,0,0,0,0,0,0,0,0,0,0,0,0,0,0,0,0,0,0,0,0,0,0,0,0,0,0,0.00170940170940171,0.00099009900990099,0,0,0,0,0,0,0,0,0,0,0,0,0,0,0,0,0,0.0329719293034309,0.000149767859817283,0,0,0,0,0,0,0,0,0,0,0,0.00587574526916098,0.0112694025090368,0,0,0,0,0.00263982841115327,0,0,0,0,0,0,0,0,0,0,0,0,0,0,0,0,0,0,0,0,0,0.000308808770169073,0,0,0,0,0.0154103557590701,0,0,0,0,0,0.0079552150854449,0.00557165143748607,0,0,0,0,0,0,0,0,0,0,0,0.0202930202930203,0.00666370501999112,0,0,0,0,0,0,0,0.00053098687703861,0,0,0,0,0,0.00715507855031887
"k__Bacteria;p__Proteobacteria;c__Gammaproteobacteria;o__Enterobacteriales;f__Enterobacteriaceae;g__Citrobacter;s__",0,0,0,0,0,0,0,0,0,0,0,0,0,0,0,0,0,0,0,0,0,0,0,0,0.00202480384712731,0,0,0,0,0,0,0,0,0,0,0,0,0,0,0,0,0,0,0,0,0,0,0,0,0,0,0,0,0,0,0,0,0,0,0,0,0,0,0,0,0,0,0,0,0,0,0,0,0,0,0,0,0,0,0,0,0,0,0,0,0,0,0,0,0,0,0,0,0,0,0,0,0,0,0,0,0,0,0,0,0,0,0,0,0,0,0,0,0,0,0,0,0,0,0,0,0,0,0,0,0,0,0,0,0,0,0
"k__Bacteria;p__Firmicutes;c__Clostridia;o__Clostridiales;f__Veillonellaceae;g__Veillonella;__",0,0,0,0,0,0.00133689839572193,0,0,0,0.000906435693423305,0,0,0,0,0.00174949782932677,0.00205673151084069,0,0,0,0.00688942473303479,0.00595500661667402,0.0062082880645662,0,0,0,0.0359254206457481,0,0,0.00569932224276032,0,0,0,0,0.00708301599390708,0,0,0,0,0,0.0256475047378395,0,0,0.00924214417744917,0.00214784320744586,0,0,0,0,0.00141022786313367,0,0.00177304964539007,0,0,0.0151886330230279,0.0491213504912135,0.0038258711612036,0.00664750269493353,0,0.00127741111347669,0,0.00285324401439027,0,0,0,0.00691264149313056,0.00956836062088029,0.000788739230675889,0,0,0,0.000659957102788319,0,0,0,0,0,0.02930200414651,0,0,0,0,0,0,0,0.00395703787450537,0.00158497927334796,0.00216378162450067,0,0,0,0.0125316455696203,0,0,0.00594473007712082,0.0137493389740878,0.0102351916376307,0.00651053440636586,0,0.0183185235816815,0,0,0,0,0,0,0,0.00562429696287964,0,0,0.00106213489113117,0,0,0,0,0.0099991597344761,0.00728307254623044,0.0334880334880335,0.00844069302532208,0,0,0.00561658544643595,0,0,0,0.005064762537363,0,0.00035056967572305,0,0,0,0,0
"k__Bacteria;p__Firmicutes;c__Clostridia;o__Clostridiales;f__Veillonellaceae;g__Selenomonas;__",0,0,0,0,0,0,0,0,0,0,0,0,0,0,0,0,0,0,0,0,0,0,0,0,0,0,0,0,0,0,0,0,0,0,0,0,0,0,0,0,0,0,0,0,0,0,0,0,0,0,0,0,0,0,0,0,0,0,0,0,0,0,0,0,0,0,0,0,0,0,0,0,0,0,0,0,0,0,0,0,0,0,0,0,0,0,0,0,0,0,0,0,0,0,0,0,0,0,0,0,0,0,0,0,0.000445732114998886,0,0,0,0,0,0,0,0,0,0,0,0,0,0,0,0,0,0,0,0,0,0,0,0,0,0,0
"k__Bacteria;p__Firmicutes;c__Clostridia;o__Clostridiales;f__Ruminococcaceae;g__Ethanoligenens;s__",0,0,0,0,0,0,0,0,0,0,0,0,0,0,0,0,0,0,0,0,0,0,0,0,0,0,0,0,0,0,0,0,0,0,0,0,0,0,0,0,0,0,0,0,0,0,0,0,0,0,0,0,0,0,0,0,0,0,0,0,0,0,0,0,0,0,0,0,0,0,0,0,0,0,0,0,0,0,0,0,0,0,0,0,0,0,0,0,0,0,0,0,0,0,0,0,0,0,0,0,0,0,0,0,0,0,0,0,0,0,0,0,0,0,0.000252079657171666,0,0,0,0,0,0,0,0,0,0,0,0,0,0,0,0,0
"k__Bacteria;p__Firmicutes;c__Bacilli;o__Lactobacillales;f__Leuconostocaceae;__;__",0,0.00127836369447108,0,0,0,0,0,0.00230156388315137,0,0,0,0,0,0,0.0029806259314456,0,0,0,0,0,0,0,0,0,0,0,0,0,0,0,0,0,0,0,0,0,0.000151733555875882,0,0,0,0,0,0,0,0,0,0,0,0,0,0,0,0,0,0,0,0,0,0,0,0,0,0,0,0,0,0,0,0,0,0,0,0,0,0,0,0,0,0,0,0,0,0,0,0,0,0,0.00122212037885732,0,0,0,0,0.000694819732880414,0,0.00378988189670368,0,0,0,0,0,0,0,0,0,0,0,0,0,0,0,0,0,0,0,0,0,0,0.00022212350066637,0,0,0,0,0,0,0,0,0,0,0,0,7.15512306811677e-05,0
"k__Bacteria;p__Firmicutes;c__Bacilli;o__Gemellales;f__Gemellaceae;__;__",0,0,0,0,0,0,0,0,0,0,0,0,0,0.0010862818125388,0.00246225620423767,0.00702716599537235,0,0,0,0.00218165116546102,0,0,0,0,0,0,0,0,0,0,0,0.000800880969065973,0,0,0,0,0,0,0,0,0,0,0,0,0.00346878097125867,0,0,0,0.000816447710235285,0,0,0,0,0,0,0,0,0,0,0,0,0,0,0,0,0,0.00230554544351414,0,0,0,0,0,0.000917070614437312,0,0,0,0,0,0,0,0,0,0,0,0,0,0,0,0,0,0,0,0,0,0.00449497620306716,0,0,0.00722085241282142,0,0.00175109443402126,0,0.00627462425215234,0,0,0,0,0,0,0,0,0.00645431684828164,0,0,0,0,0,0,0,0,0,0,0,0,0,0,0,0,0,0,0,0,0
"k__Bacteria;p__Firmicutes;c__Bacilli;o__Gemellales;f__Gemellaceae;g__;s__",0,0,0,0,0,0.000607681088964511,0,0,0,0,0,0,0,0,0,0,0,0,0,0,0,0,0,0,0,0.00742761861452175,0,0,0,0.000436871996505024,0.000978593272171254,0,0,0,0,0,0,0,0,0,0,0,0,0,0.0025602907168814,0,0,0,0,0,0,0,0.000599071439269133,0,0,0,0,0,0.00287417500532255,0.00152671755725191,0.000868378613075301,0.0014869238170209,0,0,0.00259224055992396,0,0.0030336124256765,0,0,0,0,0,0,0,0,0,0,0,0,0,0,0.00268199233716475,0,0,0,0,0,0,0,0,0.00493670886075949,0,0,0,0,0,0,0,0,0,0.00203506574827802,0,0,0,0.000222866057499443,0,0.00136590069098506,0,0,0,0.00528080469404862,0,0,0.000979431929480901,0.000840265523905554,0,0.00664300664300664,0,0.00186475610952989,0,0,0,0,0,0,0,0,0,0,0.00061652281134402,0.00128792215226102,0
"k__Bacteria;p__Firmicutes;c__Bacilli;o__Lactobacillales;f__Enterococcaceae;__;__",0,0,0,0,0,0,0,0,0,0,0,0,0,0,0,0,0,0,0,0,0,0,0,0,0,0,0,0,0,0,0,0,0,0,0,0,0,0,0,0,0,0,0,0,0,0,0,0,0,0,0,0,0,0,0,0,0,0,0,0,0,0,0,0,0,0,0,0,0,0,0,0,0,0,0,0,0,0,0,0,0,0,0,0,0,0,0,0,0,0,0,0,0,0,0,0,0,0,0,0,0,0,0,0,0,0,0,0,0,0,0,0,0,0,0,0,0,0,0,0,0,0,0,0,0,0.000682697413335356,0,0,0,0,0,0
"k__Bacteria;p__Firmicutes;c__Bacilli;o__Lactobacillales;f__Streptococcaceae;g__Streptococcus;s__luteciae",0,0,0.0267542830321521,0,0,0.00644141954302382,0,0,0,0,0,0,0,0,0,0,0,0,0,0,0,0,0,0,0,0,0,0,0,0,0,0,0,0,0,0,0,0,0,0,0,0.00711920529801325,0,0,0,0,0,0,0,0,0.0030289598108747,0,0,0,0,0,0,0,0,0,0,0,0,0,0,0,0.00491445212959592,0,0,0,0,0,0,0,0,0,0,0,0,0,0,0.000191570881226054,0,0,0,0,0,0,0,0,0,0,0,0,0,0,0,0,0,0,0,0,0,0,0,0,0,0,0,0,0,0,0,0,0.00680615074363499,0,0,0,0,0,0,0,0,0,0.000166057788110262,0,0,0,0,0,0,0
"k__Bacteria;p__Bacteroidetes;c__Bacteroidia;o__Bacteroidales;f__Bacteroidaceae;g__Bacteroides;s__plebeius",0.00317013032758013,0.00159795461808885,0,0,0,0,0,0,0.0118057418835525,0.0202437304864538,0.0399677028663706,0,0.0191888355865678,0.0114835505896958,0.0110801529190695,0,0.00691623668898891,0,0.0169212690951821,0.0202089792169021,0.00926334362593736,0,0.0133102852203976,0.0760701392470346,0.0108833206783093,0.0168258299226921,0.0302201218753886,0.0113827993254637,0.00146333949476278,0,0.000856269113149847,0,0,0.000913937547600914,0,0,0.000986268113193233,0,0.0780732671152408,0.0109917877447884,0,0,0,0,0,0,0,0.0324825986078886,0,0,0,0,0,0.000979911807937286,0,0,0,0,0,0.00332285585990121,0,0,0,0,0,0,0.00357966266229826,0.016500904159132,0.00444797458300238,0.0152866242038217,0,0,0,0,0,0,0,0,0,0,0,0,0,0,0,0,0,0.00672166208371525,0.0112833594976452,0,0,0.0188820941959017,0.00725700609897321,0,0,0,0,0.00563578724903135,0,0.00175109443402126,0,0,0,0,0,0,0.000482082596818255,0,0.00100969305331179,0,0.0122380553227158,0.077074450639554,0.0249195306821722,0.00231502092422758,0,0,0,0,0.00961821572283835,0.00115681233933162,0.00759890972164863,0.00329903385437122,0,0.00159348441926346,0,0,0,0,0,0,0,0
"k__Bacteria;p__Bacteroidetes;c__Bacteroidia;o__Bacteroidales;f__[Odoribacteraceae];g__Odoribacter;s__",0,0,0,0.00563468461418062,0.0115911485774499,0,0,0.000649159043965772,0.00420355961005277,0.00423003323597543,0,0,0.00218054949847362,0.00186219739292365,0,0,0,0,0,0,0.000771945302161447,0,0.00224719101123596,0,0.00388087404032734,0,0,0,0,0.00163826998689384,0.00232415902140673,0.00550605666232856,0.00418803418803419,0,0,0,0.00311053789545558,0,0,0,0,0,0.00228335326736979,0,0,0,0,0,0,0,0,0,0,0,0,0,0,0,0,0.00296362819937135,0,0,0,0,0,0,0,0,0.00119142176330421,0.00225379715825576,0,0,0,0,0,0,0,0,0,0,0,0,0,0,0,0,0,0,0,0,0,0.00321853878339234,0.00100362850304949,0,0,0,0,0,0,0,0,0,0,0,0,0,0,0.00218514104092173,0.00646203554119548,0,0.00150880134115675,0,0,0,0,0,0,0,0,0,0,0,0,0,0.000415144470275656,0,0,0,0,0,0,0
"k__Bacteria;p__Bacteroidetes;c__Bacteroidia;o__Bacteroidales;f__Porphyromonadaceae;g__Parabacteroides;s__",0,0,0,0.00453905149475661,0.00573703313429341,0,0.00897318242071989,0.00855709648863972,0.00670780788838208,0.00936650216537416,0,0,0.00662887047535979,0.0130353817504655,0,0,0.00362279064661324,0.00158646218931782,0.00705052878965922,0.00493742105867493,0,0.00155207201614155,0.0130509939498704,0,0.00911161731207289,0,0.013555527919413,0.00978077571669477,0,0,0,0,0.00641025641025641,0.000913937547600914,0,0,0.00933161368636674,0,0,0,0,0,0.0103294552571491,0.00608555575442993,0,0,0,0.0089907192575406,0,0,0,0,0.0149767859817283,0,0,0,0,0,0.00510964445390675,0.003861697350696,0,0.000874661068835826,0,0,0,0,0,0,0,0.013718765311122,0,0,0,0,0,0,0,0,0,0,0,0,0,0,0,0,0,0.000611060189428659,0,0,0,0.010943031863534,0.000926426310507218,0,0,0,0.00117551315670495,0,0.18755980861244,0,0,0,0,0,0,0,0,0,0,0,0.00293378038558256,0,0,0,0,0,0,0,0,0,0.00991162137606343,0,0.00377857547704515,0,0,0,0.00464504820333041,0,0.000443311537182755,0,0,0
"k__Bacteria;p__Bacteroidetes;c__Bacteroidia;o__Bacteroidales;f__[Paraprevotellaceae];g__Paraprevotella;s__",0,0,0.0100915278103732,0.0143214900610424,0.0113569839597237,0.00188381137578999,0.0111145100438462,0.00259663617586309,0.0290671675163223,0.0109779433981267,0.00444085587404118,0,0.0154382904491932,0.00969894475481068,0,0,0,0,0,0,0,0,0,0,0,0,0,0,0,0,0,0,0,0,0.0182981701829817,0.00917017438364402,0.0160837569228435,0.0103891530198979,0,0,0,0,0,0,0,0,0,0,0,0,0,0,0,0,0,0,0,0,0,0,0,0,0,0,0,0,0,0,0.0113582208101668,0.0188143067123959,0,0,0,0,0,0,0,0,0,0,0,0,0,0,0.00268513284341436,0,0,0,0,0,0,0,0,0,0,0,0,0,0,0,0,0,0,0,0,0,0,0,0,0,0.000335289186923722,0,0,0,0,0,0,0,0,0,0,0,0,0,0,0,0,0,0,0,0,0
"k__Bacteria;p__Firmicutes;c__Clostridia;o__Clostridiales;f__Clostridiaceae;g__Clostridium;s__neonatale",0,0,0,0,0,0,0,0,0,0,0,0,0,0,0,0,0,0,0,0,0,0,0,0,0,0,0,0,0.00308071472581639,0,0.00513761467889908,0,0,0,0,0,0,0,0,0,0,0,0,0,0,0,0,0,0.00296890076449195,0,0.00243794326241135,0,0,0,0,0,0,0,0,0,0,0.00428583923729555,0,0,0,0,0,0,0,0,0,0.00186601977980967,0.00393030263330276,0,0,0,0,0,0,0,0.0075521990226566,0,0,0,0,0,0,0,0,0,0,0.00386224654007081,0,0,0.00757976379340737,0.00348432055749129,0,0,0.010663021189337,0.0342714196372733,0,0,0.00806740767300108,0,0,0,0,0,0,0,0,0,0,0,0.00159650449542055,0,0,0,0,0,0,0,0,0,0,0,0,0,0,0,0,0
"k__Bacteria;p__Actinobacteria;c__Coriobacteriia;o__Coriobacteriales;f__Coriobacteriaceae;__;__",0,0,0,0,0,0,0,0,0,0,0,0,0,0,0,0,0,0,0,0,0,0,0,0,0.00151860288534548,0,0,0,0,0,0,0,0,0,0,0,0,0,0,0,0,0,0,0,0,0,0,0,0,0,0,0,0,0,0,0,0,0,0,0,0,0,0,0,0,0,0,0,0,0.000783929446349829,0,0,0,0,0,0,0,0,0,0,0,0,0,0,0,0,0,0,0,0,0,0,0,0,0,0,0,0,0,0,0,0.000875528965416606,0,0,0,0,0,0,0,0,0,0,0,0,0,0,0,0,0,0,0,0.000392742125520383,0,0,8.30288940551312e-05,0,0.00674846625766871,0,0,0,0,0
"k__Bacteria;p__Firmicutes;c__Clostridia;o__Clostridiales;f__Lachnospiraceae;g__Clostridium;__",0,0,0,0,0.00620536236974593,0,0.000509839910268176,0,0,0,0,0,0,0,0,0,0,0,0,0,0,0,0,0,0,0,0,0,0,0,0,0,0,0,0,0,0,0,0,0,0,0,0,0,0,0,0,0,0,0,0,0,0,0,0,0,0,0,0,0,0,0,0,0,0,0,0,0,0,0,0,0,0,0,0,0,0,0,0,0,0,0,0,0,0,0,0,0,0,0,0,0,0,0,8.81367882954345e-05,0,0.00614883805045664,0,0,0,0,0,0,0,0,0,0,0,0,0,0,0,0,0,0,0,0,0,0,0,0,0,0,0,0,0,0,0,0,0.0124332100287711,0,0
"k__Bacteria;p__Proteobacteria;c__Alphaproteobacteria;o__Rhizobiales;f__Bradyrhizobiaceae;__;__",0,0.000703100031959092,0,0,0,0.000303840544482256,0,0,0,0,0,0,0,0,0,0.000342788585140115,0,0,0,0,0,0,0,0,0,0,0,0,0,0,0,0,0,0,0,0,0,0,0,0,0,0,0,0,0,0,0,0,0,0,0.000221631205673759,0,0,0,0,0,0,0,0,0,0,0,0,0,0,0,0,0,0,0,0,0,0,0,0,0,0,0,0,0,0,0,0,0,0,0,0,0,0,0,0,0,0,0,0.000528820729772607,0,0,0,0,0,0,0,0,0,0,0,0,0,0,0,0,0,0,0,0,0,0,0,0,0,0,0,0,0,0,0,0,0,0,0,0,0
"k__Bacteria;p__Proteobacteria;c__Gammaproteobacteria;o__Enterobacteriales;f__Enterobacteriaceae;g__Proteus;s__",0,0,0,0,0,0,0,0,0,0,0,0,0,0,0,0,0,0,0.0141010575793184,0,0,0,0,0,0,0,0,0,0,0,0,0,0,0,0,0,0,0,0,0,0,0,0,0,0,0,0,0,0,0,0,0,0,0,0,0.00186123461896391,0.000359324469996407,0,0,0,0,0,0,0,0,0,0,0,0,0,0.00923939943903646,0,0,0,0,0,0,0,0,0,0,0,0,0,0,0,0,0,0,0,0,0,0,0,0,0,0,0,0,0,0.00547902316844083,0,0,0,0,0,0,0,0,0,0,0,0,0,0,0,0,0,0.0040239473942487,0,0,0,0,0,0,0,0,0,0,0,0,0
"k__Bacteria;p__Actinobacteria;c__Actinobacteria;o__Actinomycetales;f__Williamsiaceae;g__Williamsia;s__",0,0,0,0,0,0,0,0,0,0,0,0,0,0,0,0,0,0,0,0,0,0,0,0,0,0,0,0,0,0,0,0,0,0,0,0,0,0,0,0,0,0,0,0,0,0,0,0,0,0,0,0,0,0,0,0,0,0,0,0,0,0,0,0,0,0,0,0,0,0,0,0,0,0,0,0,0,0,0,0,0,0,0,0,0,0,0,0,0,0,0,0,0,0,0,0,0,0,0,0,0.000469630557294928,0,0,0,0,0,0,0,0,0,0,0,0,0,0,0,0,0,0,0,0,0,0,0,0,0,0,0,0,0,0,0
"k__Bacteria;p__Firmicutes;c__Clostridia;o__Clostridiales;f__Clostridiaceae;__;__",0,0,0,0,0,0,0,0,0,0,0,0,0.00453554295682512,0,0,0,0,0,0,0,0,0,0,0,0,0,0,0.000590219224283305,0,0,0.000244648318042813,0,0,0,0,0,0,0,0,0,0,0,0,0,0,0,0,0,0,0,0,0,0,0,0,0,0,0,0,0,0,0,0,0,0,0,0,0,0,0,0,0,0,0,0,0,0,0,0,0,0,0,0,0,0,0,0,0,0,0,0,0,0,0,0,0.000217770034843206,0,0,0,0.000375234521575985,0,0,0,0,0,0,0,0,0,0,0,0,0,0,0,0,0,0.000333185250999556,0,0.00038560411311054,0,0,0,0,0,0,0,0,0,0,0,0
"k__Bacteria;p__Firmicutes;c__Clostridia;o__Clostridiales;f__Clostridiaceae;g__;s__",0,0,0,0.00641727969948349,0,0.000972289742343218,0,0.00141634700501623,0.00447187192558805,0.00745291570148051,0,0.0115055079559364,8.72219799389446e-05,0,0.00246225620423767,0,0.0107585904050939,0,0,0.00355953611206798,0.00893250992501103,0,0.00596369922212619,0,0,0,0.00746175848775028,0,0,0.00283966797728266,0,0,0,0,0,0,0.00569000834534557,0,0,0.0319646241313961,0,0,0.00250081548330977,0,0,0,0,0.000193348801237432,0.00289467824537965,0,0.00288120567375887,0,0,0.0145761881430671,0,0,0,0.0146848868039976,0.00436448797104535,0.00862146385271666,0,0,0,0,0.00181456839194677,0.0451839251541569,0,0.0143535262206148,0,0,0,0,0.00550242368662387,0,0,0,0,0,0,0,0,0,0.00432672013507809,0,0,0,0.0111517976031957,0,0,0,0,0,0,0,0.00555261766261237,0.0039198606271777,0.00877113663079845,0.00343430785487848,0,0,0,0,0,0,0,0.00357748070043306,0,0,0.00504846526655897,0,0.0027661357921207,0,0,0,0,0,0.000182000182000182,0,0,0,0,0.00157096850208153,0,0,0.00813683161740286,0,0.0110429447852761,0,0,0,0,0
"k__Bacteria;p__Firmicutes;c__Clostridia;o__Clostridiales;f__Lachnospiraceae;g__Blautia;s__producta",0,0.00421860019175455,0,0.00328689935827203,0,0,0,0,0,0,0,0,0,0,0.0268256333830104,0.0117405090410489,0.00296410143813811,0,0,0,0,0.00869160329039267,0,0,0,0,0,0,0,0,0,0,0,0,0,0,0,0,0,0,0.0043152796125055,0,0,0,0.0139577139081599,0.00644594198652212,0,0,0,0,0,0,0,0.00367466927976482,0,0,0.0112288896873877,0.00203956761166633,0,0,0,0,0,0,0,0,0.00224487319500061,0,0,0,0.00808447450915691,0,0,0,0,0,0.0183828610919143,0.0128329478474968,0,0.0115635080031647,0,0.0502873563218391,0,0,0,0,0,0,0,0.00919377652050919,0.0172151898734177,0,0,0.0265102827763496,0.00819672131147541,0.00217770034843206,0,0.201919690031701,0,0,0.00767063243581716,0,0.0125493008246683,0.0409546258102534,0.00416016640665627,0,0,0.00824394119984108,0.00686591276252019,0.0144715878916622,0,0,0,0,0,0,0,0,0.00441652762783394,0.00886889460154242,0.00446022961922855,0.00227790432801822,0,0,0,0,0,0,0,0.00431565967940814,0,0.0157100637735262
"k__Bacteria;p__Firmicutes;c__Clostridia;o__Clostridiales;f__Lachnospiraceae;g__Coprococcus;s__catus",0,0,0,0.0034434183753326,0,0.00170150704910063,0,0.00354086751254057,0,0,0,0,0,0.00256052141527002,0,0,0,0,0,0,0,0,0,0,0,0,0,0.00379426644182125,0,0,0,0,0,0.00335110434120335,0,0,0,0,0,0,0,0,0,0,0,0,0,0,0,0,0,0,0,0.0116364527192553,0,0,0.00934243621990658,0.0037732000815827,0.00415158611879923,0.00718455321059722,0,0,0,0,0,0,0,0,0,0,0,0,0,0,0,0,0,0,0,0,0,0,0.0125580413676657,0.00398664936028185,0.00452232899943471,0,0,0.00600875852938181,0.00353218210361068,0,0,0,0,0,0,0,0,0,0,0,0,0,0,0,0,0.00254189418188665,0,0.0078466428287644,0.00817851373182553,0.00610727562400425,0,0.00470099486170329,0.00311494133527152,0,0,0,0,0,0,0,0,0.00243500117822638,0.00717929340638579,0.00362960339943343,0,0,0.00192813321647677,0,0,0,0,0.00746616892207186
"k__Bacteria;p__Firmicutes;c__Clostridia;o__Clostridiales;f__Ruminococcaceae;g__Ruminococcus;s__callidus",0,0,0.00457639051865759,0.00500860854593833,0,0,0.00785153461812991,0.000649159043965772,0,0,0,0,0,0,0,0,0,0,0.00176263219741481,0,0,0,0,0,0,0,0.00310906603656262,0,0,0,0,0,0,0,0.0105989401059894,0.00255562236921227,0.00364160534102117,0.00140869871456242,0,0,0,0,0.00467543764270958,0,0,0.00615294462349839,0,0.00222351121423047,0.000593780152898389,0,0,0,0.010858169836753,0,0,0,0,0,0,0,0,0,0,0,0,0,0,0,0.0107227958697379,0.00666340029397354,0,0,0,0,0,0,0,0,0,0,0,0,0,0,0,0,0,0,0,0,0,0,0,0,0,0,0,0,0,0,0,0,0,0,0,0,0,0,0.00615912762520194,0,0,0,0,0,0,0,0,0,0,0,0,0,0,0,0.00763865825307207,0.00151710536296746,0.0104294478527607,0,0,0,0,0
"k__Bacteria;p__Proteobacteria;c__Deltaproteobacteria;o__Desulfovibrionales;f__Desulfovibrionaceae;g__Desulfovibrio;__",0,0,0,0,0,0,0,0,0,0,0,0,0,0,0,0,0,0,0,0,0,0,0,0,0,0,0,0,0,0,0,0,0,0,0,0,0,0,0,0.00113708149084018,0,0,0,0,0,0,0,0,0,0,0,0,0,0,0,0,0,0,0,0,0,0,0,0,0,0,0,0,0,0,0,0,0,0,0,0,0,0,0,0,0,0,0,0,0,0,0,0,0,0,0,0,0,0,0,0,0,0.00017611835153223,0,0,0,0,0,0,0,0,0.00241041298409127,0,0,0,0,0,0,0,0.000420132761952777,5.68990042674253e-05,0,0,0,0,0,0,0,0,0,0,0,0,0.00221655768591378,0,0,0
"k__Bacteria;p__Proteobacteria;c__Deltaproteobacteria;o__Desulfovibrionales;f__Desulfovibrionaceae;g__;s__",0,0,0,0,0,0,0,0,0,0.00241716184912881,0,0,0,0.0010862818125388,0,0,0.00395213525085081,0,0,0,0.00264666960741068,0,0.00293863439930856,0,0,0,0,0,0,0,0.00269113149847095,0,0,0,0,0,0.000151733555875882,0,0,0,0,0,0,0,0.00181698050875454,0,0.00305470702582616,0,0,0,0,0,0.00344466077579751,0,0,0,0.00224577793747754,0,0.00287417500532255,0.000987876066457117,0,0,0.00173178915467042,0,0.00198738442927504,0,0.0030336124256765,0,0,0,0,0,0,0,0,0,0,0,0,0,0,0,0,0,0,0,0,0.00244424075771463,0,0,0,0,0,0,0.00202714613079499,0,0,0.00361042620641071,0,0.00150093808630394,0,0,0,0,0,0.003200903784598,0,0.00357568533969011,0,0,0.00477787091366303,0,0.00363409822448344,0,0,0,0.00291200291200291,0,0,0,0,0.000628387400832613,0.00198375212544871,0,0.0024078379275988,0,0,0,0,0,0,0
"k__Bacteria;p__Proteobacteria;c__Deltaproteobacteria;o__Desulfovibrionales;f__Desulfovibrionaceae;g__Bilophila;s__",0.0154984149348362,0.00121444550974752,0.0119690213564891,0,0,0,0,0,0.00465074680261157,0,0,0,0.00218054949847362,0.00465549348230913,0,0,0.000878252277966846,0,0.00282021151586369,0.00195200367435986,0,0,0.010371650821089,0,0.00548384375263646,0,0,0.00202360876897133,0.00215650030807147,0.0117955439056356,0,0,0.00230769230769231,0,0,0,0,0,0,0,0,0,0,0.00116341507069984,0.00611166171126528,0.00810626037698994,0,0.00270688321732405,0,0,0,0,0.00696420548150367,0.0148211660950514,0,0,0,0,0.00979348520332127,0.00260440053884149,0.00322540627713683,0,0.0095248403506873,0,0,0,0,0,0,0.014796668299853,0,0,0,0,0,0,0,0,0,0,0,0,0.0111861544955678,0,0,0,0,0,0,0,0,0.0128741551335694,0.00138963946576083,0,0,0,0,0,0,0,0,0,0,0,0,0,0,0,0,0,0.00310142497904443,0,0,0,0.000252079657171666,0,0,0,0,0,0,0,0,0,0.00124543341082697,0,0.00166520595968449,0,0,0.0107891491985203,0,0
"k__Bacteria;p__Proteobacteria;c__Deltaproteobacteria;o__Desulfovibrionales;f__Desulfovibrionaceae;g__Desulfovibrio;s__",0,0.00153403643336529,0,0.00774769134449836,0,0,0.00020393596410727,0.00336382413691354,0,0,0,0,0,0,0,0,0.00230541222966297,0,0,0.00321506487541624,0,0,0,0,0,0.00530544186751554,0,0.00320404721753794,0,0.0037134119702927,0,0.00330363399739714,0,0,0,0,0,0,0,0,0,0.00154525386313466,0.00315320213112972,0.0017003758725613,0,0,0.00305470702582616,0,0.00178134045869517,0,0,0,0.00254605361689381,0.00367466927976482,0,0,0,0,0.00606770278901426,0.00224517287831163,0.00570648802878055,0,0,0,0,0,0.00370100715932532,0.00169529837251356,0.00174741858617951,0,0.00313479623824451,0,0.00235818157998166,0,0,0,0,0,0,0,0,0,0.00147741663149008,0,0,0.00548646671543526,0,0.00712903554333435,0,0,0.00544303797468354,0,0.00347409866440207,0,0.00537634408602151,0,0,0,0.00451127819548872,0,0.0017219787100814,0,0,0,0.00178292845999554,0.0034833364714743,0,0.00297973778307509,0.000706785137318255,0,0.0038558256496228,0,0,0,0.00252079657171666,0,0,0,0.00677200902934537,0,0.00454282646402907,0,0.00443982618552806,0,0,0,0,0,0.00709298459492408,0,0.00286204922724671,0
"k__Bacteria;p__Fusobacteria;c__Fusobacteriia;o__Fusobacteriales;f__Fusobacteriaceae;g__;s__",0,0,0,0,0,0,0,0,0,0,0.0320279908491455,0,0.0178805058874836,0.00100869025450031,0,0,0,0,0,0,0,0,0,0,0,0,0,0,0,0,0,0,0,0,0,0,0,0,0,0,0,0,0,0,0,0,0,0,0,0,0,0,0,0,0,0,0,0,0.00180966574409197,0,0,0.0116329922155165,0,0,0,0,0,0,0,0,0,0,0,0,0,0,0,0,0,0,0,0,0,0,0,0,0,0,0,0,0,0,0,0,0,0,0,0,0,0,0,0,0.00627465041233417,0,0,0,0,0,0,0,0,0,0,0,0,0,0,0,0,0,0,0,0,0,0,0,0,0,0.0118585836196387,0.00667899712289355,0,0
"k__Bacteria;p__Proteobacteria;c__Alphaproteobacteria;o__Sphingomonadales;f__Sphingomonadaceae;g__Sphingomonas;s__yabuuchiae",0,0.00351550015979546,0,0,0,0.00054691298006806,0,0.000885216878135143,0,0.00120858092456441,0,0,0,0,0,0.00265661153483589,0,0.00211528291909043,0,0,0,0,0.00181503889369058,0,0,0.00591177808094588,0,0.00784148397976391,0.00754775107825015,0,0.00269113149847095,0.00921013114425868,0.00717948717948718,0.00411271896420411,0.0026997300269973,0,0.00250360367195205,0,0,0.0016424510423247,0,0.0021523178807947,0.00641513537022942,0,0,0.00195331575349155,0,0,0.00118756030579678,0,0,0,0.00381908042534072,0.00110240078392945,0,0,0,0,0.00617415371513732,0,0,0,0,0,0,0,0.00448974639000121,0,0,0,0,0,0.00117909078999083,0,0,0,0,0.00238752518092964,0,0,0,0,0,0,0,0,0,0.00264792748752419,0,0.00254596888260255,0.0030379746835443,0,0,0,0.00220341970738586,0.00537166085946574,0.0026222985803418,0.00317013032758013,0,0,0.00344395742016281,0,0,0.00294637595757219,0,0,0.00144624779045476,0.00158919348430671,0.0029281098546042,0,0.00477787091366303,0,0,0,0,0.000568990042674253,0.00209300209300209,0.00199911150599733,0,0,0.0023127116544148,0,0,0,0,0,0,0,0.00687132882633271,0.00082203041512536,0,0
"k__Bacteria;p__Proteobacteria;c__Gammaproteobacteria;o__Pseudomonadales;f__Moraxellaceae;g__Psychrobacter;s__pulmonis",0,0,0,0,0,0,0,0,0,0,0,0,0,0,0,0,0,0,0,0,0,0,0,0,0,0,0,0,0,0,0,0,0,0,0,0,0,0,0,0,0,0,0,0,0,0,0,0,0,0,0,0,0,0,0.0020755500207555,0,0,0,0,0,0,0,0,0,0,0,0,0,0,0,0,0,0,0,0,0,0,0,0,0,0,0,0,0,0,0,0,0,0,0,0,0,0,0,0,0,0.00235102631340989,0,0,0,0,0,0,0,0,0,0,0,0,0,0.000922045264040235,0,0,0,0,0,0,0,0,0,0,0,0,0,0,0,0,0,0,0,0,0
"k__Bacteria;p__Proteobacteria;c__Betaproteobacteria;o__Burkholderiales;f__Alcaligenaceae;g__Achromobacter;s__",0,0,0,0,0,0,0,0,0,0,0,0,0,0,0,0,0,0,0,0,0,0,0,0,0,0,0,0.0015177065767285,0,0.0017474879860201,0,0.00260286314946441,0,0.00167555217060168,0,0.00315694527961515,0,0,0,0,0,0,0,0,0,0,0,0,0,0,0,0,0,0,0,0,0,0,0,0,0,0,0,0,0,0,0,0,0,0,0,0,0,0,0.000631313131313131,0,0,0,0,0,0,0,0,0,0,0,0,0,0,0,0,0,0,0,0,0,0,0,0,0,0.00156543519098309,0,0,0,0,0,0,0,0,0,0,0,0,0,0,0,0,0,0,0,0,0,0,0,0,0,0,0,0,0,0,0
"k__Bacteria;p__Firmicutes;c__Clostridia;o__Clostridiales;f__Peptostreptococcaceae;g__;s__",0,0.0350271652285075,0,0,0,0,0,0,0,0,0,0,0,0.000155183116076971,0.00362858809045552,0,0.0173454824898452,0,0,0,0,0,0,0,0,0.000606336213430347,0,0.000168634064080944,0.00338878619839803,0,0,0,0,0,0,0,0,0,0,0,0,0,0,0,0.0591344565576478,0,0,0,0,0,0,0,0.0123558484349259,0,0,0,0.00664750269493353,0,0,0.000269420745397396,0,0,0,0,0,0.000531575590048905,0,0,0,0,0,0,0,0,0,0,0,0,0,0,0,0,0,0,0,0,0,0,0,0,0,0,0,0,0,0.00617015098722416,0,0,0.000410116199589884,0,0,0,0,0,0,0.00310675955563924,0,0,0,0,0,0,0,0,0,0,0,0,0,0,0,0,0,0,0,0,0,0,0.00742546824781115,0,0,0
"k__Bacteria;p__Firmicutes;c__Clostridia;o__Clostridiales;f__Ruminococcaceae;g__Ruminococcus;s__bromii",0,0.00198146372643017,0.0167800985684112,0.0147910471122241,0,0.0024914924647545,0.0102987661874172,0.00613750368840366,0.00912261872819962,0.00634504985396314,0.00363342753330642,0,0.00636720453554296,0.0106300434512725,0,0.00342788585140115,0.00702601822373477,0.00546448087431694,0,0,0,0.0605308086295204,0,0,0,0,0.093396343738341,0.0118887015177066,0,0.00360419397116645,0.00171253822629969,0.0147161878065872,0,0,0.0022997700229977,0.00240529164161155,0.0144146878082088,0.129776369079063,0,0,0.00211360634081902,0.00860927152317881,0,0,0,0,0,0.0329659706109822,0,0,0,0.0150007426110203,0.00464280365433578,0.0127388535031847,0,0.00589390962671906,0,0.00550683255149908,0.00180966574409197,0.0171531207903009,0,0.00209918656520598,0,0,0.0197010282554221,0.00297682330427387,0.00175949520689237,0,0.0145353455123114,0,0,0,0,0,0,0.0027104241447513,0,0,0,0.00121721136875418,0,0,0,0,0,0.0147524993903926,0,0.00325898767695285,0,0,0,0,0,0,0.00290851401374934,0.00210511033681765,0.00461162853784248,0.00281789362451567,0,0,0,0,0,0,0,0,0,0.0103297576479936,0.0151453957996769,0,0.00444258172673931,0,0,0,0,0.00233285917496444,0,0,0,0.00308483290488432,0,0.028670175162988,0,0.00141643059490085,0.00415144470275656,0.00455131608890237,0.00289219982471516,0,0.0200598470575197,0.00986436498150432,0,0
"k__Bacteria;p__Firmicutes;c__Clostridia;o__Clostridiales;f__Ruminococcaceae;g__Butyricicoccus;s__pullicaecorum",0.0137372314195139,0.00147011824864174,0,0,0,0,0,0,0,0,0,0,0,0,0,0.000514182877710172,0,0,0,0,0,0,0,0,0,0,0,0,0,0,0,0,0,0,0,0,0,0,0,0,0,0,0.00271827769924976,0.000805441202792196,0,0,0,0,0,0,0,0,0,0,0,0.000620411539654638,0,0,0.00606770278901426,0,0,0,0,0,0.0132204268556122,0,0,0,0,0,0,0,0,0,0,0,0,0,0,0,0,0,0,0,0.00749010740531374,0,0.0163115845539281,0,0,0,0,0.00203840789614848,0,0,0,0,0,0,0,0,0.000391358797745773,0,0,0.00721862109605186,0.00586880618081866,0.00498964413481454,0,0,0.0063610662358643,0,0,0,0,0,0,0,0,0,0,0.00038560411311054,0,0,0,0.00150495750708215,0,0,0.0021034180543383,0,0.0104178211237947,0,0,0
"k__Bacteria;p__Proteobacteria;c__Alphaproteobacteria;o__Rhizobiales;f__Bradyrhizobiaceae;g__Balneimonas;s__",0,0,0,0,0,0,0,0,0,0,0,0,0,0,0,0,0,0,0,0,0,0,0,0,0,0,0,0,0,0,0,0,0,0,0,0,0,0,0,0,0,0,0,0,0,0,0,0,0,0,0,0,0,0,0,0,0,0,0,0,0,0,0,0,0,0,0,0,0,0,0,0,0,0,0,0,0,0,0,0,0,0,0,0,0,0,0,0,0,0,0,0,0,0,0,0,0,0,0,0,0,0,0,0,0,0,0,0,0,0,0,0,0,0,0.000420132761952777,0,0,0,0,0,0,0,0,0,0,0,0,0,0,0,0.000357756153405839,0
"k__Bacteria;p__Proteobacteria;__;__;__;__;__",0,0,0,0,0,0,0,0,0,0,0,0,0,0,0,0,0,0,0,0,0,0,0,0,0,0,0,0,0,0,0,0,0,0,0,0,0,0,0,0,0,0,0,0,0,0,0,0,0,0,0,0,0,0.000244977951984321,0,0,0,0,0,0,0,0,0,0,0,0,0,0,0,0,0,0,0,0,0,0,0,0,0,0,0,0,0,0,0,0,0,0,0,0,0,0,0,0,0.000176273576590869,0,0,0,0,0,0,0,0,0,0,0,0,0,0.000302907915993538,0,0,0,0,0,0,0,0,0,0,0,0,0,0,0,0,0,0,0,0,0,7.15512306811677e-05,0
"k__Bacteria;p__Bacteroidetes;__;__;__;__;__",0,0,0,0,0,0,0,0,0,0,0,0,0,0,0,0,0,0,0,0,0,0,0,0,0,0,0,0,0,0,0,0,0,0,0,0,0,0,0,0,0,0,0,0,0,0,0,0,0,0,0,0,0,0,0,0,0,0,0,0,0,0,0,0,0,0,0,0,0,0,0,0,0,0,0,0,0,0,0,0,0,0,0,0,0,0,0,0,0,0,0,0,0,0,0,0,0,0,0,0,0,0,0,0,0,0,0,0,0,0,0,0,0,0,0,0,0,0,0,0,0,0,0,0,0,0,0.000262927256792287,0,0,0,0,0
"k__Bacteria;p__Bacteroidetes;c__Bacteroidia;o__Bacteroidales;f__Bacteroidaceae;g__Bacteroides;__",0,0,0.0159586951419854,0.0151040851463453,0.0299730710689615,0.000729217306757414,0.00418068726419904,0,0.00697612020391736,0.00896364185718602,0,0,0.0233754906236372,0.00574177529484792,0.00628523294239616,0,0.00362279064661324,0,0,0,0.00749889722099691,0,0.00198789974070873,0,0.00843668269636379,0,0.0172864071632881,0.00919055649241147,0.00962723351817622,0.00600698995194408,0.0459938837920489,0.00840925017519271,0.0138461538461538,0,0.0073992600739926,0,0.00637280934678704,0,0,0,0,0.00149006622516556,0.0177231705991084,0.000178986933953821,0.0115626032375289,0,0,0.00560711523588554,0,0,0,0,0.00314512505616295,0,0.0589456205894562,0.0429117981594458,0.0154509522098455,0.00795431368549867,0.0127741111347669,0,0.0129016251085473,0,0.000108236822166901,0.00747455470737913,8.6408018664132e-05,0,0.000788739230675889,0.00248643761301989,0,0.0103870651641352,0.0288731232469889,0.00702867450394974,0.350582994890607,0,0.000126262626262626,0,0,0,0,0,0.0270990670812972,0.000574712643678161,0.0204727733220768,0,0,0,0.0219707057256991,0.00315714431204807,0,0.0181046676096181,0,0,0.00887825214236084,0,0.00590516481579411,0.00979965156794425,0,0,0.252768284347232,0,0,0.0102145045965271,0,0.000883912787271656,0.00638882698165069,0,0,0.011720301946762,0.0119143780290792,0.000531067445565587,0.00678960603520536,0,0,0,0,0.00392603129445235,0.000728000728000728,0,0.000294435175188929,0,0.0116461551168745,0,0.0211600226714529,0,0.005064762537363,7.58552681483729e-05,0,7.15461114688417e-05,0,0,0.00894390383514596,0.00466635557629491
"k__Bacteria;p__Actinobacteria;c__Actinobacteria;o__Bifidobacteriales;f__Bifidobacteriaceae;g__Bifidobacterium;s__pseudolongum",0,0,0,0,0,0,0,0,0,0,0,0,0,0,0,0,0,0,0,0,0,0,0,0,0,0,0,0,0,0,0,0,0,0,0,0,0,0,0,0,0,0,0,0,0,0,0,0,0,0,0,0,0,0,0,0,0,0.000509891902916582,0,0,0,0,0,0,0,0,0,0,0,0,0,0,0,0,0,0,0,0,0,0,0,0,0,0,0,0,0,0,0,0,0,0,0,0,0,0,0,0,0,0,0,0,0,0.00176782557454331,0,0,0,0,0,0,0,0,0,0,0,0,0,0,0,0,0,0,0,0,0,0.00303421072593492,0,0.00178865278672104,0,0,0,0
"k__Bacteria;p__Actinobacteria;c__Actinobacteria;o__Actinomycetales;f__Geodermatophilaceae;g__;s__",0,0,0,0,0,0,0,0,0,0,0,0,0,0,0,0,0,0,0,0,0,0,0,0,0,0,0,0,0,0,0,0,0,0,0,0,0,0,0,0,0,0,0,0,0,0,0,0,0,0,0,0,0,0,0,0,0,0,0,0,0,0,0,0,0,0,0,0,0,0,0,0,0,0,0,0,0,0,0,0,0,0,0,0,0,0,0,0,0,0,0,0,0,0,0,0,0,0,0,0,0.000313087038196619,0,0,0,0,0,0,0,0,0,0,0,0,0,0,0,0,0,0,0,0,0,0,0,0,0,0,0,0,0,0,0
"k__Bacteria;p__Proteobacteria;c__Gammaproteobacteria;o__Pseudomonadales;f__Pseudomonadaceae;g__Pseudomonas;s__fragi",0,0,0,0,0,0,0,0,0,0,0,0,0,0.00139664804469274,0,0,0,0.00185087255420412,0,0,0,0.00232810802421232,0,0,0,0,0,0,0,0,0,0,0,0,0,0,0,0,0,0,0,0,0,0,0,0.00996191034280691,0,0,0,0,0,0,0,0,0,0,0,0.00132571894758311,0,0,0,0,0,0.00429389312977099,0,0,0,0,0,0,0,0,0,0,0,0,0,0,0,0,0,0,0,0,0,0,0,0,0,0,0,0,0,0,0,0,0,0,0,0,0,0,0,0,0,0,0,0,0,0.00172596919808816,0,0,0,0,0,0,0,0,0,0,0,0,0,0,0,0,0,0,0,0,0,0
"k__Bacteria;p__Actinobacteria;c__Coriobacteriia;o__Coriobacteriales;f__Coriobacteriaceae;g__Atopobium;__",0,0,0,0,0,0,0,0,0,0,0,0,0,0,0,0,0,0,0,0,0,0,0,0,0,0,0,0,0,0,0,0,0,0,0,0,0,0,0,0,0,0,0,0,0,0,0,0,0,0,0,0,0,0,0,0,0,0,0,0,0,0,0,0,0,0,0,0,0,0,0,0,0,0.000493023714440665,0,0,0,0,0,0,0,0.00172413793103448,0,0,0,0,0,0,0,0,0,0,0,0,0,0,0,0,0,0,0,0,0,0,0,0,0,0.000496622963845848,0,0,0.00125733445096396,0,0,0,0,0,0,0,0,0,0,0,0,0,0,0,0,0,0,0,0,0
"k__Bacteria;p__Proteobacteria;c__Alphaproteobacteria;o__Caulobacterales;f__Caulobacteraceae;g__Nitrobacteria;s__hamadaniensis",0,0,0,0,0,0,0,0,0,0,0,0,0,0,0,0,0,0,0,0,0,0,0,0,0,0,0,0,0,0,0,0,0,0,0,0,0,0,0,0,0,0,0,0,0,0,0,0,0,0,0,0,0,0,0,0,0,0,0,0,0,0,0,0,0,0,0,0,0,0,0,0,0,0,0,0,0,0,0,0,0,0,0,0,0,0,0,0,0,0,0,0,0,0,0,0,0,0,0,0,0,0,0,0,0,0,0,0,0,0,0,0,0,0,0,0,0,0,0,0,0,0,0,0,0,0,0.000262927256792287,0,0,0,0,0
"k__Bacteria;p__Proteobacteria;c__Deltaproteobacteria;o__Syntrophobacterales;f__Syntrophobacteraceae;g__;s__",0,0,0,0,0,0,0,0,0,0,0,0,0,0,0,0,0,0,0,0,0,0.000465621604842465,0,0,0,0,0,0,0,0,0.000244648318042813,0,0,0,0,0,0,0,0,0,0,0,0,0,0,0,0,0,0,0,0,0,0,0,0,0,0,0,0,0,0,0,0,0,0,0,0,0,0,0,0,0,0,0,0,0,0,0,0,0,0,0,0,0,0,0,0,0,0,0,0,0,0,0,0,0,0,0,0,0,0,0,0,0,0,0,0,0,0,0,0,0,0,0,0,0,0,0,0,0,0,0,0,0,0,0,0,0,0,0,0,0
"k__Bacteria;p__Spirochaetes;c__Spirochaetes;o__Spirochaetales;f__Spirochaetaceae;g__Treponema;s__",0,0,0,0,0,0,0,0,0,0,0,0,0,0,0,0,0,0,0,0,0,0,0,0,0,0,0,0,0,0,0,0,0,0,0.0008999100089991,0,0.00144146878082088,0,0,0,0,0,0,0,0,0,0,0,0,0,0,0,0,0,0,0,0,0,0,0,0,0,0,0.00111323155216285,0,0,0,0,0,0,0,0,0,0,0,0,0,0,0,0,0,0,0,0,0,0,0,0,0,0,0,0,0,0,0,0,0,0,0,0,0,0,0,0,0,0,0,0,0,0,0,0,0,0,0,0,0,0,0,0,0,0,0,0,0,0,0,0,0,0,0,0
"k__Bacteria;p__Proteobacteria;c__Epsilonproteobacteria;o__Campylobacterales;f__Helicobacteraceae;g__Flexispira;s__",0,0,0,0,0,0,0,0,0,0,0,0,0,0,0,0,0,0,0,0,0,0,0,0,0,0,0,0,0,0,0,0,0,0,0,0,0,0,0,0,0,0,0,0,0,0,0,0,0,0,0,0,0,0,0,0,0,0,0.00127741111347669,0,0,0,0,0,0,0,0,0,0,0,0,0,0,0,0,0,0,0,0,0,0,0,0,0,0,0,0,0,0,0,0,0,0,0,0,0,0,0,0,0,0,0,0,0,0,0,0,0,0,0,0,0,0,0,0,0,0,0,0.00117774070075572,0,0.000825968448005286,0,0,0,0.000830288940551312,0,0,0,0,0,0,0
"k__Bacteria;p__Firmicutes;c__Bacilli;o__Lactobacillales;f__Lactobacillaceae;g__Lactobacillus;s__zeae",0,0,0,0,0,0,0,0,0,0,0,0,0,0,0,0,0,0,0,0,0,0.00403538724196803,0,0,0,0,0,0,0,0,0,0,0,0.00114242193450114,0,0,0,0,0,0,0,0,0,0,0,0.0026369762672136,0,0,0,0,0,0.000297044408139017,0,0,0,0,0,0,0,0,0,0,0,0,0.000691264149313056,0,0,0,0,0,0,0,0,0.00606419168762017,0,0.0067394330085708,0,0,0,0,0,0,0,0,0,0,0,0,0,0,0,0,0,0.0051413881748072,0,0,0,0,0,0.00150093808630394,0.000626174076393237,0,0,0,0,0.000376576915835059,0,0,0,0,0,0,0,0,0,0,0.021021021021021,0,0,0,0,0,0,0,0,0.000682697413335356,0,0,0,0,0,0
"k__Bacteria;p__Firmicutes;c__Bacilli;o__Lactobacillales;f__Enterococcaceae;g__Enterococcus;__",0,0,0,0,0,0,0,0,0,0,0,0,0,0,0.00142551674982181,0,0,0,0,0,0,0,0,0,0,0,0,0,0,0,0,0,0,0,0,0,0,0,0,0,0,0,0,0,0,0,0,0,0,0,0,0,0,0,0,0,0,0,0,0,0,0,0,0,0,0,0,0,0,0,0,0,0,0,0,0,0,0,0,0,0,0,0,0,0,0,0,0,0,0,0,0,0,0,0,0,0,0,0,0,0,0,0,0,0.000891464229997771,0,0,0,0,0,0,0,0,0,0,0,0,0,0,0,0,0,0,0,0,0,0,0,0,0,0,0
"k__Bacteria;p__Firmicutes;c__Erysipelotrichi;o__Erysipelotrichales;f__Erysipelotrichaceae;g__[Eubacterium];s__biforme",0,0,0,0,0,0,0.0166207810747425,0.0053703157273532,0,0,0,0,0,0,0,0,0.00274453836864639,0,0,0,0,0.00062082880645662,0.00803802938634399,0.0105724600309438,0.0129081245254366,0,0,0,0,0,0.0274006116207951,0.0433476824506958,0,0,0,0,0,0,0,0,0,0,0,0,0,0,0,0,0,0,0,0.0325263626912223,0,0,0,0,0,0,0,0,0,0,0,0,0,0,0,0,0.00563939634630659,0.0130328270455659,0,0,0,0,0,0,0,0,0,0,0,0,0,0,0,0.00499878078517435,0.0514314247669774,0.00672166208371525,0.00735871271585557,0,0,0,0,0,0,0,0,0,0,0,0.0411709455228554,0,0,0,0,0,0,0,0,0,0,0,0,0,0,0,0,0,0,0,0.0186668869249195,0.00824758463592805,0,0.00345254957507082,0.000249086682165394,0,0.000525854513584575,0,0,0,0,0
"k__Bacteria;p__Firmicutes;c__Bacilli;o__Bacillales;f__Planococcaceae;g__Lysinibacillus;__",0,0,0,0,0,0,0,0,0,0,0,0,0,0,0,0,0,0,0,0,0,0,0,0,0,0,0,0.00075885328836425,0,0,0,0,0,0,0,0,0,0,0,0,0,0,0,0,0,0,0,0,0,0,0,0,0,0,0,0,0,0,0,0,0,0,0,0,0,0,0,0,0,0,0,0,0,0,0,0,0,0,0,0,0,0,0,0,0,0,0,0,0,0,0,0,0,0,0,0,0,0,0,0,0,0,0,0,0,0,0,0,0,0,0,0,0,0,0,0,0,0,0,0,0,0,0,0,0,0,0,0,0,0,0,0
"k__Bacteria;p__Firmicutes;c__Bacilli;o__Lactobacillales;f__Lactobacillaceae;g__Lactobacillus;s__paralimentarius",0,0,0,0,0,0,0,0,0,0,0,0,0,0,0,0,0,0,0,0,0,0,0,0,0,0,0,0,0,0,0,0,0,0,0,0,0,0,0,0,0,0,0,0,0,0,0,0,0,0,0,0,0,0,0,0,0,0,0,0,0,0,0,0,0,0,0,0,0,0,0,0.0125645331840518,0,0,0,0,0,0,0,0,0,0,0,0,0,0,0,0,0,0,0,0,0,0,0,0,0,0,0,0,0,0,0,0,0,0,0,0,0,0,0,0,0,0,0,0,0,0,0,0,0,0,0,0,0,0.00553743457483122,0,0.00851398726479216,0,0,0,0
"k__Bacteria;p__Firmicutes;c__Bacilli;o__Lactobacillales;f__Lactobacillaceae;g__Lactobacillus;s__reuteri",0,0,0,0,0,0,0,0,0,0,0,0,0,0,0,0,0,0,0,0,0,0,0,0,0,0,0,0,0,0,0,0,0.00401709401709402,0.00456968773800457,0,0,0,0,0,0,0,0,0,0,0,0,0,0,0,0,0,0.0354968067726125,0,0.00355218030377266,0,0.00444628270085824,0,0,0,0,0,0.00323624595469256,0,0,0,0.013608335105252,0,0.00463381555153707,0,0.00509554140127389,0,0.00323443428500342,0,0.00522605137307104,0,0.0086440553805582,0,0,0,0,0,0,0,0,0,0,0,0,0,0,0,0,0,0,0.00414242904988542,0,0,0,0,0,0,0,0,0.0047142015321155,0,0,0,0,0,0,0,0,0,0,0.00277287622888833,0.00199146514935989,0.00445900445900446,0,0.00520168809500442,0.00437017994858612,0,0.0023564527531223,0,0.00672804532577904,0,0,0,0,0,0,0.00558099599313108,0.0150878830300202
"k__Bacteria;p__Firmicutes;c__Bacilli;o__Lactobacillales;f__Aerococcaceae;g__Abiotrophia;s__",0,0.00172579098753595,0,0,0,0.000729217306757414,0,0,0,0,0,0.00783353733170135,0,0,0,0,0,0,0,0,0,0,0,0,0,0,0,0,0,0,0,0,0,0,0,0,0,0,0,0.00631711939355654,0,0,0,0,0.00140403039312851,0,0,0,0,0,0,0,0,0,0,0,0,0,0,0,0,0.00446077145106271,0,0,0.00172816037328264,0,0,0,0,0,0,0,0,0,0,0,0,0,0,0,0,0.00862068965517241,0,0,0,0,0,0,0,0,0,0,0,0,0.00352547153181738,0,0,0,0,0,0,0,0,0,0,0.000753153831670119,0.00281214848143982,0,0,0,0.00393964794635373,0,0,0.00106847119579735,0,0,0,0,0,0.00089974293059126,0.000743371603204758,0,0,0,0,0,0,0,0,0,0,0
"k__Bacteria;p__Firmicutes;c__Bacilli;o__Lactobacillales;f__Streptococcaceae;g__Streptococcus;__",0,0.00357941834451902,0.000117343346632246,0,0,0.00540836169178415,0,0,0,0,0,0,0,0,0,0,0.00834339664068504,0.00167459897761326,0.00611045828437133,0,0.00319805910895457,0,0.00190146931719965,0,0,0.0222828558435653,0,0,0.00231053604436229,0,0,0,0,0,0,0,0.00174493589257264,0,0,0.0133922931143399,0,0,0,0.00304277787721496,0.00776346217376941,0,0,0,0.00794180954501596,0,0.00568853427895981,0,0.0210423843043283,0,0,0,0,0.00275341627574954,0,0,0.00583054211636273,0.0113705938948657,0,0.0138358778625954,0.00829516979175668,0,0.0123164664482466,0,0,0,0,0,0.00694353465216822,9.86047428881329e-05,0,0,0.00732550103662751,0,0.00504305043050431,0,0,0.0121647509578544,0.00242718446601942,0,0,0,0,0,0,0.0057991513437058,0,0,0,0,0.00634584875727129,0.00711382113821138,0,0.0222789714688271,0,0,0.00164370695053225,0.0287465343645119,0,0.0103123158515027,0,0.00442477876106195,0.0078740157480315,0,0,0,0.0333612740989103,0,0,0.00382868845160716,0,0,0.0125580125580126,0,0,0,0,0,0,0,0,0.000606842145186983,0,0,0,0.00051376900945335,0.0118059530623927,0
"k__Bacteria;p__Firmicutes;c__Bacilli;o__Lactobacillales;f__Streptococcaceae;g__Streptococcus;s__anginosus",0,0,0,0,0,0,0,0,0,0,0,0,0,0,0,0,0,0,0,0,0,0,0,0,0,0.0394118538729726,0,0,0,0,0,0,0,0,0,0.00796752856283824,0,0,0,0,0,0,0.00771990866586931,0,0,0,0,0,0,0,0.00524527186761229,0,0.00044930357945185,0,0,0,0,0,0,0,0,0,0,0,0.0121835306316426,0,0,0,0,0,0,0,0,0,0,0,0,0,0,0,0,0,0,0,0,0,0,0,0,0,0,0,0,0,0,0,0,0,0,0,0,0.00437764482708303,0,0.00441956393635828,0,0.00018828845791753,0,0,0,0,0.0129086336965633,0,0,0,0,0,0,0,0.00873491019727157,0,0,0,0,0,0,0,0,0,0,0,0,0
"k__Bacteria;p__TM7;c__TM7-3;o__CW040;f__F16;g__;s__",0,0,0,0,0,0,0,0.000708173502508115,0,0,0,0,0,0,0,0,0.0019760676254254,0.000264410364886304,0,0.00022964749110116,0,0,0,0,0,0,0,0,0,0,0,0,0,0,0,0,0,0,0,0,0,0,0,0,0,0,0,0,0.000445335114673792,0,0,0,0,0,0,0,0,0,0,0,0,0,0,0,0,0,0,0,0,0,0,0,0,0,0,0,0,0,0,0,0,0,0,0,0,0,0,0,0,0,0,0,0,0,0.000793231094658911,0.000362950058072009,0,0.000616414230362804,0,0,0,0,0,0,0,0,0,0,0,0,0.00310142497904443,0,0,0.000356157065265782,0,0,0,0,0,0,0,0,0,0,0,0,0,0,0,0,0,0
"k__Bacteria;p__Firmicutes;c__Erysipelotrichi;o__Erysipelotrichales;f__Erysipelotrichaceae;g__Holdemania;s__",0,0,0,0,0,0,0,0,0.000357749754047044,0,0,0,0,0,0,0,0,0,0,0,0.000882223202470225,0,0,0,0,0,0,0,0,0,0,0,0,0,0,0,0,0,0,0,0,0,0,0,0,0.00253931047953902,0,0,0,0,0,0,0.00561629474314812,0.006859382655561,0,0,0,0.00662859473791556,0,0.000449034575662326,0,0,0.00476242017534365,0.00349872773536896,0,0,0,0,0,0,0,0,0,0,0,0,0,0,0,0,0,0,0,0,0,0,0,0,0,0,0,0,0.000694819732880414,0,0,0,0,0,0,0,0,0,0,0,0,0,0,0,0,0.0189856611789697,0.000838222967309304,0,0,0,0,0,0,0,0,0,0.0040472453952259,0.000628387400832613,0,0,0,0,0,0,0,0,0,0.0101104370819723
"k__Bacteria;p__Firmicutes;c__Erysipelotrichi;o__Erysipelotrichales;f__Erysipelotrichaceae;__;__",0,0,0,0,0,0,0.00020393596410727,0.000118028917084686,0,0,0,0,0,0,0,0,0,0,0,0,0,0,0,0,0,0.000757920266787934,0,0,0,0,0.000611620795107034,0.000600660726799479,0,0,0.0001999800019998,0.00120264582080577,0,0,0,0,0,0,0,0,0,0,0,0,0,0,0,0,0,0,0,0,0,0,0,0,0,0,0,0,0,0,0.00018201674554059,0,0,0.000293973542381186,0,0,0,0,0,0,0,0,0,0,0,0,0,0,0,0,0,0,0.000196232339089482,0,0,0,0,0,0,0,0,0,0,0.00137585991244528,0.000313087038196619,0,0,0,0,0,0,0,0,0,0,0,0,0,0,0,0,0,0,0,0,0.000314193700416307,0,0,0,0,0,0,0,0,0,0
"k__Bacteria;p__Firmicutes;c__Erysipelotrichi;o__Erysipelotrichales;f__Erysipelotrichaceae;g__Coprobacillus;s__cateniformis",0,0,0,0,0,0,0,0,0,0,0,0,0,0,0,0,0,0,0,0,0,0,0,0,0,0,0,0,0,0,0,0,0,0,0,0,0,0,0,0,0,0,0,0,0.00404691113313512,0,0,0,0,0,0,0,0,0,0,0,0,0,0,0,0,0,0,0,0,0,0,0,0,0,0,0,0,0,0,0,0,0,0,0,0,0,0,0,0,0,0,0,0,0,0,0,0,0,0,0,0,0,0,0,0.00195679398872887,0,0,0,0,0,0,0,0,0,0,0,0,0,0,0,0,0,0,0,0,0,0,0,0,0,0,0,0,0,0,0
"k__Bacteria;p__Firmicutes;c__Erysipelotrichi;o__Erysipelotrichales;f__Erysipelotrichaceae;g__Clostridium;__",0,0,0,0,0,0,0,0,0,0,0,0,0,0,0,0,0,0,0,0,0,0,0,0,0,0,0,0,0,0,0,0,0,0,0,0,0,0,0,0,0,0,0,0,0,0,0,0,0,0,0,0,0,0,0,0,0,0,0,0,0,0,0,0,0.00043204009332066,0,0,0,0,0,0,0,0,0,0,0,0,0,0,0,0,0,0,0,0,0,0,0,0,0.000848656294200849,0,0,0,0,0,0,0,0,0.00205058099794942,0,0,0,0,0,0,0,0,0,0,0,0,0,0,0.00080135339684801,0,0,0,0,0,0,0,0,0,0,0,0,0,0,0,0,0,0
"k__Bacteria;p__Firmicutes;c__Erysipelotrichi;o__Erysipelotrichales;f__Erysipelotrichaceae;g__Allobaculum;s__",0,0,0,0,0,0,0,0,0,0,0,0,0,0,0,0,0,0,0,0,0,0,0,0,0,0,0,0,0,0,0,0,0,0,0,0,0,0,0,0,0,0,0,0,0,0,0,0,0,0,0,0,0,0,0,0,0,0,0.00212901852246115,0,0,0.00393597480976122,0,0,0,0,0,0,0,0,0,0.00317223362567643,0,0,0,0,0,0,0,0,0,0,0,0,0,0,0,0,0,0,0,0,0,0,0,0,0,0,0.00205058099794942,0,0,0,0.0240229472929365,0,0,0,0,0,0.00121163166397415,0,0,0,0,0,0,0,0,0,0,0,0,0,0,0,0,0,0,0,0,0,0,0
"k__Bacteria;p__Firmicutes;c__Erysipelotrichi;o__Erysipelotrichales;f__Erysipelotrichaceae;g__[Eubacterium];s__",0,0,0,0.000156519017060573,0,0,0,0,0,0,0,0,0,0,0,0,0,0,0,0,0,0,0,0,0,0,0,0,0,0,0,0,0,0,0,0,0,0,0,0,0,0,0,0,0,0,0,0,0,0,0,0,0,0,0,0,0,0,0,0,0,0,0,0,0,0,0,0,0,0,0,0,0,0,0,0,0,0,0,0,0,0,0,0,0,0,0,0,0,0,0,0,0,0,0,0,0,0,0,0,0,0,0.000896378630333453,0,0,0,0,0,0,0,0,0,0,0,0,0,0,0,0,0,0,0,0,0,0,0,0,0,0,0,0,0
"k__Bacteria;p__FBP;c__;o__;f__;g__;s__",0,0,0,0,0,0,0,0,0,0,0,0,0,0,0,0,0,0,0,0,0,0,0,0,0,0,0,0,0,0,0,0,0,0,0,0,0,0,0,0,0,0,0,0,0,0,0,0,0,0,0,0,0,0,0,0,0,0,0,0,0,0,0,0,0,0,0,0,0,0,0,0,0,0,0,0,0,0,0,0,0,0,0,0,0,0,0,0,0,0,0,0,0,0,0.000440683941477173,0,0,0,0,0,0,0,0,0,0,0,0,0,0,0,0,0,0,0,0,0,0,0,0,0,0,0,0,0,0,0,0,0,0,0,0,0
"k__Bacteria;p__Bacteroidetes;c__Bacteroidia;o__Bacteroidales;f__Bacteroidaceae;g__Bacteroides;s__uniformis",0,0,0.0139638582492373,0.00453905149475661,0.0282168364360145,0,0.0185581727337616,0.00531130126881086,0.0131473034612289,0,0,0,0.0104666375926734,0.00698324022346369,0,0,0,0,0,0,0.0120202911336568,0,0.00985306828003457,0.00696235172769469,0.00776174808065469,0,0.0294739460266136,0.0138279932546374,0.0363524337646334,0.00982961992136304,0.00966360856269113,0.0109120032035239,0.0306837606837607,0,0,0,0.0240497686063273,0,0.00384492149951938,0,0,0.00336644591611479,0.0145699684679787,0,0.00751569210439379,0.0304717257544682,0.00249930574840322,0,0.00170711793958287,0,0,0.0117332541214912,0,0.00845173934345909,0,0,0,0.0292677952274118,0.0220353417074729,0.00916030534351145,0,0.00244905099274031,0.0132048923043619,0,0.00613496932515337,0,0,0.0027124773960217,0.0068308181096108,0.00391964723174914,0,0,0,0,0.00523989898989899,0,0,0,0,0,0.0426477121279431,0,0.0164626424651752,0,0.00508762012436405,0,0,0.00753640900295346,0,0.0227722772277228,0.00291139240506329,0.0128741551335694,0.00401451401219795,0,0,0.0123403019744483,0.0138348856135274,0,0,0,0,0.0180942652852765,0.022588741484403,0.0216558632881556,0.0107718594458064,0.017228393899454,0,0.00923718712753278,0.00898626817447496,0.0256240042485396,0.00737636211232188,0,0,0,0,0,0,0,0.00755716949651585,0,0.0125547204096804,0,0.00717929340638579,0,0.00813683161740286,0.0081165136918759,0.00920245398773006,0.00844244115332332,0.0197273634046326,0.00945334977394164,0,0.026909317156634
"k__Bacteria;p__Bacteroidetes;c__Bacteroidia;o__Bacteroidales;f__Bacteroidaceae;__;__",0,0,0,0,0,0,0,0,0,0,0,0,0,0,0,0,0,0,0,0,0,0,0,0,0,0,0,0,0,0,0,0,0,0,0,0,0,0,0,0,0,0,0,0,0,0,0,0,0,0,0,0,0,0,0,0,0,0,0,0,0,0,0,0,0,0,0,0,0,0,0,0,0,0,0,0,0,0,0,0,0,0,0,0,0,0,0,0,0,0,0,0,0,0,0,0,0,0,0,0,0,0,0,0,0,0,0,0,0,0,0,0,0,0,0,0,0,0,0,0,0,0,0,0,0.000249086682165394,0,0,0,0,0,0,0
"k__Bacteria;p__Bacteroidetes;c__Bacteroidia;o__Bacteroidales;f__Prevotellaceae;g__Prevotella;s__stercorea",0,0,0,0,0,0,0,0,0,0,0,0,0.0286960313999128,0.0109404096834264,0,0.000856971462850287,0.000329344604237567,0,0.0419506462984724,0.0188310942702951,0,0,0.00726015557476232,0,0.00885851683118198,0,0,0,0,0,0,0,0,0,0,0,0,0,0,0,0,0,0.000434924431879961,0,0,0,0,0,0,0,0,0,0,0,0,0,0,0,0,0,0,0,0,0,0,0,0,0,0.00166799046862589,0.0129348358647722,0,0,0,0,0,0,0,0,0,0.000304302842188546,0,0,0,0,0,0,0,0,0,0,0,0,0,0,0,0.000725900116144019,0.000271272266931911,0,0,0,0,0,0,0,0,0,0,0,0,0,0,0,0.000726819644896688,0,0,0,0,0,0,0,0,0,0,0,0,0,0,0,0,0,0,0
"k__Bacteria;p__Bacteroidetes;c__Bacteroidia;o__Bacteroidales;f__[Paraprevotellaceae];g__[Prevotella];s__",0,0,0,0.000547816559712005,0,0,0,0,0,0,0,0,0,0,0,0,0,0,0,0,0,0,0,0,0,0,0,0,0,0,0.00207951070336391,0,0,0,0,0,0,0,0,0,0,0,0,0,0.00140403039312851,0,0,0,0.000593780152898389,0,0,0,0,0.000857422831945125,0,0,0,0,0,0,0,0,0,0,0,0,0,0,0,0,0,0,0,0,0,0,0,0,0,0,0,0,0,0,0,0,0,0,0,0,0,0,0,0,0,0,0,0,0,0,0,0,0,0,0,0,0,0.000595947556615018,0,0,0,0,0,0,0,0,0,0,0,0,0,0,0,0,0,0,0,0,0,0,0,0
"k__Bacteria;p__Bacteroidetes;c__Bacteroidia;o__Bacteroidales;f__Rikenellaceae;g__Alistipes;__",0,0,0,0,0,0,0,0,0,0,0,0,0,0,0,0,0,0,0,0,0,0,0,0,0.00194043702016367,0,0,0,0,0,0,0,0,0,0,0,0,0,0,0,0,0,0,0,0,0,0,0,0,0,0,0,0,0,0,0,0,0,0,0,0,0,0,0,0,0,0,0,0,0,0,0,0,0,0,0,0,0,0,0,0,0,0,0,0,0,0,0,0,0,0,0.00128741551335694,0,0,0,0,0,0,0,0,0,0,0,0,0,0,0,0,0,0,0,0,0,0,0,0,0,0,0,0,0,0,0,0,0,0,0,0,0,0,0,0
"k__Bacteria;p__Bacteroidetes;c__Bacteroidia;o__Bacteroidales;f__Rikenellaceae;g__Alistipes;s__finegoldii",0,0,0,0,0,0,0,0.00672764827382709,0,0,0,0,0,0.00535381750465549,0,0,0,0,0,0,0,0,0,0,0,0,0,0,0,0,0,0,0.0162393162393162,0,0,0,0,0,0,0,0,0,0,0,0.000247770069375619,0,0,0,0,0,0,0,0,0,0,0,0,0,0.00936768149882904,0,0,0,0,0,0,0,0,0,0,0,0,0,0,0,0,0,0,0,0,0,0,0,0,0,0,0,0,0,0,0,0,0,0,0,0,0,0,0,0,0,0,0,0,0,0,0,0,0,0,0.0157992565055762,0,0,0,0,0,0,0,0,0,0,0,0,0,0,0,0,0,0,0,0,0,0.0130657956136258
"k__Bacteria;p__Bacteroidetes;c__Bacteroidia;o__Bacteroidales;f__Bacteroidaceae;g__Bacteroides;s__caccae",0,0,0,0,0,0,0,0,0,0,0,0,0,0.00434512725015518,0,0,0,0,0,0,0,0,0,0,0.00843668269636379,0,0,0,0,0,0,0.00700770847932726,0,0,0.0133986601339866,0,0.00955921402018056,0,0,0,0,0,0,0,0,0,0.000833101916134407,0.00831399845320959,0,0,0,0,0.0117567769956567,0.00783929446349829,0,0,0,0,0,0,0,0.00209918656520598,0.028466284229895,0.0173346055979644,0.00362913678389355,0,0,0,0.00476568705321684,0.0146986771190593,0,0,0,0,0,0,0,0,0,0,0,0,0.0108695652173913,0,0,0,0,0,0,0.0186704384724187,0,0.00364767728784465,0.00633057978846599,0,0,0,0,0,0,0,0,0,0,0,0,0.00950856712483525,0,0.00715137067938021,0.00323101777059774,0,0.00176026823134954,0,0,0,0,0,0,0,0,0,0.0102420087552655,0,0,0,0.00232480903354367,0,0.00289219982471516,0,0,0,0,0
"k__Bacteria;p__Bacteroidetes;c__Bacteroidia;o__Bacteroidales;f__Bacteroidaceae;g__Bacteroides;s__coprophilus",0,0,0,0,0,0,0,0,0,0,0,0,0.00715220235499346,0,0,0,0,0,0,0,0,0,0,0,0,0,0,0,0,0,0,0,0,0,0,0,0,0,0,0,0,0,0,0,0,0,0,0,0,0,0,0,0,0,0,0,0,0,0,0,0,0,0,0,0,0,0,0,0,0,0,0,0,0,0,0,0,0,0,0,0,0,0,0,0,0,0.047103861517976,0.00906405947652511,0.00824175824175824,0,0,0,0,0,0,0,0,0,0,0,0,0,0,0,0,0,0,0,0,0,0.00310142497904443,0,0,0,0,0,0,0,0,0,0,0,0.0143585868127716,0.00637393767705382,0,0,0,0,0,0,0,0
"k__Bacteria;p__Bacteroidetes;c__Bacteroidia;o__Bacteroidales;f__[Barnesiellaceae];g__Barnesiella;s__intestinihominis",0,0,0,0,0,0,0,0,0,0,0,0,0,0,0,0,0,0,0,0,0,0,0,0,0,0,0,0,0,0,0,0,0.00666666666666667,0,0,0,0,0,0,0,0,0,0,0,0,0,0,0,0,0,0,0,0,0,0,0,0,0,0,0,0,0,0,0,0,0,0,0.00158227848101266,0,0,0,0,0,0,0,0,0,0,0,0,0,0,0,0,0,0,0,0,0,0,0,0,0,0,0,0,0,0,0,0,0,0,0,0,0,0,0,0,0,0,0,0,0,0,0,0,0,0,0,0,0,0,0,0,8.30288940551312e-05,0,0.00648553900087642,0,0,0,0,0
"k__Bacteria;p__Bacteroidetes;c__Bacteroidia;o__Bacteroidales;f__[Barnesiellaceae];__;__",0,0,0,0,0.0525699566795457,0.000364608653378707,0,0,0,0,0,0,0,0,0,0,0,0,0,0,0,0,0,0,0,0,0,0,0,0,0,0,0,0,0,0,0.00379333889689705,0,0,0,0,0,0,0,0,0,0,0,0,0,0,0,0,0,0,0,0,0,0,0,0,0,0,0,0,0,0,0,0,0,0,0,0,0,0,0,0,0,0,0,0,0,0,0,0,0,0,0,0,0,0,0,0,0,0,0,0,0,0,0,0,0,0,0,0,0,0,0,0,0,0,0,0,0,0,0,0,0,0,0,0,0,0,0,0.00390235802059117,0,0,0,0,0,0,0
"k__Bacteria;p__TM7;c__TM7-3;o__CW040;f__;g__;s__",0,0,0,0,0,0,0,0,0,0,0,0,0,0,0,0,0,0,0,0,0,0,0,0,0,0,0,0,0,0,0,0,0,0,0,0,0,0,0,0,0,0,0,0,0,0,0,0,0,0,0,0,0,0,0,0,0,0,0,0,0.000248108175164372,0,0,0,0,0,0,0,0,0,0,0,0,0,0,0,0,0,0,0,0,0,0,0,0,0,0,0,0,0.00099009900990099,0,0,0,0,0,0,0,0,0,0,0,0,0,0,0,0,0.000160694198939418,0,0,0,0,0,0.00124597653410861,0.00249309945686048,0,0,0,0,0,0,0,0,0,0,0,0,0,0,0,0,0,0
"k__Bacteria;p__Firmicutes;c__Clostridia;o__Clostridiales;f__Clostridiaceae;g__SMB53;s__",0,0.00677532758069671,0,0,0,0,0,0,0,0,0,0.00881272949816402,0,0,0,0,0,0,0,0.00941554713514755,0,0.0048114232500388,0,0,0,0,0,0,0,0,0,0,0,0,0,0,0,0,0,0,0,0,0,0,0.0114800132144037,0,0,0,0,0,0,0,0,0,0,0.000930617309481956,0,0,0,0,0.00148864905098623,0,0,0,0,0.0130767595152031,0,0.00372965641952984,0,0.000195982361587457,0,0,0,0,0,0,0,0,0,0,0,0,0,0,0,0,0,0,0.00402276295133438,0,0,0,0,0,0,0,0.0075956234740935,0,0,0,0,0,0,0,0,0,0.00449943757030371,0,0,0,0,0,0,0,0,0,0,0,0,0.00372750642673522,0,0,0,0,0,0.00182052643556095,0,0.00307648279316019,0,0,0,0
"k__Bacteria;p__Firmicutes;c__Clostridia;o__Clostridiales;f__Lachnospiraceae;g__Dorea;s__formicigenerans",0.010743219443466,0,0.0105609011969021,0.00837376741274065,0.0175623463294696,0.00911521633446767,0.0116243499541144,0.00861611094718206,0.00804936946605849,0.0180279987914191,0.00820885479747006,0.030110159118727,0,0.0069056486654252,0.0107561718395646,0.00874110892107293,0,0.00114577824784065,0,0,0.00727834142037936,0,0.0115816767502161,0,0.0086897831772547,0.00591177808094588,0.0164158686730506,0.0159359190556492,0.00177141096734442,0,0.00330275229357798,0.0153168485333867,0.0130769230769231,0.0051028179741051,0.0080991900809919,0,0,0,0,0,0,0.00816777041942605,0.00869848863759922,0.0123500984428137,0,0,0,0.0119876256767208,0,0,0,0.0231694638348433,0.0143777145424592,0.0122488975992161,0,0.0142694654120567,0,0,0.0104321907600596,0.00889088459811405,0.00483810941570525,0.010058602291612,0,0,0,0,0.0095255430166242,0.000452079566003617,0.0122319301032566,0.0132288094071534,0,0,0,0,0.00252525252525253,0,0,0,0,0,0,0,0.00685943436048966,0.0377340997589468,0.0132843414358395,0.00804681784930505,0,0.0102861798553824,0.00735871271585557,0.0111739745403112,0,0.0209205020920502,0.00416891839728248,0.0326156812339332,0,0,0,0,0,0,0.00626174076393237,0,0,0,0,0.00866126906420636,0.00956130483689539,0.0178784266984505,0.0193861066235864,0.0168613913967074,0.0104777870913663,0.0149775882803105,0,0,0,0,0,0,0.0154087741682206,0.0105398457583548,0.00602956967043859,0.00793339093551174,0.0151143019081806,0.00894121813031161,0.0128694785785453,0,0.00806310254163015,0,0.0127452066940042,0.0117139334155364,0,0.0122880696842433
"k__Bacteria;p__Proteobacteria;c__Alphaproteobacteria;o__Rhodobacterales;f__Rhodobacteraceae;g__Rubellimicrobium;s__",0,0,0,0,0,0,0,0,0,0,0,0,0,0,0,0,0,0,0,0,0,0,0,0,0,0,0,0,0,0,0,0,0,0,0,0,0,0,0,0,0,0,0,0,0,0,0,0,0,0,0,0,0,0,0,0,0,0,0,0,0,0,0,0,0,0,0,0,0,0,0,0,0,0,0,0,0,0,0,0,0,0,0,0,0,0,0,0,0,0,0,0,0,0,0.000440683941477173,0,0,0,0,0,0.000156543519098309,0,0,0,0,0,0,0,0,0,0,0,0,0,0,0,0,0,0,0,0,0,0,0,0,0,0,0,0,0,0,0
"k__Bacteria;p__Proteobacteria;c__Gammaproteobacteria;o__Enterobacteriales;f__Enterobacteriaceae;g__Klebsiella;__",0,0.0109300095877277,0,0,0,0,0,0,0,0.0842985194883674,0,0,0.00697775839511557,0.00193978895096214,0,0,0,0.0022915564956813,0.0108108108108108,0,0,0,0,0,0,0.0954979536152797,0,0,0,0.0044779379641765,0,0,0.00418803418803419,0,0,0,0.00326227145133146,0,0,0,0.00924702774108322,0.00491169977924945,0.00858975752962923,0,0.00363396101750909,0,0.0213829491807831,0,0,0,0,0,0,0,0,0,0.00745598275242544,0,0,0,0,0,0,0,0,0,0.0289406625409538,0,0,0,0,0,0,0.0107479169748065,0,0.0304007032451835,0,0,0,0.00718154707564969,0,0,0,0,0,0,0,0.00295345758223852,0,0,0,0,0.00223886358372578,0,0,0,0.0125689483678452,0.00730891158858753,0,0,0,0.0233474390777762,0,0,0,0,0,0.00645609852999603,0,0,0.00670578373847443,0,0,0,0,0,0,0.00777432252332297,0.00883305525566788,0,0,0,0,0,0,0,0,0,0,0,0,0
"k__Bacteria;p__Firmicutes;c__Clostridia;o__Clostridiales;f__Lachnospiraceae;g__Epulopiscium;s__",0,0,0,0,0,0,0,0,0,0,0,0,0,0,0,0,0,0,0,0,0,0,0,0,0,0,0,0,0,0,0,0,0,0,0,0,0,0,0,0,0,0,0,0,0,0,0,0,0,0,0,0,0.0017972143178074,0,0,0,0,0,0,0,0,0,0,0,0,0,0,0,0,0,0,0,0,0,0,0,0,0,0,0,0,0,0,0,0,0,0,0,0,0,0,0,0,0,0,0,0,0,0,0.00662914321450907,0.00250469630557295,0,0,0,0,0,0,0,0,0,0,0,0,0,0,0,0,0,0,0,0,0,0,0,0,0,0,0,0,0,0,0
"k__Bacteria;p__Actinobacteria;c__Actinobacteria;o__Bifidobacteriales;f__Bifidobacteriaceae;g__Scardovia;s__",0,0,0,0,0,0,0,0,0,0,0,0,0,0,0,0,0,0,0,0,0,0,0,0,0,0,0,0,0,0,0,0,0,0,0,0,0,0,0,0,0,0,0,0,0,0,0,0,0,0,0,0,0,0,0,0,0,0,0,0,0,0,0,0,0,0,0,0,0,0,0,0,0,0,0,0,0,0,0,0,0,0,0,0,0,0,0,0,0,0,0,0,0,0,0,0,0,0.000880591757661148,0,0,0,0,0,0,0.0031201248049922,0,0,0,0,0,0,0,0,0,0,0,0,0,0,0,0,0,0,0,0,0,0,0,0,0,0,0
"k__Bacteria;p__Actinobacteria;c__Actinobacteria;o__Actinomycetales;f__Corynebacteriaceae;g__Corynebacterium;s__durum",0,0,0,0.00148693066207544,0,0,0,0,0,0,0,0,0,0,0,0,0,0,0,0,0,0,0,0,0,0,0,0,0,0,0,0,0,0,0,0,0,0,0,0,0,0,0,0,0.000991080277502478,0,0,0,0,0,0,0,0,0,0,0.000310205769827319,0,0,0,0,0,0,0,0,0.00043204009332066,0,0,0,0,0,0,0.000373203955961933,0,0,0,0,0,0,0,0,0,0,0,0,0,0,0,0,0,0,0,0,0,0,0,0,0,0,0,0,0,0,0,0,0,0,0.000482082596818255,0,0,0,0,0,0,0,0,0,0,0,0,0,0,0,0,0,0,0,0,0,0,0,0,0
"k__Bacteria;p__Actinobacteria;c__Actinobacteria;o__Actinomycetales;f__Corynebacteriaceae;g__Corynebacterium;s__",0,0,0,0,0,0,0,0,0,0,0,0,0,0,0,0,0,0,0,0,0,0,0,0,0,0,0,0,0,0,0,0,0,0,0,0,0,0,0,0,0,0,0,0,0,0,0,0,0,0,0,0,0,0,0,0,0,0,0,0,0,0,0,0,0,0,0,0,0,0,0,0,0,0,0,0,0,0,0,0,0.0128831630386495,0.0100574712643678,0,0,0,0,0,0,0,0.00155586987270156,0.0158227848101266,0,0,0,0,0,0,0,0,0,0.00117407639323732,0,0,0,0.00178292845999554,0,0,0,0,0,0.000754400670578374,0,0,0,0,0,0,0,0,0,0,0,0,0,0,0,0,0,0,0,0,0
"k__Bacteria;p__Firmicutes;c__Clostridia;o__Clostridiales;f__Clostridiaceae;g__Clostridium;s__paraputrificum",0,0,0,0,0,0,0,0,0,0,0,0,0,0,0,0,0,0,0,0,0,0,0,0,0,0,0,0,0,0,0,0,0,0,0,0,0,0,0.00854426999893197,0,0,0,0,0,0,0,0,0.0132443928847641,0,0,0,0,0,0,0,0,0,0,0,0,0,0,0,0,0,0,0,0,0,0,0,0,0,0,0,0,0,0,0.0025830258302583,0,0,0,0,0,0,0,0,0,0,0,0,0,0,0,0,0,0,0,0,0,0.00962742642454602,0,0,0,0,0,0,0,0,0,0,0,0,0,0,0,0.00536900536900537,0,0,0.00437017994858612,0,0,0,0,0,0,0,0,0,0,0,0
"k__Bacteria;p__Firmicutes;c__Clostridia;o__Clostridiales;f__Lachnospiraceae;g__Blautia;s__obeum",0,0,0,0,0,0.00431453573164803,0,0,0.00724443251945264,0.00443146339006949,0,0,0.00584387265590929,0.0037243947858473,0,0,0,0,0,0,0,0,0.00406222990492653,0,0,0,0,0.00699831365935919,0,0,0,0,0,0,0,0,0.0103937485774979,0,0,0.0171825647504738,0,0,0,0,0,0.00595761304814923,0,0,0,0,0,0,0.00277070540661974,0.00992160705536502,0,0,0.0110492274523895,0,0,0,0,0,0,0,0,0,0,0,0,0,0,0,0,0,0.00574494949494949,0,0,0,0,0,0,0,0.0158294639088223,0.0496940478397923,0,0,0.0218042609853529,0,0,0,0,0,0.00239326796881031,0,0,0,0,0,0,0,0,0,0,0,0,0,0.0026514542825004,0.0136074692093762,0.0149434571890145,0.0111524163568773,0,0,0,0.00836969103374588,0,0,0,0,0,0,0.00545139175683489,0.00612677715811798,0,0.00159348441926346,0,0,0,0,0.00476559902471462,0,0,0.0121325244983668
"k__Bacteria;p__Firmicutes;c__Clostridia;o__Clostridiales;f__[Tissierellaceae];g__Parvimonas;s__",0.00317013032758013,0,0,0,0,0,0,0,0,0,0,0,0,0.00333643699565487,0,0.00257091438855086,0,0,0,0,0,0,0,0,0,0,0,0,0,0,0,0,0,0,0,0,0,0,0,0.00101073910296905,0,0,0,0,0,0,0,0,0.000668002672010688,0,0,0,0,0,0,0,0,0,0,0,0,0.000699728855068661,0,0,0,0,0,0,0,0,0,0,0,0,0,0,0,0,0,0,0,0,0,0,0,0,0,0,0,0,0,0,0,0,0.000264410364886304,0,0,0,0,0,0,0,0,0,0,0,0.000883818094166801,0,0,0,0,0,0,0,0,0,0,0,0,0,0,0,0,0.000354107648725212,0,0,0,0,0,0,0.00121637092157985,0
"k__Bacteria;p__Firmicutes;c__Clostridia;o__Clostridiales;f__Lachnospiraceae;g__[Ruminococcus];s__torques",0,0.00626398210290828,0,0.00571294412271091,0,0,0.0129499337208117,0,0,0,0,0.0247246022031824,0,0.00682805710738672,0,0,0,0,0,0,0.0102558447287164,0,0,0,0,0,0.013804253202338,0.00741989881956155,0.00546826863832409,0.00982961992136304,0.00685015290519878,0.00941035138652518,0,0,0,0,0.00705561034822851,0.0172565592533897,0,0,0.00510788199031264,0,0,0.005011634150707,0.00322101090188305,0.00468795780837972,0,0,0,0,0,0,0,0,0,0,0,0,0,0,0,0,0,0,0,0,0.00910083727702949,0,0,0,0,0,0,0,0,0,0,0,0,0,0,0,0.00928661882650908,0,0,0,0,0,0,0,0,0,0,0,0,0,0,0,0,0,0,0,0,0,0,0,0,0,0.0100969305331179,0.0203133297928837,0,0,0,0,0,0,0,0,0,0,0,0,0,0,0,0,0,0,0,0,0,0.0161766993311557
"k__Bacteria;p__Firmicutes;c__Clostridia;o__Clostridiales;f__Lachnospiraceae;g__Coprococcus;s__eutactus",0,0,0,0,0,0,0,0,0.0084965566586173,0,0,0,0.0097688617531618,0.0085350713842334,0,0,0,0,0,0,0,0,0.00665514261019879,0,0.00809921538850924,0,0.0160427807486631,0.00708263069139966,0,0,0,0,0.00384615384615385,0,0,0,0,0,0,0,0,0,0,0,0,0,0,0.0029969064191802,0,0,0,0,0.0245619290100344,0,0,0,0,0,0,0,0,0,0,0,0,0,0,0.00802441229656419,0.0084988085782367,0.0151886330230279,0,0,0,0,0,0,0,0,0,0,0,0,0,0,0,0,0,0,0,0,0,0,0,0,0,0,0,0,0,0,0,0,0,0,0,0,0,0,0,0,0.000419111483654652,0,0,0,0,0,0,0,0,0,0,0,0,0,0.00896712055795417,0,0.00893952673093777,0,0,0,0,0
"k__Bacteria;p__Firmicutes;c__Clostridia;o__Clostridiales;f__Clostridiaceae;g__Clostridium;__",0,0.00504953659316075,0,0,0,0,0,0,0,0,0,0,0.0334060183166158,0.00225015518311608,0,0,0.0107585904050939,0,0,0.00792283844299001,0,0,0,0,0,0.0080339548279521,0,0.0141652613827993,0,0,0,0,0,0,0,0,0.00311053789545558,0,0,0.0185723310170562,0,0.00187637969094923,0,0.00402720601396098,0.00867195242814668,0,0,0.0356728538283063,0,0,0,0.00579236595871083,0.00808746443013329,0,0,0,0,0,0,0,0,0,0,0,0,0.00722942802466511,0,0.00960669077757685,0,0,0,0,0.00314424210664221,0,0,0,0,0.00164142356188913,0,0,0,0,0,0,0,0,0,0,0,0.0132956152758133,0,0.00214569252226156,0,0.00369537275064267,0.0051119337211352,0,0,0.00854174004931314,0,0,0,0,0,0.00206246317030053,0,0,0,0.00268176400476758,0,0.00106213489113117,0.00720871751886002,0,0,0.00151366752737957,0,0,0,0.0129942247889827,0,0.00886889460154242,0,0,0,0.00956090651558074,0,0,0,0,0,0,0,0
"k__Bacteria;p__Proteobacteria;c__Gammaproteobacteria;__;__;__;__",0,0,0,0,0,0,0,0,0,0,0,0,0,0,0,0,0,0.000264410364886304,0,0,0.000110277900308778,0,0,0,0,0,0,0,0,0,0,0,0,0,0,0,0,0,0,0,0,0,0,0,0,0,0,0,0,0,0,0,0,0,0,0,0,0,0,0,0,0,0,0,0,0,0,0,0,0,0,0,0,0,0,0,0,0,0,0,0,0,0,0,0,0,0,0,0,0,0,0,0,0,0,0,0,0,0,0,0,0,0,0,0,0,0,0,0,0,0,0,0,0,0,0,0,0,0,0,0,0,0,0,0,0,0,0,0,0,0,0
"k__Bacteria;p__Fusobacteria;c__Fusobacteriia;o__Fusobacteriales;f__Fusobacteriaceae;__;__",0,0,0,0,0,0,0,0,0,0,0,0,0,0,0,0,0,0,0,0,0,0,0,0,0,0,0,0,0,0,0,0,0,0,0,0,0,0,0,0,0,0,0,0,0,0,0,0,0,0,0.000221631205673759,0,0,0,0,0,0,0,0,0,0,0,0,0,0,0,0,0,0,0,0,0,0,0,0,0,0,0,0,0,0,0,0,0,0,0,0,0,0,0,0,0,0,0,0,0,0,0,0,0,0,0,0,0,0,0,0,0,0,0,0.000502933780385583,0,0,0,0,0,0,0,0,0,0,0,0,0,0,0,0,0,0,0,0,0
"k__Bacteria;p__Fusobacteria;c__Fusobacteriia;o__Fusobacteriales;f__Leptotrichiaceae;g__Leptotrichia;s__",0,0,0,0,0,0,0,0,0,0,0,0,0,0,0,0,0,0,0,0,0,0,0,0,0,0,0,0,0,0,0,0,0,0,0,0,0,0,0,0,0,0,0,0,0,0,0,0,0.00170711793958287,0,0.00206855791962175,0,0,0,0,0,0,0,0,0,0,0,0,0,0,0,0.000364033491081179,0,0,0,0,0,0,0,0,0,0,0,0,0,0,0,0,0,0,0,0,0,0,0,0,0,0,0,0,0,0,0,0,0,0,0,0,0,0,0,0,0,0,0,0,0,0,0,0,0,0.003003003003003,0,0,0,0,0,0,0,0,0,0,0,0,0,0,0
"k__Bacteria;p__Fusobacteria;c__Fusobacteriia;o__Fusobacteriales;f__Fusobacteriaceae;g__Cetobacterium;s__somerae",0,0,0,0,0,0,0,0,0,0,0,0,0,0,0,0,0,0,0,0,0,0,0,0,0,0,0,0,0,0,0,0,0,0,0,0,0,0,0,0,0,0,0,0,0,0,0,0,0,0,0,0,0,0,0,0,0,0,0,0,0.0158789232105198,0,0,0,0,0,0,0,0,0,0,0,0,0,0,0,0,0,0,0,0,0,0,0,0,0,0,0,0,0,0,0,0,0,0,0,0,0,0,0,0,0,0,0,0,0,0,0,0,0,0,0,0,0,0,0,0,0,0,0,0,0,0,0,0,0,0,0,0,0,0,0
"k__Bacteria;p__Proteobacteria;c__Alphaproteobacteria;o__Rhizobiales;f__Phyllobacteriaceae;g__Mesorhizobium;s__",0,0,0,0,0,0,0,0,0,0,0,0,0,0,0,0,0,0,0,0,0,0,0,0,0,0,0,0,0,0,0,0.00420462508759636,0,0,0,0.00165363800360794,0,0,0,0,0,0,0,0,0,0,0,0,0,0,0,0,0,0,0,0,0,0,0,0,0,0,0,0,0,0,0,0,0,0,0,0,0,0,0,0,0,0,0,0,0,0,0,0,0,0,0,0,0,0,0,0,0,0,0,0,0,0,0,0,0.00133061991233563,0,0,0,0,0,0,0,0,0,0,0,0,0,0,0,0,0,0,0,0,0,0,0,0,0,0,0,0,0,0,0
"k__Bacteria;p__Firmicutes;c__Clostridia;o__Clostridiales;f__Lachnospiraceae;g__Clostridium;s__hathewayi",0,0,0,0,0,0,0,0.00678666273236943,0,0,0,0,0,0,0,0,0.00153694148644198,0,0,0,0,0.00294893683066894,0.00164217804667243,0,0,0,0,0,0,0,0,0,0,0,0,0,0,0,0,0,0,0,0,0,0,0,0,0,0,0,0,0,0.00636513404223454,0.00734933855952964,0,0,0,0,0,0,0,0,0,0,0,0,0,0,0,0,0.0153440026398284,0.00584686197673695,0,0,0,0,0,0,0,0,0,0,0,0,0,0,0,0,0,0,0,0,0,0,0,0.00137921022067364,0,0,0,0,0.00407013149655604,0,0,0,0.00200579451749499,0,0,0,0,0,0,0,0,0,0,0,0,0,0,0,0.00726852234244652,0,0,0,0,0,0,0,0,0,0,0
"k__Bacteria;p__Proteobacteria;c__Alphaproteobacteria;o__Rhizobiales;f__Beijerinckiaceae;g__;s__",0,0,0,0,0,0,0,0,0,0,0,0,0,0,0,0,0,0,0,0,0,0,0,0,0,0,0,0,0,0,0,0,0,0,0,0,0,0,0,0,0,0,0,0,0,0,0,0,0,0,0,0,0,0,0,0,0,0,0,0,0,0,0,0,0,0,0,0,0,0,0,0,0,0,0,0,0,0,0,0,0,0,0,0,0,0,0,0,0,0,0,0,0,0,0.00114577824784065,0,0,0,0,0,0,0,0,0,0,0,0,0,0,0,0,0,0,0,0,0,0,0,0,0,0,0,0,0,0,0,0,0,0,0,0,0
"k__Bacteria;p__Acidobacteria;c__Sva0725;o__Sva0725;f__;g__;s__",0,0,0,0,0,0,0,0,0,0,0,0,0,0.000155183116076971,0,0.000171394292570057,0,0,0,0,0,0,0,0,0,0,0,0,0,0,0,0,0,0,0,0,0,0,0,0,0,0,0,0,0,0,0,0,0,0,0.000221631205673759,0,0,0,0,0,0,0,0,0,0,0,0,0,0,0,0,0,0,0,0,0,0,0,0,0,0,0,0,0,0,0,0,0,0,0,0,0,0,0,0,0,0,0,0,0,0,0,0,0,0,0,0,0,0,0,0,0,0,0,0,0,0,0,0,0,0,0,0,0,0,0,0,0,0,0,0,0,0,0,0,0
"k__Bacteria;p__Proteobacteria;c__Gammaproteobacteria;o__Pseudomonadales;f__Moraxellaceae;g__Acinetobacter;s__rhizosphaerae",0,0.00441035474592522,0,0,0,0,0,0.00436706993213337,0,0,0,0,0,0,0,0.00351358299768618,0,0,0,0,0,0,0,0,0,0.00166742458693345,0,0.00640809443507589,0.0063154651879236,0.00152905198776758,0,0.00120132145359896,0,0.000837776085300838,0,0,0,0,0,0,0,0.00298013245033113,0.0066325975861694,0,0,0,0.00157363695269832,0,0,0,0,0,0.00441815186460985,0,0,0,0,0,0.00585480093676815,0,0,0,0.000541184110834506,0,0,0,0.000849411479189419,0,0,0,0,0,0,0,0.000378787878787879,0,0,0,0,0,0,0,0,0,0,0,0,0.00539769833995315,0,0,0,0,0,0,0.00185087255420412,0.00537166085946574,0.000904240889773036,0.000880591757661148,0,0,0,0,0,0,0,0,0.00224971878515186,0,0.000807754442649435,0,0.00393964794635373,0,0,0,0,0,0.000819000819000819,0,0,0,0.000495581068803172,0,0,0,0,0,0,0,0.00753629613210684,0,0,0
"k__Bacteria;p__Firmicutes;c__Clostridia;o__Clostridiales;f__Veillonellaceae;g__;s__",0,0,0,0,0,0,0,0,0,0,0.00107657112097968,0,0.000261665939816834,0,0,0,0.00076847074322099,0.00176273576590869,0,0,0,0,0,0,0,0,0,0,0,0,0,0,0,0,0,0.000751653638003608,0,0,0,0,0,0.000165562913907285,0,0,0,0,0,0,0,0,0,0,0,0,0,0,0,0,0,0,0,0,0,0,0,0,0,0,0,0,0.00445471044382115,0.00136841450519375,0,0,0,0,0,0,0,0,0,0,0,0,0,0,0,0,0,0,0,0,0,0,0,0,0,0,0,0,0,0,0,0,0,0,0,0,0,0,0,0,0,0,0,0,0,0,0,0,0,0,0,0.000885269121813031,0,0,0,0,0,0,0,0
"k__Bacteria;p__Firmicutes;__;__;__;__;__",0,0,0,0,0,0,0,0,0,0,0,0,0,0,0,0,0,0,0,0,0,0,0,0,0,0,0,0,0,0,0.00036697247706422,0.000200220242266493,0,0,0,0,0,0,0,0,0,0,0,0.000447467334884553,0,0,0,0,0,0,0,0,0,0,0,0.000206803846551546,0,0,0,0,0,0,0,0,0,0,0,0,0,0,0,0,0,0,0,0,0.00027643400138217,0,0,0,0,0,0,0,0,0,0,0,0.000392464678178964,0,0,0,0,0,0,0,0,0,0,0,0,0,0,0,0,0,0,0,0,0,0,0,0,0.000267117798949337,0,0.000113798008534851,0,0,0,0,0,0,0,0,0,0,0,0,0,0,0,0
"k__Bacteria;p__Firmicutes;c__Clostridia;o__Clostridiales;f__Veillonellaceae;g__Veillonella;s__",0,0,0,0,0,0,0,0.00118028917084686,0,0,0,0,0,0,0,0,0.00428147985508837,0,0.00258519388954172,0,0,0.00139686481452739,0,0,0,0,0,0,0.00223351817621688,0,0.0018348623853211,0,0,0,0,0,0.000455200667627646,0,0,0,0,0.00149006622516556,0.00347939545503969,0,0,0,0,0,0,0,0,0,0.00134791073835555,0,0,0,0,0,0.0029806259314456,0,0,0,0.113432189630912,0.0324427480916031,0,0,0.00813008130081301,0,0,0,0,0,0,0,0.0118055555555556,0,0,0,0,0,0,0,0,0,0,0,0,0,0,0,0,0,0,0,0,0.316202090592335,0.141061578804594,0,0,0,0,0,0.0340623879526712,0,0,0,0,0,0,0,0,0,0,0,0,0,0,0,0,0,0,0,0,0,0,0,0,0,0,0,7.15512306811677e-05,0
"k__Bacteria;p__Firmicutes;c__Clostridia;o__Clostridiales;f__Veillonellaceae;g__Veillonella;s__parvula",0,0,0,0,0,0,0,0,0,0,0,0,0,0,0,0,0.00285431990339225,0,0,0.00815248593409117,0.00838112042346714,0,0,0,0,0.00848870698802486,0,0.00413153456998314,0,0,0,0,0,0,0,0,0,0,0,0,0,0,0,0,0.00594648166501487,0,0,0.000193348801237432,0.00727380687300527,0,0.00672281323877069,0,0,0,0,0.00310205769827319,0.00197628458498024,0,0.00777091760698318,0,0.00297729810197246,0.00577276305431645,0,0.00683842239185751,0.0134796509116046,0.0083988943227727,0.00473243538405533,0,0,0,0.0143540669856459,0.011258319338185,0,0,0,0,0.0142363510711818,0,0.0044280442804428,0,0,0,0,0,0,0,0,0,0,0,0,0,0,0,0.000793231094658911,0,0.00126593724568225,0.0110073969707644,0.00997949419002051,0.00512820512820513,0,0,0,0,0,0,0,0,0,0,0.0105616093880972,0,0,0,0,0,0.00864500864500864,0,0.00529983315340073,0,0.00239530849921533,0,0,0,0,0,0,0,0,0,0,0
"k__Bacteria;p__Actinobacteria;c__Coriobacteriia;o__Coriobacteriales;f__Coriobacteriaceae;g__Olsenella;s__profusa",0,0,0,0,0,0,0,0,0,0,0,0,0,0,0,0,0,0,0,0,0,0.00232810802421232,0,0,0,0,0,0,0,0,0,0,0,0,0,0,0,0,0,0,0,0,0,0,0,0,0,0,0,0,0,0,0,0,0,0,0,0,0,0,0,0,0,0,0,0,0,0,0,0,0,0,0,0,0,0,0,0,0,0,0,0,0,0,0,0,0,0,0,0,0,0,0,0,0,0,0,0,0,0,0,0,0,0,0,0,0,0,0,0,0,0,0,0,0,0,0,0,0,0,0,0,0,0,0,0,0,0,0,0,0,0
"k__Bacteria;p__Proteobacteria;c__Alphaproteobacteria;o__Rhodobacterales;f__Hyphomonadaceae;g__Woodsholea;s__maritima",0,0.00127836369447108,0,0,0,0,0,0,0,0,0,0,0,0,0,0,0,0.00105764145954521,0,0,0,0,0,0,0,0,0,0,0,0,0,0,0,0,0,0,0,0,0,0,0,0.000827814569536424,0.00130477329563988,0,0,0,0.00120336943441637,0,0,0,0,0,0,0,0,0,0,0,0,0,0,0,0,0,0,0,0,0,0,0,0,0,0,0,0,0,0,0,0,0,0,0,0,0,0,0,0,0.00183318056828598,0,0,0,0,0,0,0.000440683941477173,0.00137921022067364,0,0.00167312433955618,0,0,0,0,0,0,0,0,0,0,0,0,0.000754400670578374,0,0,0,0,0,0,0,0,0,0.0017345337408111,0,0,0,0,0,0,0,0.00132993461154827,0,0,0
"k__Bacteria;p__Proteobacteria;c__Betaproteobacteria;o__Burkholderiales;f__Comamonadaceae;g__Hydrogenophaga;__",0,0,0,0,0,0,0,0,0,0,0,0,0,0,0,0,0.00241519376440883,0,0,0,0,0.00186248641936986,0,0,0,0,0,0,0,0.00185670598514635,0,0,0,0,0.0061993800619938,0,0,0,0,0,0,0,0,0,0,0,0,0,0,0,0,0,0,0,0,0,0,0,0,0,0,0,0,0.00318066157760814,0,0.00244524771422496,0,0.00226039783001808,0.00127084988085782,0,0,0,0,0,0,0,0,0,0,0.000973769095003347,0,0.000766283524904215,0,0,0,0,0,0,0,0,0,0,0,0,0.00202714613079499,0,0,0,0,0,0,0,0,0,0,0,0,0,0,0,0,0,0,0,0,0,0,0,0,0,0,0,0,0,0,0,0,0,0,0.00267159884915742,0.00107326846021752,0
"k__Bacteria;p__Proteobacteria;c__Betaproteobacteria;o__Burkholderiales;f__Comamonadaceae;g__Hydrogenophaga;s__palleronii",0,0.0066474912112496,0,0,0,0.00139766650461838,0,0,0,0,0,0,0,0,0,0.0135401491130345,0,0.00907808919442975,0,0,0,0,0.00276577355229041,0,0,0,0.00397960452680015,0.0114671163575042,0.0094731977818854,0,0,0.0103113424767244,0.0147008547008547,0,0,0,0.00637280934678704,0,0,0,0,0.0100441501103753,0.0213112971621181,0.00161088240558439,0.00165180046250413,0.0159195233909561,0.0138850319355735,0,0.00192978549691977,0,0,0,0.0119814287853827,0,0,0,0,0,0.0164998935490739,0,0,0.0014869238170209,0,0,0.00129612027996198,0,0.00576386360878534,0,0,0,0,0,0,0,0,0,0,0.0140267104379617,0,0,0,0,0,0,0,0,0,0.0179244322232407,0,0,0.0281012658227848,0,0,0,0,0.0108159117305459,0,0.0120641070799577,0,0,0,0,0,0.00220978196817914,0,0,0.0114092881246987,0.00139054429876838,0.0151453957996769,0,0.00796311818943839,0,0.00186896480116291,0,0,0,0.002002002002002,0,0,0,0,0,0,0,0,0,0,0.000787007226157258,0.0176216336030145,0,0,0
"k__Bacteria;p__Proteobacteria;c__Betaproteobacteria;o__Burkholderiales;f__Oxalobacteraceae;__;__",0,6.39181847235539e-05,0,0,0,0,0,0,0,0,0,0,0,0,0,0,0,0,0,0,0,0,0,0,0,0,0,0,0,0,0,0,0,0.000456968773800457,0,0,0,0,0,0,0,0,0,0,0,0,0,0,0,0,0,0,0,0,0,0,0,0,0,0,0,0,0,0,0,0,0,0,0,0,0,0,0,0,0,0,0,0,0,0,0,0.000383141762452107,0,0,0,0,0,0,0,0,0,0,0,0,0,0,0,0,0,0,0,0,0,0,0,0,0,0,0,0,0,0,0,0,0,0,0,0,0,0,0,0,0,0,0,0,0,0,0,0,0,0
"k__Bacteria;p__Firmicutes;c__Clostridia;o__Clostridiales;f__Ruminococcaceae;g__Anaerofilum;s__",0,0,0,0,0,0,0,0,0,0,0,0,0,0.000543140906269398,0,0,0,0,0,0,0,0,0,0,0,0,0,0,0,0,0,0,0,0,0,0,0.000606934223503528,0,0,0,0,0,0,0,0,0,0,0,0,0,0,0,0,0,0,0,0,0,0,0,0,0,0,0,0,0,0,0,0,0,0,0,0,0,0,0,0,0,0,0,0,0,0,0,0,0,0,0,0,0,0,0,0,0,0,0,0,0,0,0,0,0,0,0,0,0,0,0,0,0,0,0,0,0,0,0,0,0,0,0,0,0,0,0,0,0,0,0,0,0,0,0
"k__Bacteria;p__Chloroflexi;c__Thermomicrobia;o__JG30-KF-CM45;f__;g__;s__",0,0,0,0,0,0,0,0,0,0,0,0,0,0,0,0,0,0,0,0,0,0,0,0,0,0,0,0,0,0,0,0,0,0,0,0,0,0,0,0,0,0,0,0,0,0,0,0,0,0,0,0,0,0,0,0,0,0,0,0,0,0,0,0,0,0,0,0,0,0,0,0,0,0,0,0,0,0,0,0,0,0,0,0,0,0,0,0,0,0,0,0,0,0,0.00132205182443152,0,0,0,0,0,0,0,0,0,0,0,0,0,0,0,0,0,0,0,0,0,0,0,0,0,0,0,0,0,0,0,0,0,0,0,0,0
"k__Bacteria;p__Bacteroidetes;c__[Saprospirae];o__[Saprospirales];f__Chitinophagaceae;g__;s__",0,0.00140620006391818,0,0,0,0,0,0,0,0,0,0,0,0,0,0,0,0.00176273576590869,0,0,0,0,0,0,0,0,0,0,0.00523721503388786,0,0,0,0.00521367521367521,0,0,0,0.001289735224945,0,0,0,0,0,0.0033706643470697,0,0,0,0,0,0.000445335114673792,0,0.000443262411347518,0,0,0,0,0,0,0,0.00276772407919949,0,0,0,0,0,0,0,0.00188083970391943,0,0,0.0006859382655561,0,0,0,0,0,0,0,0,0,0,0,0,0,0,0,0,0,0.00183318056828598,0,0,0,0,0,0,0,0.00232288037166086,0,0.00281789362451567,0,0.00225140712945591,0,0,0,0,0,0,0,0,0,0,0.00293378038558256,0,0,0,0,0,0,0,0,0,0.00189972743041216,0,0,0,0,0,0,0.000572368891750733,0,0,0,0
"k__Bacteria;p__TM7;c__TM7-1;o__;f__;g__;s__",0,0,0,0,0,0,0,0,0,0,0,0,0,0,0,0,0,0,0,0,0,0,0,0,0,0,0,0,0.000154035736290819,0,0,0,0,0,0,0,0,0,0,0,0,0,0,0,0,0,0,0,0,0,0,0,0,0,0,0,0,0,0,0,0,0,0,0,0,0,0,0,0,0,0,0,0,0,0,0,0,0,0,0,0,0,0,0,0,0,0,0,0,0,0,0,0,0,0,0,0,0,0,0,0,0,0,0,0,0,0,0,0,0,0,0,0,0,0,0.000170697012802276,0,0,0,0,0,0,0,0,0,0,0,0,0,0,0,0
"k__Bacteria;p__Firmicutes;c__Clostridia;o__Clostridiales;f__Peptostreptococcaceae;g__Peptostreptococcus;s__",0,0,0,0,0,0,0,0,0,0,0,0,0,0,0,0.00385637158282629,0,0,0,0,0,0,0,0,0,0,0,0,0,0,0,0,0,0,0,0,0,0,0,0,0,0,0,0,0,0,0,0,0,0,0.000517139479905437,0,0,0,0,0,0,0,0,0,0,0,0,0,0,0,0.00254823443756826,0,0,0,0,0,0,0,0,0,0,0,0,0,0.00133274100399822,0,0,0,0,0,0,0,0,0,0,0,0,0,0,0,0,0.00545966889749912,0,0,0.0032874139010645,0,0,0,0,0,0,0,0,0,0,0,0,0,0,0,0,0,0,0,0,0,0,0,0,0,0,0,0,0,0,0
"k__Bacteria;p__Firmicutes;c__Clostridia;o__Clostridiales;f__Clostridiaceae;g__Clostridium;s__celatum",0,0,0,0,0,0,0,0,0,0,0,0,0,0,0,0,0,0,0,0,0,0,0,0,0,0,0,0,0,0,0,0,0,0,0,0,0.00424853956452469,0,0,0,0,0,0,0,0,0,0,0,0,0,0,0,0,0,0,0,0,0,0,0,0.00831162386800645,0,0,0,0,0,0,0,0.00174741858617951,0,0,0,0,0,0,0,0,0,0,0,0,0,0,0,0,0,0,0,0.00353218210361068,0,0,0,0,0,0,0,0,0,0,0,0,0,0,0,0,0,0,0,0,0,0,0,0.0058145571591735,0,0,0.00108108108108108,0.00764400764400764,0,0,0,0,0,0,0,0,0,0,0,0,0.0061652281134402,0,0
"k__Bacteria;p__Firmicutes;c__Clostridia;o__Clostridiales;f__Lachnospiraceae;g__Coprococcus;__",0,0,0,0,0,0,0,0,0,0,0,0,0,0,0,0,0,0,0,0,0,0,0,0,0.000253100480890914,0,0,0,0,0,0,0,0,0,0,0,0,0,0,0,0,0,0,0,0,0,0,0,0,0,0,0,0,0,0,0,0,0,0,0,0,0,0,0,0,0,0,0,0,0,0,0,0,0,0,0,0,0,0,0,0,0,0,0,0,0,0,0,0,0,0,0,0,0,0,0,0,0,0,0,0,0,0,0,0,0,0,0,0,0,0,0,0,0,0,0,0,0,0,0,0,0,0,0,0,0,0,0,0,0,0,0
"k__Bacteria;p__Chloroflexi;__;__;__;__;__",0,0,0,0,0,0,0,0,0,0,0,0,0,0,0,0,0,0,0,0,0,0,0,0,0,0,0,0,0,0,0,0,0,0,0,0,0.000151733555875882,0,0,0,0,0,0,0,0,0,0,0,0,0,0,0,0,0,0,0,0,0,0,0,0,0,0,0,0,0,0,0,0,0,0,0,0,0,0,0,0,0,0,0,0,0,0,0,0,0,0,0,0,0,0,0,0,0,0,0,0,0,0,0,0,0,0,0,0,0,0,0,0,0,0,0,0,0,0,0,0,0,0,0,0,0,0,0,0,0,0,0,0,0,0,0
"k__Bacteria;p__Actinobacteria;c__Acidimicrobiia;o__Acidimicrobiales;f__;g__;s__",0,0,0,0,0,0,0,0,0,0,0,0,0,0,0,0,0,0,0,0,0,0,0.000518582541054451,0,0,0,0,0.00143338954468803,0,0,0,0,0,0,0,0,0,0,0,0,0,0,0,0,0,0,0,0,0,0,0,0,0,0,0,0,0,0,0,0,0,0,0,0,0,0,0,0,0,0,0,0,0,0,0,0,0,0,0,0,0,0,0,0,0,0,0,0,0,0,0,0,0,0,0,0,0,0,0,0,0,0,0,0,0,0,0,0,0,0,0,0,0,0,0,0,0,0,0,0,0,0,0,0,0,0,0,0,0,0,0,0
"k__Bacteria;p__Firmicutes;c__Bacilli;o__Lactobacillales;f__Lactobacillaceae;g__Lactobacillus;s__mucosae",0,0,0,0,0,0,0,0,0,0,0,0,0,0,0,0,0,0,0,0,0,0,0,0,0,0.00242534485372139,0,0,0,0.00840978593272171,0,0,0,0,0,0,0,0,0,0,0,0.0021523178807947,0,0,0,0,0,0,0,0,0,0,0.000374419649543208,0,0,0,0,0.0104017948194983,0,0,0,0,0,0.00842875318066158,0,0,0,0,0,0,0,0,0,0.00350046837252872,0,0.0056406124093473,0.0092605390463027,0.0182794896664926,0,0,0,0,0,0,0,0,0,0.0100824931255729,0.0173665620094192,0.00466760961810467,0,0,0,0,0,0,0,0,0,0,0.00657482780212899,0,0,0,0,0.0123328939935982,0.00457978466977342,0,0,0,0,0,0,0.00587659157688541,0,0,0.043043043043043,0.0357618836072857,0,0,0,0,0,0,0.00357024244437064,0.0103921717363271,0,0.0100880017171067,0,0,0,0
"k__Bacteria;p__Firmicutes;c__Bacilli;o__Lactobacillales;f__Lactobacillaceae;g__Lactobacillus;s__ruminis",0,0,0,0,0,0,0,0,0,0,0,0,0,0,0,0,0,0,0,0,0,0,0,0,0,0,0,0,0,0,0,0,0,0,0,0,0,0,0,0,0,0,0,0,0,0,0,0,0,0,0,0,0,0,0,0,0,0,0,0,0,0,0,0,0,0,0,0,0,0,0,0,0,0,0,0,0,0,0,0,0,0,0,0,0,0,0,0,0,0.026025459688826,0.00443037974683544,0,0,0,0,0.0169134727061556,0.0165476082828466,0,0,0,0,0,0,0,0,0,0,0,0,0,0,0,0.0147440556536185,0.008992965897961,0,0,0,0,0.00893120031406419,0,0,0,0,0,0,0,0,0,0,0,0,0
"k__Bacteria;p__Firmicutes;c__Bacilli;o__Lactobacillales;f__Lactobacillaceae;g__Lactobacillus;s__plantarum",0,0,0,0,0,0,0,0,0,0,0,0,0,0,0,0,0,0,0,0,0,0,0,0,0,0,0,0,0,0,0,0,0,0,0,0,0,0,0,0,0,0,0,0,0,0,0,0,0,0,0,0,0,0,0,0,0,0,0,0,0,0,0,0,0,0,0,0,0,0,0,0,0,0,0,0,0,0,0,0,0,0,0,0,0,0,0,0,0,0,0,0,0,0,0,0,0,0,0,0,0,0,0,0,0,0,0,0,0,0,0,0,0,0,0,0,0.00136500136500137,0,0,0,0,0,0,0,0,0,0,0,0,0,0,0
"k__Bacteria;p__Firmicutes;c__Bacilli;o__Lactobacillales;f__Lactobacillaceae;g__Lactobacillus;s__brevis",0,0,0,0,0,0,0,0,0,0,0,0,0,0,0,0,0,0,0,0,0,0,0,0,0,0,0,0,0,0,0,0,0,0,0,0,0,0,0,0,0,0,0,0,0,0,0,0,0,0,0,0,0,0,0,0,0,0,0,0,0,0,0,0,0,0,0,0,0,0,0,0,0,0,0,0,0,0,0,0,0,0,0,0,0,0,0,0,0,0,0,0,0,0,0,0,0,0,0,0,0,0,0,0,0,0,0,0,0,0,0,0,0,0,0,0,0.00245700245700246,0,0,0,0,0,0,0,0,0,0,0,0,0,0,0
"k__Bacteria;p__Firmicutes;c__Bacilli;o__Lactobacillales;f__Lactobacillaceae;g__Pediococcus;s__acidilactici",0,0,0,0,0,0,0,0,0,0,0,0,0,0,0,0,0,0,0,0,0,0,0,0,0,0,0,0,0,0,0,0,0,0,0,0,0,0,0,0,0,0,0,0,0,0,0,0,0,0,0,0,0,0,0,0,0,0,0,0,0,0,0,0,0,0,0,0,0,0,0,0,0,0.00473302765863038,0,0.0175078748809611,0,0,0,0,0,0,0,0,0,0,0,0,0,0,0,0,0,0,0,0,0.00614883805045664,0,0,0,0,0,0,0,0,0,0.00474047886871284,0,0,0,0,0,0,0,0.0120157969918494,0,0.00436800436800437,0,0,0,0,0,0,0,0,0,0,0,0,0,0,0
"k__Bacteria;p__Firmicutes;c__Bacilli;o__Bacillales;f__Bacillaceae;g__Bacillus;__",0,0,0,0,0,0,0,0,0,0,0,0,0,0,0,0,0,0,0,0,0,0,0,0,0,0,0,0.00286677908937605,0,0.00338575797291394,0,0.00400440484532986,0,0.00121858339680122,0,0.00466025255562237,0,0,0,0,0,0,0,0,0,0,0,0,0,0,0,0,0,0,0,0,0,0,0,0,0,0,0,0,0,0,0,0,0,0,0,0,0,0,0,0,0,0,0,0,0,0,0,0,0,0,0,0,0,0,0,0,0,0,0,0,0,0,0,0,0.00203506574827802,0,0,0,0,0,0,0,0,0,0,0,0,0,0,0,0,0,0,0,0,0,0,0,0,0,0,0,0,0,0,0
"k__Bacteria;p__Firmicutes;c__Bacilli;o__Lactobacillales;f__Streptococcaceae;g__Streptococcus;s__sobrinus",0,0,0,0,0,0,0,0,0,0,0,0,0,0,0,0,0,0,0,0,0,0,0,0,0,0.0203122631499166,0,0,0,0,0,0,0.00564102564102564,0,0,0,0,0,0,0,0,0,0,0,0,0,0,0,0,0,0,0,0,0,0,0,0,0,0,0,0,0,0,0,0.00596215328782511,0,0,0,0,0,0,0,0,0,0,0,0,0,0,0,0,0,0,0,0,0,0,0,0,0,0,0,0,0,0,0,0,0,0,0,0,0,0,0,0,0,0,0,0,0,0,0,0,0,0,0,0,0,0,0,0,0,0,0,0,0,0,0,0,0,0,0.0052885363198009
"k__Bacteria;p__Firmicutes;c__Bacilli;o__Lactobacillales;f__Streptococcaceae;g__;s__",0.00017611835153223,0,0,0,0,0,0,0,0,0,0,0,0,0,0,0,0,8.81367882954345e-05,0,0,0,0,0,0,0,0,0,0,0,0,0,0,0,0,0,0,0,0,0,0,0,0,0,0,0,0,0,0,0,0,0,0,0,0.000122488975992161,0,0,0,0.000101978380583316,0,0,0,8.74661068835826e-05,0,0,0,0,0,0,0,0,0,6.22006593269889e-05,0,0,0,0,0,0,0,0,0,0,0,9.27127758205081e-05,0,0,0,0,0,0,0,0,0,0,0,0,0,0.000528355054596689,0,0,0,0,0,0,0,0,0,9.93245927691696e-05,0,0,0,0,0,0,0,5.68990042674253e-05,0,0,0,0,0,0,0,0,0,0,0,0,0,0,0,0
"k__Bacteria;p__Firmicutes;c__Bacilli;o__Bacillales;f__;g__;s__",0,0,0,0,0,0,0,0,0,0,0,0,0,0,0,0,0,0,0,0,0,0,0,0,0,0,0,0,0,0,0,0,0,0,0,0,0.000151733555875882,0,0,0,0,0,0,0,0,0,0,0,0,0,0,0,0,0,0,0,0,0,0,0,0,0,0,0,0,0,0,0,0,0,0,0,0,0,0,0,0,0,0,0,0,0,0,0,0,0,0,0,0,0,0,0,0,0,0,0,0,0,0,0,0,0,0,0,0,0,0,0,0,0,0,0,0,0,0,0,0,0,0,0,0,0,0,0,0,0,0,0,0,0,0,0
"k__Bacteria;p__Firmicutes;c__Bacilli;o__Lactobacillales;f__Streptococcaceae;g__Streptococcus;s__alactolyticus",0,0,0,0,0,0,0,0,0,0,0,0,0,0,0,0,0,0,0,0,0,0,0,0,0,0,0,0,0,0,0,0,0,0,0,0,0,0,0,0,0,0,0,0,0,0,0,0,0,0,0,0,0,0,0,0,0,0,0,0,0.0182359508745813,0.0160062975596956,0,0.0192430025445293,0,0,0,0,0,0,0,0,0,0,0,0,0,0,0,0,0,0.0173371647509579,0,0,0,0,0,0,0,0,0,0,0,0,0,0,0,0.00519549137020077,0,0,0,0,0,0,0,0,0,0,0,0,0,0,0,0,0,0.00751066856330014,0,0,0,0,0,0,0,0,0,0,0,0,0,0.0145910398684751,0,0
"k__Bacteria;p__Firmicutes;c__Bacilli;o__Lactobacillales;f__Streptococcaceae;g__Lactococcus;s__",0,0,0,0,0,0,0,0,0,0,0,0,0,0,0,0,0.000219563069491711,0,0,0,0,0,0,0,0,0,0,0,0,0,0,0,0,0,0,0,0,0,0,0,0,0,0,0,0,0,0,0,0,0,0,0,0,0,0,0,0,0,0,0,0,0,0,0,0,0,0,0,0,0,0,0,0,0,0,0,0,0,0,0.000121721136875418,0,0,0,0,0,0,0,0,0,0,0,0,0,0,0,0,0,0,0,0,0,0,0,0,0,0,0,0,0,0,0,0,0,0,0,0,0,0,0,0,0,0,0,0,0.000249086682165394,0,0,0,0,0,0,0
"k__Bacteria;p__Firmicutes;c__Erysipelotrichi;o__Erysipelotrichales;f__Erysipelotrichaceae;g__Coprobacillus;s__",0,0,0,0,0,0,0,0,0,0,0,0,0,0,0,0,0,0,0,0,0,0,0,0,0,0,0,0,0,0,0,0,0,0,0,0,0,0,0,0,0,0,0,0,0,0,0,0,0,0,0,0,0,0,0,0,0,0,0,0,0,0,0,0.000477099236641221,0,0,0,0,0,0,0,0,0,0,0,0,0,0,0,0,0,0,0,0,0,0,0,0,0,0,0,0,0,0,0,0,0,0.00854174004931314,0,0,0,0,0,0,0,0,0,0,0,0,0,0,0,0,0,0,0,0,0,0,0,0,0,0,0,0,0,0,0,0,0,0
"k__Bacteria;p__Firmicutes;c__Erysipelotrichi;o__Erysipelotrichales;f__Erysipelotrichaceae;g__Clostridium;s__cocleatum",0,0,0,0,0,0,0,0,0,0,0,0,0,0,0,0,0,0,0,0,0,0,0,0,0,0,0,0,0,0.000327653997378768,0.000489296636085627,0,0,0,0,0,0,0,0,0,0,0,0,0,0,0,0,0,0,0,0,0,0,0,0,0,0,0,0,0,0,0,0,0,0,0,0,0,0,0,0,0,0,0,0,0,0,0,0,0,0,0,0,0,0,0,0,0,0,0,0,0,0,0,0,0,0.000361696355909214,0,0,0,0,0,0,0,0,0,0,0,0,0,0,0,0,0,0,0,0,0,0,0,0,0,0,0,0,0,0,0.00100164556056378,0,0,0,0
"k__Bacteria;p__OD1;c__ZB2;o__;f__;g__;s__",0,0,0,0,0,0,0,0,0,0,0,0,0,0,0,0,0,0,0,0,0,0,0,0,0,0,0,0,0,0,0,0,0,0,0,0,0,0,0,0,0,0,0,0,0,0,0,0,0,0,0,0,0,0,0,0.000413607693103092,0,0,0,0,0,0,0,0,0,0,0,0,0,0,0,0,0,0,0,0,0,0,0,0,0,0,0,0,0,0,0,0,0,0,0,0,0,0,0,0,0,0,0,0,0,0,0,0,0,0,0,0,0,0,0,0,0,0,0,0,0,0,0,0,0,0,0,0,0,0,0,0,0,0,0,0
"k__Bacteria;p__Acidobacteria;c__[Chloracidobacteria];o__RB41;f__Ellin6075;g__;s__",0,0,0,0,0,0,0,0,0,0,0,0,0,0,0,0,0,0,0,0,0,0,0,0,0,0,0,0,0,0,0,0,0,0,0,0,0,0,0,0,0,0,0,0,0,0,0,0,0,0,0,0,0,0,0,0,0,0,0,0,0,0,0,0,0,0,0,0,0,0,0,0,0,0,0,0,0,0,0,0,0,0,0,0,0,0,0,0,0,0,0,0,0,0,0,0,0,0,0,0,0,0,0,0,0,0,0,0,0,0,0,0,0,0,0.000168053104781111,0,0,0,0,0,0,0,0,0,0,0,0,0,0,0,0,0
"k__Bacteria;p__Bacteroidetes;c__Bacteroidia;o__Bacteroidales;f__Rikenellaceae;g__Alistipes;s__onderdonkii",0,0,0.0227646092466557,0.00970417905775552,0,0,0,0.00460312776630274,0,0,0,0,0,0.0102420856610801,0,0,0,0,0,0,0,0,0,0,0,0,0,0,0,0,0,0.0129142056261888,0.00384615384615385,0,0,0,0,0,0,0,0,0,0,0,0,0,0,0,0,0,0,0,0,0,0,0,0,0,0,0.0118545127974854,0,0,0,0,0,0,0,0,0,0.00440960313571779,0,0,0,0,0.00101010101010101,0,0,0,0,0,0,0,0,0,0,0,0,0,0,0,0,0,0,0,0,0,0,0,0,0,0,0,0,0,0,0,0,0,0,0.00570897503983006,0,0,0,0,0,0,0,0,0,0,0,0,0,0,0.00190966456326802,0,0.00411919368974584,0,0.00919871439654217,0,0,0
"k__Bacteria;p__Bacteroidetes;c__Bacteroidia;o__Bacteroidales;f__Rikenellaceae;g__Alistipes;s__putredinis",0,0,0.0408354846280216,0.0034434183753326,0.0350076103500761,0,0.00407871928214541,0,0.00992755567480547,0.0123879544767852,0,0,0.0103794156127344,0.00822470515207945,0,0,0,0,0,0,0,0,0,0,0,0,0,0.0066610455311973,0,0,0,0,0,0,0.0116988301169883,0,0.0358091191867081,0,0,0,0,0,0.00576274872240948,0.0107392160372293,0.00933267261314833,0.0384803203437836,0,0,0,0,0,0,0,0,0,0,0,0.0136651029981644,0,0.0101481814099686,0,0,0,0,0,0,0,0,0,0,0,0,0,0,0,0,0,0,0,0,0,0,0,0,0,0,0,0,0,0,0,0.020598648213711,0.00980467845286806,0,0,0,0,0,0,0,0,0,0,0,0,0.0168518169836189,0,0,0,0,0,0,0,0.00160270679369602,0,0.00096728307254623,0,0,0,0,0,0,0,0,0.0149452009299236,0,0.00482033304119194,0,0,0,0,0
"k__Bacteria;p__Bacteroidetes;c__Bacteroidia;o__Bacteroidales;f__[Barnesiellaceae];g__;s__",0,0,0,0,0,0,0,0,0,0,0,0,0.00470998691670301,0.00558659217877095,0,0,0,0,0,0,0,0,0,0,0,0,0,0,0,0,0,0,0.00914529914529915,0,0,0,0,0,0,0,0,0,0,0.000536960801861464,0,0,0,0,0,0,0,0,0,0,0,0,0,0,0,0,0,0,0,0,0,0,0,0,0,0.000783929446349829,0,0,0,0,0,0,0,0,0,0,0,0,0,0,0,0,0,0,0,0.00254596888260255,0,0,0,0,0,0,0,0,0,0,0,0,0,0,0,0,0,0,0,0,0.00201173512154233,0,0,0,0,0,0,0,0,0,0,0,0.00604572076327225,0,0,0,0,0,0,0,0,0.00871053040908384
"k__Bacteria;p__Firmicutes;c__Clostridia;o__Clostridiales;f__Peptostreptococcaceae;g__[Clostridium];__",0,0,0,0,0,0,0,0,0,0,0,0,0,0,0,0,0,0,0,0,0,0,0,0,0,0,0,0,0,0,0,0,0,0,0,0,0,0,0,0.000252684775742262,0,0,0,0,0,0,0,0,0,0,0.00354609929078014,0,0,0,0,0,0,0,0,0,0,0,0,0,0,0,0,0,0,0,0,0,0,0,0,0,0.00691085003455425,0,0,0,0,0,0,0,0,0,0,0,0,0,0,0,0,0,0,0,0,0,0,0,0,0,0,0,0,0,0,0,0,0,0,0,0,0,0,0,0,0,0,0,0,0,0,0,0,0,0,0,0,0,0,0
"k__Bacteria;p__Firmicutes;c__Clostridia;o__Clostridiales;f__Peptostreptococcaceae;__;__",0,0.0113774368807926,0,0,0,0,0,0.00277367955149012,0,0,0,0,0,0,0,0.0017996400719856,0.00548907673729279,0.00520007050943064,0,0,0.0115791795324217,0,0,0,0,0.0109140518417462,0,0.0021079258010118,0,0,0,0.00961057162879167,0,0,0,0,0,0,0,0.0453569172457359,0,0,0.00369685767097967,0,0.038404360753221,0.00908291825373572,0.00259187262797371,0.0168213457076566,0.00489868626141171,0,0.000886524822695035,0,0,0.00979911807937286,0,0,0,0.0116255353864981,0,0,0.0043418930653765,0,0,0,0,0.00435891983840102,0.00169882295837884,0,0,0,0.0155089919155255,0,0,0,0.00214646464646465,0,0.00027643400138217,0,0,0.00243442273750837,0,0,0,0.0240126089375116,0,0.0146305779078274,0,0,0,0,0,0,0,0,0,0,0.00461162853784248,0,0,0,0.000626174076393237,0,0,0,0,0,0,0,0,0,0,0,0,0,0,0,0.00755300755300755,0,0.0040239473942487,0.00025706940874036,0.000247790534401586,0,0,0,0.00655928263035536,0,0,0,0,0,0,0
"k__Bacteria;p__Firmicutes;c__Clostridia;o__Clostridiales;f__Peptostreptococcaceae;g__[Clostridium];s__bifermentans",0,0,0,0,0,0,0,0,0,0,0,0,0,0,0,0,0,0,0,0,0,0,0,0,0,0,0,0,0,0,0,0,0,0,0,0,0,0,0,0,0,0,0,0,0,0,0,0,0,0,0,0,0,0,0,0,0,0,0,0,0.00607865029152711,0,0,0,0,0,0,0,0,0,0,0,0,0,0,0,0,0,0,0,0,0,0,0,0,0,0,0,0,0,0,0,0,0,0,0,0,0,0,0,0,0,0,0,0,0,0,0,0,0,0,0,0,0,0,0,0,0,0,0,0,0,0,0,0,0,0,0,0,0,0,0
"k__Bacteria;p__Firmicutes;c__Clostridia;o__Clostridiales;f__Lachnospiraceae;g__Clostridium;s__citroniae",0.0204297287777386,0,0,0,0,0,0,0.00430805547359103,0,0,0,0,0,0,0,0,0,0,0,0,0,0,0,0,0,0,0,0,0,0,0.0090519877675841,0,0,0,0,0,0,0,0,0,0,0,0,0,0.00553353154938883,0,0,0,0,0,0.00517139479905437,0,0,0,0,0,0.0124865253323751,0.0129512543340812,0,0,0.0110408137948145,0,0,0.0143129770992366,0,0,0,0,0,0,0,0.00796168439385457,0,0,0,0,0,0,0,0.00651208082283489,0.0379831186139494,0,0,0,0,0,0,0,0,0,0,0,0,0,0,0,0.00551586942761552,0,0,0,0,0,0,0.0213612256923984,0,0,0,0,0.0053513731825525,0,0,0,0,0,0.0103352659440383,0.0100142247510669,0.00846300846300846,0,0,0,0,0,0,0,0,0,0,0,0.00609553363626288,0,0,0
"k__Bacteria;p__Firmicutes;c__Clostridia;o__Clostridiales;f__Lachnospiraceae;g__Clostridium;s__symbiosum",0,0,0,0,0,0,0,0,0,0,0,0,0,0,0,0,0,0,0,0,0.000661667401852669,0,0,0,0,0,0,0,0,0,0,0,0,0,0,0,0,0,0,0,0,0,0,0,0,0,0,0,0,0,0,0,0,0,0,0,0,0.000713848664083214,0,0,0.00446594715295869,0,0,0,0,0,0,0,0,0,0,0.00510045406481309,0,0,0,0,0,0,0,0,0.0284318080852954,0,0,0,0,0,0,0,0,0,0,0,0,0,0,0,0,0,0,0,0,0,0,0,0,0,0,0,0,0,0,0,0,0,0,0.00238975817923186,0.0050960050960051,0,0,0,0,0,0,0,0,0,0,0,0,0,0,0
"k__Bacteria;p__Firmicutes;c__Clostridia;o__Clostridiales;f__Lachnospiraceae;g__Clostridium;s__lavalense",0,0,0,0,0,0,0,0,0,0,0,0,0,0,0,0,0,0,0,0,0,0,0,0,0,0,0,0,0,0,0,0,0,0,0,0,0,0,0,0,0,0,0,0,0,0,0,0,0,0,0,0,0,0,0,0,0,0.00305935141749949,0,0,0,0,0,0,0,0,0,0,0,0,0,0,0,0,0,0,0,0,0,0,0,0,0,0,0,0,0,0,0,0,0,0,0,0,0,0,0,0,0,0,0,0,0,0,0,0,0,0,0,0,0,0,0,0,0,0,0,0,0,0,0,0,0,0,0,0,0,0,0,0,0,0
"k__Bacteria;p__Proteobacteria;c__Gammaproteobacteria;o__Enterobacteriales;f__Enterobacteriaceae;g__Citrobacter;__",0,0,0,0,0,0,0,0,0,0,0,0,0,0,0,0,0,0,0,0,0.00209528010586678,0,0,0,0,0,0,0,0,0,0,0,0,0,0,0,0,0,0,0,0,0,0,0,0,0,0,0,0,0,0,0,0,0,0,0,0,0,0,0,0.00595459620394492,0,0,0,0,0,0,0,0,0,0,0,0,0,0,0,0,0,0,0,0,0,0,0,0,0,0,0,0,0,0,0,0,0,0,0,0,0,0,0,0,0,0,0,0,0,0,0,0,0,0,0,0,0,0.00420132761952777,0,0,0,0,0,0,0,0,0,0.0026569246097642,0,0.00306748466257669,0,0,0,0,0
"k__Bacteria;p__Proteobacteria;c__Gammaproteobacteria;o__Enterobacteriales;f__Enterobacteriaceae;g__Morganella;s__morganii",0,0,0,0,0,0,0,0,0,0,0,0,0,0,0,0.0017996400719856,0,0,0,0,0,0,0,0,0,0,0,0,0,0,0,0,0,0,0,0,0,0,0,0,0,0,0,0,0,0,0,0,0,0,0,0,0,0,0,0,0,0,0,0,0,0,0,0,0,0,0,0,0,0,0,0,0,0,0,0,0,0,0,0,0,0,0.00991979738286197,0,0,0,0,0,0,0,0,0,0,0,0,0,0,0,0,0,0.000939261114589856,0,0,0,0,0,0,0,0,0,0,0,0,0,0,0,0,0,0,0,0,0,0,0,0,0,0,0,0,0,0,0
"k__Bacteria;p__Proteobacteria;c__Gammaproteobacteria;o__Enterobacteriales;f__Enterobacteriaceae;g__Proteus;__",0,0,0,0,0,0,0,0,0,0,0,0,0,0,0,0,0,0,0,0,0,0,0,0,0,0,0,0,0,0,0,0,0,0,0,0,0,0,0,0,0,0,0,0,0,0,0,0,0,0,0,0,0,0,0,0,0.000359324469996407,0,0,0,0,0,0,0,0,0,0,0,0,0,0,0,0,0,0,0,0,0,0,0,0,0,0,0,0,0,0,0,0,0,0,0,0,0,0.000352547153181738,0,0,0,0,0,0,0,0,0,0,0,0,0,0,0,0,0,0,0,0,0,0,0,0,0,0,0,0,0,0,0,0,0,0,0,0,0
"k__Bacteria;p__Actinobacteria;c__Actinobacteria;o__Bifidobacteriales;f__Bifidobacteriaceae;g__Bifidobacterium;s__breve",0,0.0119527005433046,0,0.00359993739239318,0,0.00139766650461838,0,0.0008262024195928,0.00089437438511761,0,0,0,0.00122110771914522,0,0,0,0,0,0,0,0,0,0,0,0,0,0,0.00126475548060708,0,0.0017474879860201,0,0.0028030833917309,0,0.000609291698400609,0,0.00435959110042093,0,0,0,0,0,0,0.00369685767097967,0,0.000412950115626032,0,0.00259187262797371,0,0.00103911526757218,0,0,0,0,0,0,0,0.00359324469996407,0,0.0119225037257824,0,0.00880784021833519,0,0,0,0,0,0,0,0,0,0,0.00192822043913665,0.00707454473994498,0,0.00126262626262626,0.0052743388762728,0,0.00358128777139446,0,0.00115635080031647,0.00510884051532652,0.00747126436781609,0,0,0.00169587337478802,0.00170690075591319,0,0.000712903554333435,0,0.0016973125884017,0.00126582278481013,0.00182383864392233,0.00154404385084536,0,0.000616957518068042,0,0,0,0,0,0.00133061991233563,0,0,0,0,0,0,0,0,0,0.000670578373847443,0,0.00394559235801059,0.00204790312527825,0,0,0,0,0.00235548140151143,0,0.00189972743041216,0,0.00387303986397128,0,0.00157754898704749,0,0,0,0,0,0,0
"k__Bacteria;p__Actinobacteria;c__Actinobacteria;o__Bifidobacteriales;f__Bifidobacteriaceae;g__Bifidobacterium;s__bifidum",0,0,0,0,0,0,0,0,0,0.00694934031624534,0,0,0,0.00349162011173184,0,0.00702716599537235,0.00307388297288396,0,0,0,0,0,0,0,0,0,0,0,0,0,0,0,0.0147008547008547,0.00220868240670221,0,0,0,0,0,0,0,0,0.00021746221593998,0.00563808841954537,0,0,0,0,0,0,0,0,0,0,0,0,0,0,0,0,0,0,0.00779305119601688,0,0.000259224055992396,0.0044652349564108,0.00157747846135178,0,0,0,0,0,0,0.00557116797317951,0.00738636363636364,0.0075452347813347,0,0,0,0,0.0155486450466459,0.00756704980842912,0,0,0,0,0,0,0,0,0,0.00429138504452312,0.00393731181965568,0,0,0,0,0,0,0,0.00391358797745773,0,0.022588741484403,0,0,0,0.00739193315121324,0,0,0,0,0,0.00280344720174437,0,0,0,0,0,0.00942192560604574,0.01426735218509,0,0,0,0,0,0,0,0,0,0,0,0
"k__Bacteria;p__Firmicutes;c__Clostridia;o__Clostridiales;f__Lachnospiraceae;g__Clostridium;s__colinum",0,0,0,0,0,0,0,0,0,0.00402860308188136,0.00619028394563316,0,0,0,0,0,0.00120759688220441,0.00537634408602151,0,0,0,0,0,0,0,0,0,0,0.00423598274799754,0.00633464394932285,0,0,0,0.00236100533130236,0,0,0.00660040968060086,0,0,0,0,0,0,0,0.00239511067063099,0.00791092880164078,0,0,0.00905514733170044,0,0.00687056737588653,0,0,0,0,0,0,0,0.00319352778369172,0,0,0.0020117204583224,0.0111483926831908,0,0,0.000850520944078248,0,0,0,0,0,0,0,0,0,0,0,0,0,0,0,0,0,0,0.00226116449971735,0.00658376005852231,0,0,0,0,0,0,0,0,0.0102238674422704,0,0,0,0,0,0,0,0,0,0,0,0,0,0,0,0,0,0,0.0136230077464162,0,0,0,0,0,0,0,0,0,0.0084100566572238,0,0,0,0,0.0108611326609775,0.00606247431154953,0,0
"k__Bacteria;p__Firmicutes;c__Clostridia;o__Clostridiales;f__Clostridiaceae;g__Clostridium;s__perfringens",0,0,0,0,0,0,0,0,0,0,0,0,0,0,0,0,0,0,0,0,0.00385972651080723,0,0,0,0,0.0172805820827649,0,0,0,0,0,0,0,0,0,0,0,0,0,0,0,0,0,0,0,0,0,0,0.00712536183478067,0,0.00576241134751773,0,0,0,0,0,0,0,0,0,0,0,0,0,0,0,0,0.00248643761301989,0,0,0,0,0,0,0,0,0.00760193503800968,0,0,0,0,0,0,0,0,0,0,0,0,0,0,0,0,0,0,0,0,0.00678055653399084,0,0.00225140712945591,0,0,0,0,0,0,0.0126144946167443,0,0,0,0,0,0,0,0,0,0.0286650286650287,0,0,0,0,0,0,0,0.00066423115244105,0,0,0,0,0,0,0
"k__Bacteria;p__Firmicutes;c__Clostridia;o__Clostridiales;f__Lachnospiraceae;g__Blautia;__",0,0,0,0,0,0,0,0,0,0,0,0,0,0,0,0,0,0,0,0,0,0,0,0,0,0.0200090950432015,0,0,0.000231053604436229,0,0,0,0,0,0,0,0,0,0,0,0,0,0,0,0,0,0,0,0,0,0,0,0,0,0,0,0,0,0,0,0,0,0,0,0,0,0,0,0,0,0,0,0,0,0,0,0,0.00171603372379318,0,0,0,0,0,0,0,0,0,0,0,0,0,0,0,0,0,0,0,0,0,0,0,0,0,0,0,0,0,0,0,0.00039830058417419,0,0,0,0,0,0,0,0,0,0,0,0,0,0,0,0.00204809224000607,0,0.00293339057022251,0,0,0,0
"k__Bacteria;p__Firmicutes;c__Clostridia;o__Clostridiales;f__Lachnospiraceae;g__[Ruminococcus];__",0,0,0,0,0,0,0,0,0,0,0,0,0,0,0,0,0,0,0,0,0,0,0,0,0,0,0,0,0,0,0,0,0,0,0,0,0,0,0,0,0,0,0,0,0,0,0,0,0,0,0,0,0,0,0,0,0,0,0,0,0,0,0,0,0,0,0,0,0,0,0,0,0,0,0,0,0,0,0,0,0,0,0,0,0,0,0,0,0,0,0,0,0,0,0,0,0,0,0,0,0,0,0,0,0,0,0,0,0,0,0,0,0,0,0,0,0,0,0,0,0,0,0,0,0,0.00288250018963817,0,0,0,0,0,0
"k__Bacteria;p__Actinobacteria;c__Actinobacteria;o__Actinomycetales;f__Streptosporangiaceae;__;__",0,0,0,0,0,0,0,0,0,0,0,0,0,0,0,0,0,0,0,0,0,0,0,0,0,0,0,0,0,0,0,0,0,0,0,0,0,0,0,0,0,0,0,0,0,0,0,0,0,0,0,0,0,0,0,0,0,0,0,0,0,0,0,0,0,0,0,0,0,0,0,0,0,0,0,0,0,0,0,0,0,0,0,0,0,0,0,0,0,0,0,0,0,0,0,0,0,0,0,0,0.000234815278647464,0,0,0,0,0,0,0,0,0,0,0,0,0,0,0,0,0,0,0,0,0,0,0,0,0,0,0,0,0,0,0
"k__Bacteria;p__Actinobacteria;c__Actinobacteria;o__Actinomycetales;f__Geodermatophilaceae;__;__",0,0,0,0,0,0,0,0,0,0,0,0,0,0,0,0,0,0,0,0,0,0,0,0,0,0,0,0,0,0,0,0,0,0,0,0,0,0,0,0,0,0,0,0,0,0,0,0,0,0,0,0,0,0,0,0,0,0,0,0,0,0,0,0,0,0,0,0,0,0,0,0,0,0,0.000126262626262626,0,0,0,0,0,0,0,0,0,0,0,0,0,0,0,0,0,0,0,0,0,0,0,0,0,0,0,0,0,0,0,0,0,0,0,0,0,0,0,0,0,0,0,0,0,0,0,0,0,0,0,0,0,0,0,0,0
"k__Bacteria;p__Proteobacteria;c__Gammaproteobacteria;o__Pasteurellales;f__Pasteurellaceae;g__Aggregatibacter;s__segnis",0,0,0,0,0,0,0,0,0,0,0,0,0,0,0,0.00514182877710172,0,0,0,0,0.011910013233348,0,0,0,0,0,0,0,0,0,0,0,0,0,0,0,0,0,0,0,0,0,0,0,0,0,0,0,0,0,0,0,0,0,0,0,0,0,0,0,0,0,0,0,0,0,0,0,0,0,0,0,0,0,0,0,0,0,0,0,0,0,0,0,0,0,0,0,0,0,0,0,0,0,0.0051119337211352,0,0,0,0,0,0,0,0,0,0,0,0,0,0,0,0.00704107292539816,0,0,0,0,0,0,0,0,0,0,0,0,0,0,0,0,0,0,0,0,0
"k__Bacteria;p__Proteobacteria;c__Alphaproteobacteria;o__Sphingomonadales;f__Sphingomonadaceae;g__Sphingomonas;__",0,0,0,0,0,0,0,0,0,0,0,0,0,0,0,0,0,0,0,0,0,0,0,0,0,0,0,0,0,0,0,0,0,0,0,0.00511124473842453,0,0,0,0,0,0,0,0,0,0,0,0,0,0,0,0,0,0,0,0,0,0,0,0,0,0,0,0,0,0,0,0,0,0,0,0,0,0,0,0,0,0,0,0,0,0,0,0,0,0,0,0,0,0,0,0,0,0,0,0,0,0,0,0,0,0,0,0,0,0,0,0,0,0,0,0,0,0,0,0,0,0,0,0,0,0,0,0,0,0,0,0,0,0,0,0
"k__Bacteria;p__Proteobacteria;c__Alphaproteobacteria;o__Rhizobiales;f__Phyllobacteriaceae;__;__",0,0,0,0,0,0,0,0,0,0,0,0,0,0,0,0,0,0,0,0,0,0,0,0,0,0,0,0,0,0,0,0,0,0,0,0,0,0,0,0,0,0,0,0,0,0,0,0,0,0,0,0,0,0,0,0,0,0,0,0,0,0,0,0,0,0,0,0,0,0,0.000329978551394159,0,0,0,0,0,0,0,0,0,0,0,0,0,0,0,0,0,0,0,0,0,0,0,0,0,0,0,0,0,0,0,0,0,0,0,0,0,0,0,0,0,0,0,0,0,0,0,0,0,0,0,0,0,0,0,0,0,0,0,0,0
"k__Bacteria;p__Proteobacteria;c__Alphaproteobacteria;o__Rhizobiales;__;__;__",0,0,0,0,0,0,0,0,0,0,0,0,0,0,0,0,0.000988033812712702,0,0,0,0,0,0,0,0,0,0,0,0,0,0,0.00190209230153168,0.00170940170940171,0,0,0,0,0,0,0,0,0,0.00141350440360987,0,0,0,0.00148107007312783,0,0,0,0,0,0,0,0,0,0,0,0,0,0,0,0,0,0,0,0.00109210047324354,0,0,0.0013718765311122,0,0,0,0,0,0,0,0,0,0,0,0,0,0,0,0,0,0,0,0,0,0,0,0,0,0,0,0.000880591757661148,0,0,0,0,0,0,0,0,0,0,0,0,0,0,0,0,0,0,0,0,0,0,0.0011563558272074,0,0,0,0.000498173364330787,0,0,0,0.00166241826443533,0,0,0
"k__Bacteria;p__Proteobacteria;c__Gammaproteobacteria;o__Pseudomonadales;f__Moraxellaceae;g__;s__",0,0,0,0,0,0,0,0,0,0,0,0,0,0,0,0,0,0,0,0,0,0,0,0,0,0,0,0,0,0,0,0,0,0,0,0,0,0,0,0,0,0,0,0,0,0,0,0,7.42225191122987e-05,0,0,0,0,0,0,0,0,0,0,0,0,0,0,0,0,0,0,0,0,0,0,0,0,0,0,0,0,0,0,0,0,0,0,0,0,0,0,0,0,0,0,0,0,0,0,0,0,0,0,0,0.000156543519098309,0,0,0,0,0,0,0,0,0,0,0,0,0,0,0,0,0,0,0,0,0,0,0,0,0,0,0,0,0,0,0
"k__Bacteria;p__Proteobacteria;c__Alphaproteobacteria;__;__;__;__",0,0,0,0,0,0,0,0,0,0,0,0,0,0,0,0,0,0,0,0,0,0,0,0,0,0,0,0.000168634064080944,0,0,0,0,0,0,0,0,0.00075866777937941,0,0,0,0,0,0,0,0,0,0,0,0,0,0,0,0,0,0,0,0.00134746676248653,0,0,0,0,0,0,0,0,0,0,0,0,0,0,0,0,0,0,0,0,0,0,0,0,0,0,0,0,0.0021945866861741,0,0.000611060189428659,0,0,0,0,0,0,0,0,0,0,0,0,0,0,0,0,0,0.001600451892299,0,0,0,0,0,0,0,0,0,0,0,0,0,0,0,0,0,0,0,0,0,0,0,0,0.00100171722953635,0
"k__Bacteria;p__Proteobacteria;c__Deltaproteobacteria;o__Myxococcales;f__;g__;s__",0,0,0,0,0,0,0,0,0,0,0,0,0,0,0,0,0,0,0,0,0,0,0,0,0,0,0,0,0,0,0,0,0,0,0,0,0,0,0,0,0,0,0,0,0,0,0,0,0,0,0,0,0,0,0,0,0,0,0,0,0,0,0,0,0,0,0,0,0,0,0.000329978551394159,0,0,0,0,0,0,0,0,0,0,0,0,0,0,0,0,0,0,0,0,0,0,0,0,0,0,0,0,0,0,0,0,0,0,0,0,0,0,0,0,0,0,0,0,0,0,0,0,0,0,0,0,0,0,0,0,0,0,0,0,0
"k__Bacteria;p__Synergistetes;c__Synergistia;o__Synergistales;f__Dethiosulfovibrionaceae;g__Pyramidobacter;s__piscolens",0,0,0,0.00219126623884802,0,0,0,0,0,0,0,0,0,0.000931098696461825,0,0,0,0,0,0,0,0.0226602514356666,0,0,0,0,0,0.000421585160202361,0,0,0,0,0,0,0,0,0,0,0,0,0,0,0.00380558877894966,0,0,0,0,0,0,0,0,0,0.0128800359442864,0,0,0.00320545962154896,0,0,0,0,0,0,0,0,0,0,0,0,0,0,0,0,0,0,0,0,0,0,0,0,0,0,0,0,0,0,0,0,0,0,0,0,0,0,0,0,0.0103083461434126,0,0,0,0,0,0,0,0,0,0,0,0.0121163166397415,0,0,0,0,0,0,0,0.0162890162890163,0,0,0,0,0,0,0,0.000913317834606443,0,0,0,0,0,0,0
"k__Bacteria;p__Firmicutes;c__Clostridia;o__Clostridiales;f__Veillonellaceae;g__Acidaminococcus;s__",0,0,0,0,0,0,0,0,0,0,0,0,0.00462276493676406,0.00729360645561763,0,0,0,0,0,0,0,0,0,0,0,0,0,0.00075885328836425,0,0,0,0,0,0,0.0090990900909909,0.00150330727600722,0,0,0,0,0,0,0,0,0,0,0,0,0,0,0,0,0,0,0,0,0,0,0,0,0,0,0,0,0,0.000425260472039124,0,0,0,0,0,0,0,0,0,0,0,0,0,0,0,0,0,0,0,0,0,0,0,0,0,0,0.00401451401219795,0,0,0,0,0,0,0,0,0,0,0.0106069534472599,0,0,0,0,0,0,0,0,0,0,0,0,0,0,0,0.0106683804627249,0,0,0,0,0,0,0,0,0,0,0,0
"k__Bacteria;p__Actinobacteria;c__Thermoleophilia;o__Solirubrobacterales;f__Solirubrobacteraceae;g__Solirubrobacter;s__",0,0,0,0,0,0,0,0,0,0,0,0,0,0,0,0,0,0,0,0,0,0,0,0,0,0,0,0,0,0,0,0,0,0,0,0,0,0,0,0,0,0,0,0,0,0,0,0,0,0,0,0,0,0,0,0,0,0,0,0,0,0,0,0,0,0,0,0,0,0,0,0,0,0,0,0,0,0,0,0,0,0,0,0,0,0,0,0,0,0,0,0,0,0,0,0,0,0,0,0,0.000234815278647464,0,0,0,0,0,0,0,0,0,0,0,0,0,0,0,0,0,0,0,0,0,0,0,0,0,0,0,0,0,0,0
"k__Bacteria;p__Proteobacteria;c__Alphaproteobacteria;o__Caulobacterales;f__Caulobacteraceae;g__Caulobacter;s__",0,0.00588047299456695,0,0,0,0,0,0,0,0,0,0,0,0,0,0.00479904019196161,0,0.00334919795522651,0,0,0,0,0,0,0,0,0,0.00716694772344013,0.0125539125077018,0,0,0.00460506557212934,0.00957264957264957,0,0,0,0,0,0,0,0,0.00303532008830022,0.011090573012939,0,0,0.00302763941791191,0.00888642043876701,0,0,0,0,0,0.00711397334132095,0,0,0,0,0,0.0101128379816904,0,0,0,0,0,0,0,0.00637058609392064,0,0,0,0,0,0,0,0,0,0,0.00350667760949041,0,0,0,0.000478927203065134,0,0,0,0,0,0.0056013850697627,0,0,0.00594936708860759,0,0,0,0,0.00936411149825784,0,0.00748502994011976,0,0,0,0,0,0,0,0,0.00425839627189458,0,0.0058562197092084,0,0.00922045264040235,0,0,0,0,0,0,0,0,0,0,0,0,0,0,0,0,0,0.0119694115039344,0,0,0
"k__Bacteria;p__Actinobacteria;c__Coriobacteriia;o__Coriobacteriales;f__Coriobacteriaceae;g__Olsenella;s__uli",0,0,0,0,0,0,0,0,0,0,0,0,0,0,0,0,0,0,0,0,0,0.00232810802421232,0,0,0,0,0,0,0,0,0,0,0,0,0,0,0,0,0,0,0,0,0,0,0,0,0,0,0,0,0,0,0,0,0,0,0,0,0,0,0,0,0,0,0,0,0,0,0,0,0,0,0,0,0,0,0,0,0,0,0,0,0,0,0,0,0,0,0,0,0,0,0,0,0,0,0,0,0,0,0,0,0,0,0.0014114850308298,0,0,0,0,0,0,0,0,0,0,0,0,0,0,0,0,0,0,0,0,0,0,0,0,0,0,0
"k__Bacteria;p__Proteobacteria;c__Alphaproteobacteria;o__Rickettsiales;f__mitochondria;g__Raphanus;s__sativus",0,0,0,0,0,0,0,0,0,0,0,0,0,0,0,0,0,0,0,0,0,0,0,0,0,0,0,0,0,0,0,0,0,0,0,0,0,0,0,0,0,0,0,0,0,0,0,0,0,0,0,0,0,0,0,0,0,0,0,0,0,0,0,0.00620229007633588,0,0,0,0,0,0,0,0,0,0,0,0,0,0,0,0,0,0,0,0,0,0,0,0,0,0,0,0,0,0,0,0,0,0,0,0,0,0,0,0,0,0,0,0,0,0,0,0,0,0,0,0,0,0,0,0,0,0,0,0,0,0,0,0,0,0,0,0
"k__Bacteria;p__Actinobacteria;c__Coriobacteriia;o__Coriobacteriales;f__Coriobacteriaceae;g__Eggerthella;s__",0,0,0,0,0,0,0.00020393596410727,0,0,0,0,0,0,0,0,0,0,0,0,0,0,0,0,0,0,0,0,0.000252951096121417,0,0,0,0,0,0,0,0,0,0,0,0,0,0,0,0,0,0,0,0,0,0,0,0,0,0,0,0,0,0,0,0,0,0,0,0,0,0,0.00024268899405412,0,0,0,0,0,0,0,0,0,0,0,0,0,0,0,0,0,0,0,0,0,0,0,0,0,0,0,0,0,0,0,0,0,0,0,0,0,0,0,0,0,0.000807754442649435,0,0,0,0,0,0,0.00153627311522048,0,0,0,0,0,0,0,0,0,0,0,0,0,0,0,0
"k__Bacteria;p__Proteobacteria;c__Betaproteobacteria;o__Burkholderiales;f__Comamonadaceae;g__;s__",0,0,0,0,0,0,0,0,0,0,0,0,0,0,0,0,0,0,0,0,0,0,0,0,0,0.00212217674700622,0,0,0.00138632162661738,0,0.00134556574923547,0,0,0.00198019801980198,0,0,0,0,0,0,0,0,0,0,0,0,0,0,0,0,0,0,0,0,0,0,0,0,0,0,0,0,0,0,0,0,0,0,0,0,0,0,0,0,0,0,0,0.000746101619040513,0,0,0,0,0,0,0,0,0,0,0,0,0,0,0,0,0,0,0,0,0,0,0,0,0,0,0,0,0,0,0,0,0,0,0,0.000267117798949337,0,0,0,0,0,0,0,0,0,0,0,0,0,0,0,0,0,0
"k__Bacteria;p__Proteobacteria;c__Betaproteobacteria;o__Burkholderiales;f__Comamonadaceae;__;__",0,0,0,0,0,0,0,0,0,0,0,0,0,0,0,0,0,0.000176273576590869,0,0,0,0,0,0,0,0,0,0,0.000616142945163278,0.000109217999126256,0,0,0,0,0,0,0,0,0,0.00101073910296905,0,0,0,0,0,0,0,0,0,0,0.000664893617021277,0,0,0,0,0,0,0,0,0,0,0,0,0,0,0,0,0,0,0,0,0,0,0,0,0,0,0,0,0,0,0,0,0,0,0,0,0,0,0,0,0,0,0,0,0,0,0,0,0.00387742338961851,0,0,0,0,0,0,0.000562429696287964,0,0,0,0.000502933780385583,0,0,0,0,0,0,0.00188804975566415,0,0,0,0,0,0,0,0,0,0,0.00155159038013964,0,0,0
"k__Bacteria;p__Proteobacteria;c__Betaproteobacteria;o__Burkholderiales;f__Oxalobacteraceae;g__Massilia;__",0,0,0,0,0,0,0,0,0,0,0,0,0,0,0,0,0,0,0,0,0,0,0,0,0,0,0,0,0,0,0,0,0,0,0,0,0,0,0,0,0,0,0,0,0,0,0,0,0,0,0,0,0,0,0,0,0,0,0,0,0,0,0,0,0,0,0,0,0,0,0,0,0,0,0,0,0,0,0,0,0,0,0,0,0,0,0,0,0,0,0,0,0,0,0,0,0,0,0,0.00125078173858662,0,0,0,0,0,0,0,0,0,0,0,0,0.00051915688921192,0.000712314130531564,0,0,0,0,0,0,0,0,0,0,0,0,0,0,0,0,0,0
"k__Bacteria;p__Proteobacteria;c__Betaproteobacteria;o__Burkholderiales;f__Comamonadaceae;g__Comamonas;s__",0,0,0,0,0,0,0,0,0,0,0,0,0,0,0,0,0,0,0,0,0,0,0,0,0,0,0,0,0,0,0,0,0,0,0,0,0,0,0,0,0,0,0,0,0,0,0,0,0,0,0,0,0,0,0,0,0,0,0,0,0,0,0,0,0,0,0,0,0,0,0,0,0,0,0,0,0,0,0,0,0,0,0,0,0,0,0,0,0,0,0,0,0,0,0,0,0,0,0,0,0,0,0,0,0,0,0,0,0,0,0,0,0,0,0,0,0,0,0,0,0,0,0,0,0.00514779143141813,0,0.00403155127081507,0,0,0,0,0
"k__Bacteria;p__Proteobacteria;c__Betaproteobacteria;o__Burkholderiales;f__Oxalobacteraceae;g__Oxalobacter;s__formigenes",0,0,0,0,0,0,0,0,0,0,0,0,0,0.00186219739292365,0,0,0,0,0,0,0,0,0,0,0,0,0,0,0,0,0,0,0,0,0,0,0,0,0,0,0,0,0,0,0,0,0,0,0,0,0,0,0,0,0,0,0,0,0,0,0,0,0,0,0,0,0,0,0,0,0,0,0,0,0,0,0,0,0,0,0,0,0,0,0,0,0,0,0,0,0,0,0,0,0,0,0,0,0,0,0,0,0,0,0,0,0,0,0,0,0,0,0,0,0,0,0,0,0,0,0,0,0,0,0.000913317834606443,0,0.000964066608238387,0,0,0,0,0
"k__Bacteria;p__Firmicutes;c__Clostridia;o__Clostridiales;f__Ruminococcaceae;g__Anaerotruncus;s__",0,0,0,0.00500860854593833,0.00480037466338836,0,0.00785153461812991,0.00472115668338743,0,0,0,0,0,0.00566418373680944,0,0,0,0,0,0,0,0,0.00242005185825411,0,0.00269973846283641,0,0,0.00109612141652614,0,0,0,0,0,0,0,0,0,0,0,0,0,0,0,0,0,0,0,0,0,0,0,0,0,0,0,0,0,0,0,0.00125729681185451,0,0,0,0,0,0,0,0,0,0,0,0,0,0,0,0,0,0,0,0,0,0,0,0,0,0,0,0,0,0,0,0,0,0,0,0,0.000542544533863821,0,0,0,0,0,0,0,0,0,0,0,0,0,0.0010896898575021,0,0,0,0,0,0,0,0,0,0,0,0,0,0,0,0,0,0,0,0,0
"k__Bacteria;p__Actinobacteria;c__Actinobacteria;o__Actinomycetales;f__Actinomycetaceae;g__;s__",0,0,0,0,0,0,0,0,0,0,0,0,0,0,0,0,0,0,0,0,0,0,0,0,0,0,0,0,0,0,0,0,0,0,0,0,0,0,0,0,0,0,0,0,0,0,0,0,0,0,0,0,0,0,0,0,0,0,0,0,0,0,0,0,0,0,0,0,0,0,0,0,0,0,0,0,0,0,0,0,0,0,0,0,0,0,0,0,0,0,0,0,0,0,0.000440683941477173,0,0.000361696355909214,0,0,0,0,0,0,0,0,0,0,0,0,0,0,0,0,0,0,0,0,0,0,0,0,0,0,0.000265580736543909,0,0,0,0,0,0,0,0
"k__Bacteria;p__Actinobacteria;c__Actinobacteria;o__Actinomycetales;f__Micrococcaceae;g__Rothia;s__",0,0,0,0,0,0,0,0,0,0,0,0,0,0,0,0,0,0,0,0,0,0,0,0,0,0,0,0,0,0,0,0,0,0,0,0,0,0,0,0,0,0,0,0,0,0,0,0,0,0,0,0,0,0,0,0,0,0,0,0.00017961383026493,0,0,0,0,0,0,0,0,0,0,0,0,0,0,0,0,0,0,0,0,0,0,0,0,0,0,0,0,0,0,0,0,0,0,0,0,0,0,0,0,0,0,0,0,0,0,0,0,0,0,0,0,0,0,0,0,0,0,0,0,0,0,0,0,0,0,0,0,0,0,0,0
"k__Bacteria;p__WS3;c__PRR-12;o__Sediment-1;f__;g__;s__",0,0,0,0,0,0,0,0,0,0,0,0,0,0,0,0,0,0,0,0,0,0,0,0,0,0,0,0,0,0,0,0,0,0,0,0,0,0,0,0,0,0,0,0,0,0,0,0,0,0,0,0,0,0,0,0,0,0,0,0,0,0,0,0,0,0,0,0,0,0,0,0,0,0,0,0,0,0,0,0,0,0,0,0,0,0,0,0,0,0,0,0,0,0,0,0,0,0,0,0,0,0,0,0,0,0,0,0,0,0,0,0,0,0,0.000420132761952777,0,0,0,0,0,0,0,0,0,0,0,0,0,0,0,0,0
"k__Bacteria;p__Actinobacteria;c__Coriobacteriia;o__Coriobacteriales;f__Coriobacteriaceae;g__Atopobium;s__rimae",0,0,0,0,0,0,0,0.000295072292711714,0,0,0,0,0,0,0,0,0,0,0,0,0,0,0,0,0,0,0,0,0,0,0,0,0,0,0,0,0,0,0,0,0,0,0,0,0,0,0,0,0.00118756030579678,0,0,0,0,0,0,0,0,0,0,0,0,0,0,0,0,0.000850520944078248,0,0,0,0,0,0,0,0,0,0,0,0,0,0,0,0,0,0,0,0,0,0,0,0,0,0,0,0,0,0,0.0025318744913645,0,0,0,0,0,0,0,0,0,0,0,0,0,0,0,0,0,0,0,0,0,0,0,0,0,0,0,0,0,0,0,0,0,0,0
"k__Bacteria;p__Proteobacteria;c__Alphaproteobacteria;o__Rhizobiales;f__Rhizobiaceae;g__Agrobacterium;s__",0,0,0,0,0,0,0,0,0,0,0,0,0,0,0,0,0,0.00141018861272695,0,0,0,0,0,0,0,0,0.00335779131948763,0,0.00454405422057917,0,0.00477064220183486,0,0.0041025641025641,0,0,0,0.00212426978226235,0,0,0,0,0,0,0,0,0,0,0,0,0,0,0,0,0,0,0,0,0,0.00425803704492229,0,0,0,0,0,0,0.00106315118009781,0,0,0,0,0,0,0,0,0,0,0,0,0,0,0,0,0,0,0,0,0,0,0,0,0,0,0,0,0,0,0,0,0,0.00400250156347717,0,0,0,0,0,0,0,0,0,0,0,0,0,0,0,0,0,0,0,0,0,0,0,0,0,0,0,0.000787007226157258,0,0.00092478421701603,0,0
"k__Bacteria;p__Proteobacteria;c__Gammaproteobacteria;o__Enterobacteriales;f__Enterobacteriaceae;g__Trabulsiella;__",0,0,0,0,0,0,0,0,0,0,0,0,0,0,0,0,0,0,0,0,0,0,0,0,0,0,0,0,0,0,0,0,0.011965811965812,0,0,0,0,0,0,0,0,0,0,0,0,0,0,0,0,0,0,0,0,0,0,0,0,0,0,0,0,0.00192425435143882,0,0,0,0,0,0,0,0,0,0,0,0,0,0,0,0,0,0,0,0,0,0,0,0,0,0,0,0,0,0,0,0,0,0,0,0,0,0,0,0,0,0,0,0,0,0,0,0,0,0,0,0,0,0,0,0,0,0,0,0,0,0,0,0,0,0,0,0,0,0
"k__Bacteria;p__Deferribacteres;c__Deferribacteres;o__Deferribacterales;f__Deferribacteraceae;g__Mucispirillum;s__schaedleri",0,0,0,0,0,0,0,0.0008262024195928,0,0.00151072615570551,0,0,0,0,0,0,0,0,0,0,0,0,0,0,0,0,0,0,0,0,0,0,0,0,0,0,0,0,0,0,0,0,0,0,0,0,0,0,0,0,0,0,0,0,0,0,0,0,0,0,0,0,0,0,0,0,0,0,0,0,0,0,0,0,0,0,0,0,0,0,0,0,0,0,0,0.00109729334308705,0,0.00162949383847642,0,0,0,0,0.000386010962711341,0,0.00141018861272695,0,0,0,0,0,0,0,0,0,0,0,0,0,0,0,0,0,0,0,0,0,0,0,0,0,0,0,0,0,0,0,0,0,0,0,0,0
"k__Bacteria;p__Proteobacteria;c__Gammaproteobacteria;o__Enterobacteriales;f__Enterobacteriaceae;g__Trabulsiella;s__farmeri",0,0,0,0,0,0,0,0,0,0,0,0,0,0,0,0,0,0,0,0,0,0,0,0,0,0,0,0,0,0,0,0,0,0,0,0,0,0,0,0,0,0,0,0,0,0,0,0,0,0,0,0,0,0,0,0,0,0,0,0,0,0,0,0,0,0,0,0.00723327305605787,0,0,0,0,0,0,0,0,0,0,0,0,0,0,0,0,0,0,0,0,0,0,0,0,0,0,0,0,0,0,0,0,0,0,0,0,0,0,0,0,0,0,0,0,0,0,0,0,0,0,0,0,0,0,0,0,0,0,0,0,0,0,0,0
"k__Bacteria;p__Proteobacteria;c__Gammaproteobacteria;o__Vibrionales;f__Vibrionaceae;__;__",0,0,0,0,0,0,0,0,0,0,0,0,0,0,0,0,0,0,0,0,0,0,0,0,0,0,0,0,0,0,0,0,0.000170940170940171,0,0,0,0,0,0,0,0,0,0,0,0,0,0,0,0,0,0,0,0,0,0,0,0,0,0,0,0,0,0,0,0,0,0,0,0,0,0,0,0,0,0,0,0,0,0,0,0,0,0,0,0,0,0,0,0,0,0,0,0,0,0,0,0,0,0,0,0,0,0,0,0,0,0,0,0,0,0,0,0,0,0,0,0,0,0,0,0,0,0,0,0,0,0,0,0,0,0,0
"k__Bacteria;p__Firmicutes;c__Bacilli;o__Lactobacillales;f__Lactobacillaceae;__;__",0,0,0,0,0,0,0,0,0,0,0,0,0,0,0,0,0,0,0,0,0,0,0,0,0,0,0,0,0,0,0,0,0,0,0,0,0,0,0,0,0,0,0,0,0,0,0,0,0,0,0,0,0,0,0,0,0,0,0,0,0,0,0,0,0,0,0,0,0,0,0,0,0,0,0,0,0,0,0,0,0,0,0,0,0,0,0,0,0,0,0,0,0,0,0,0,0,0,0,0,0,0,0,0,0,0,0,0,0,0,0,0,0,0,0,0,0,0,0,0,0.000165193689601057,0,0,0,0,0,0,0,0,0,0,0
"k__Bacteria;p__Proteobacteria;c__Alphaproteobacteria;o__Rhizobiales;f__Methylobacteriaceae;g__Methylobacterium;__",0,0,0,0,0,0,0,0,0,0,0,0,0,0.000232774674115456,0,0,0,0,0,0,0,0,0,0,0,0,0,0,0,0,0,0,0,0,0,0,0,0,0,0,0,0,0,0,0,0,0,0,0,0,0,0,0,0,0,0,0,0,0,0,0,0,0,0,0,0,0,0,0,0,0,0,0,0,0,0,0,0,0,0,0,0,0,0,0,0,0,0,0,0,0,0,0,0,0,0,0,0,0,0.00100062539086929,0,0,0,0,0,0,0,0,0,0,0,0,0,0,0,0,0,0,0,0,0,0,0,0,0,0,0,0,0,0,0,0
"k__Bacteria;p__Proteobacteria;c__Alphaproteobacteria;o__Rickettsiales;f__mitochondria;__;__",0,0,0,0,0,0,0,0,0,0,0,0,0,0,0,0,0,0,0,0,0,0,0,0,0,0,0,0,0,0,0.00244648318042813,0,0,0,0,0,0.00136560200288294,0,0,0,0,0,0,0,0,0,0,0,0,0,0,0,0,0,0,0,0,0,0.000532254630615286,0,0,0,0,0,0,0,0,0,0,0,0,0,0,0,0,0,0,0,0,0,0,0,0,0,0,0,0,0,0,0,0,0,0,0,0,0,0,0,0,0,0,0,0,0,0,0,0,0,0,0,0,0,0,0,0,0,0,0,0,0,0,0,0,0,0,0,0,0,0,0,0,0
"k__Archaea;p__Euryarchaeota;c__Methanobacteria;o__Methanobacteriales;f__Methanobacteriaceae;g__Methanobrevibacter;s__",0,0,0,0,0,0,0,0,0,0,0,0,0,0,0,0,0,0,0,0,0,0,0,0,0,0,0,0,0,0,0,0,0,0,0,0,0,0,0,0,0,0,0,0,0,0,0,0,0,0,0,0,0,0,0,0,0,0,0,0,0,0,0,0,0,0,0,0,0.000953137410643368,0.0020578147966683,0,0,0,0,0,0,0,0,0,0,0,0,0,0,0,0,0,0,0,0,0,0,0,0,0,0,0,0,0,0,0,0,0,0,0,0,0,0,0,0,0,0,0,0,0,0,0,0,0,0,0,0,0,0,0,0,0,0,0,0,0,0
"k__Bacteria;p__Planctomycetes;c__Planctomycetia;o__Gemmatales;f__Gemmataceae;g__Gemmata;s__",0,0,0,0,0,0,0,0,0,0,0,0,0,0,0,0,0,0,0,0,0,0,0,0,0,0,0,0,0,0.00054608999563128,0,0,0,0,0,0,0,0,0,0,0,0,0,0,0,0,0,0,0,0,0,0,0,0,0,0,0,0,0,0,0,0,0,0,0,0,0,0,0,0,0,0,0,0,0,0,0,0,0,0,0,0,0,0,0,0,0,0,0,0,0,0,0,0,0,0,0,0,0,0,0,0,0,0,0,0,0,0,0,0,0,0,0,0,0,0,0,0,0,0,0,0,0,0,0,0,0,0,0,0,0,0
"k__Bacteria;p__Proteobacteria;c__Deltaproteobacteria;__;__;__;__",0,0,0,0,0,0,0,0,0,0,0,0,0,0,0,0,0,0,0,0,0,0,0,0,0,0,0,0,0,0,0,0,0,0,0,0,0,0,0,0,0,0,0,0,0,0,0,0,0,0,0,0,0,0,0,0,0,0,0,0,0,0,0,0,0,0,0,0,0,0,0,0,0,0,0,0,0,0,0,0,0,0,0,0,0,0,0,0,0,0,0,0,0,0,0,0,0,0,0,0,0,0,0,0,0,0,0,0,0,0,0,0,0.000207662755684768,0,0,0,0,0,0,0,0,0,0,0,0,0,0,0,0,0,0,0
"k__Bacteria;p__TM7;c__TM7-3;o__I025;f__Rs-045;g__;s__",0,0,0,0,0,0,0,0.000236057834169371,0,0,0,0,0,0,0,0,0,0,0,0,0,0,0,0,0,0,0,0,0,0,0,0,0,0,0,0,0,0,0,0,0,0,0,0,0,0,0,0,0,0,0,0,0,0,0,0,0,0,0,0,0,0.000524796641301496,0.000324710466500704,0,0,0,0,0,0,0,0,0,0,0,0,0,0,0,0,0,0,0,0,0,0,0,0,0,0,0,0,0,0,0,0,0,0,0,0,0,0,0,0,0,0,0,0,0,0,0,0,0,0,0,0,0,0,0,0,0,0,0,0,0,0,0,0,0,0,0,0,0
"k__Bacteria;p__Chloroflexi;c__Ktedonobacteria;o__JG30-KF-AS9;f__;g__;s__",0,0,0,0,0,0,0,0,0,0,0,0,0,0,0,0,0,0,0,0,0,0,0,0,0,0,0,0.000505902192242833,0,0,0,0,0,0,0,0,0,0,0,0,0,0,0,0,0,0,0,0,0,0,0,0,0,0,0,0,0,0,0,0,0,0,0,0,0,0,0,0,0,0,0,0,0,0,0,0,0,0,0,0,0,0,0,0,0,0,0,0,0,0,0,0,0,0,0,0,0,0,0,0,0,0,0,0,0,0,0,0,0,0,0,0,0,0,0,0,0,0,0,0,0,0,0,0,0,0,0,0,0,0,0,0
"k__Bacteria;p__Firmicutes;c__Clostridia;o__SHA-98;f__;g__;s__",0,0,0,0,0,0,0,0,0,0,0,0,0,0,0,0,0,0,0,0,0,0,0,0,0,0,0,0,0,0,0,0.000200220242266493,0,0,0,0,0,0,0,0,0,0,0,0,0,0,0,0,0,0,0,0,0,0,0,0,0,0,0,0,0,0,0,0,0,0,0,0,0,0,0,0,0,0,0,0,0,0,0,0,0,0,0,0,0,0,0,0,0,0,0,0,0,0,0,0,0,0,0,0,0,0,0,0,0,0,0,0,0,0,0,0,0,0,0,0,0,0,0,0,0,0,0,0,0,0,0,0,0,0,0,0
"k__Bacteria;p__Proteobacteria;c__Betaproteobacteria;__;__;__;__",0,0,0,0,0,0,0,0,0,0.000201430154094068,0,0,0,0,0,0,0,0,0,0,0,0,0,0,0,0,0,0,0,0,0,0.000200220242266493,0,0,0,0,0,0,0,0,0,0,0,0,0,0,0,0,0,0,0,0,0,0,0,0,0,0,0,0,0,0,0,0,0,0,0,0,0,0,0,0,0,0,0,0,0,0,0,0,0,0,0,0,0,0,0,0,0,0,0,0,0,0,0,0,0,0,0,0,0,0,0,0,0,0,0,0,0,0,0,0,0,0,0,0,0,0,0,0,0,0,0,0,0,0,0,0,0,0,0,0
"k__Bacteria;p__Actinobacteria;c__Actinobacteria;o__Actinomycetales;f__Pseudonocardiaceae;g__Pseudonocardia;s__",0,0,0,0,0,0,0,0,0,0,0,0,0,0,0,0,0,0,0,0,0,0,0,0,0,0,0,0,0,0.00382262996941896,0,0.00550605666232856,0,0,0,0,0,0,0,0,0,0,0,0,0,0,0,0,0,0,0,0,0,0,0,0,0,0,0,0,0,0,0.000974131399502111,0,0,0,0,0,0,0,0,0,0,0,0,0,0,0,0,0,0,0,0,0,0,0,0,0,0,0,0,0,0,0,0,0,0,0,0,0,0,0,0,0,0,0,0,0,0,0,0,0,0,0,0,0,0,0,0,0,0,0,0,0,0,0,0,0,0,0,0,0
"k__Bacteria;p__Proteobacteria;c__Gammaproteobacteria;o__Xanthomonadales;f__Sinobacteraceae;g__;s__",0,0,0,0,0,0,0,0,0,0,0,0,0,0,0,0,0.000219563069491711,0,0,0,0,0,0,0,0,0,0,0.000252951096121417,0,0,0,0,0,0,0,0,0,0,0,0,0,0,0,0,0,0,0,0,0,0,0,0,0,0,0,0,0,0,0,0,0,0,0,0,0,0,0,0,0,0,0,0,0,0,0,0,0,0,0,0,0,0,0,0,0,0,0,0,0,0,0,0,0,0,0,0,0,0,0,0,0,0,0,0,0,0,0,0,0.000201938610662359,0,0,0,0,0,0,0,0,0,0,0,0,0,0,0,0,0,0,0,0,0,0,0
"k__Bacteria;p__Proteobacteria;c__Alphaproteobacteria;o__Rhodospirillales;f__Rhodospirillaceae;g__;s__",0,0.000255672738894215,0,0,0,0,0,0,0,0,0,0,0,0.000465549348230912,0,0,0,0,0,0,0,0,0,0,0,0,0,0,0,0,0,0,0,0,0,0,0,0,0,0,0,0,0,0,0,0,0,0,0,0,0,0,0,0,0,0,0,0,0,0,0,0,0,0,0,0,0,0,0,0,0,0,0,0,0,0,0,0,0,0,0,0,0,0,0,0,0,0,0,0,0,0,0,0,0,0,0,0.000352236703064459,0,0,0,0,0,0,0,0,0,0.000397298371076679,0,0,0,0,0,0,0,0,0,0,0,0,0,0,0,0,0,0,0,0,0,0,0,0
"k__Bacteria;p__Proteobacteria;c__Gammaproteobacteria;o__HTCC2188;f__HTCC2089;g__;s__",0,0,0,0,0,0,0,0,0,0,0,0,0,0,0,0,0,0,0,0,0,0,0,0,0,0,0,0,0,0,0,0,0,0,0,0,0,0,0,0,0,0,0,0,0,0,0,0.000483372003093581,0,0,0,0,0,0,0,0,0,0,0,0,0,0,0,0,0,0,0,0,0,0,0,0,0,0,0,0,0,0,0,0,0,0,0,0,0,0,0,0,0,0,0,0,0,0,0,0,0,0,0,0,0,0,0,0,0,0,0,0,0,0,0,0,0,0,0,0,0,0,0,0,0,0,0,0,0,0,0,0,0,0,0,0
"k__Bacteria;p__Proteobacteria;c__Betaproteobacteria;o__Neisseriales;f__Neisseriaceae;g__Neisseria;s__oralis",0,0,0,0,0,0,0,0,0,0,0,0,0,0,0,0,0,0,0,0,0,0,0,0,0,0,0,0,0.00123228589032656,0,0,0,0,0,0,0,0,0,0,0,0,0.000607064017660044,0,0,0,0,0,0,0,0,0,0,0.000973491088812341,0,0,0,0,0,0,0,0,0,0,0,0,0,0,0,0,0,0,0,0,0,0,0,0,0,0,0,0,0,0,0,0,0,0,0.00122212037885732,0,0,0,0,0,0,0,0.000653310104529617,0,0,0,0,0,0,0,0,0,0,0,0,0,0,0,0,0,0,0,0,0,0,0,0,0,0,0,0,0,0,0,0,0,0,0,0
"k__Bacteria;p__Bacteroidetes;c__[Saprospirae];o__[Saprospirales];f__Chitinophagaceae;__;__",0,0,0,0,0,0,0,0,0,0,0,0,0,0,0,0,0,0,0,0,0,0,0,0,0,0,0,0,0,0,0,0,0,0,0,0,0,0,0,0,0,0,0.000652386647819941,0,0,0,0,0,0,0,0,0,0,0,0,0,0,0,0,0,0,0,0,0,0,0,0,0,0,0,0,0,0,0,0,0,0,0,0,0,0,0,0,0,0,0,0,0,0,0,0,0,0,0,0,0,0,0.00105671010919338,0,0,0,0,0,0,0,0,0,0,0,0,0,0,0,0,0,0,0,0,0,0,0,0,0,0,0,0,0,0,0,0,0,0
"k__Bacteria;p__Proteobacteria;c__Alphaproteobacteria;o__Sphingomonadales;f__Sphingomonadaceae;g__Sphingobium;s__",0,0,0,0,0,0,0,0,0,0,0,0,0,0,0,0,0,0.000793231094658911,0,0,0,0,0,0,0,0,0,0,0,0,0,0,0.000769230769230769,0,0,0,0,0,0,0,0,0,0,0,0,0,0,0,0,0,0,0,0,0,0,0,0,0,0,0,0,0,0,0,0,0,0,0,0,0,0,0,0,0,0,0,0,0,0,0,0,0,0,0,0,0,0,0,0,0,0,0,0,0,0,0,0,0,0,0,0,0,0,0,0,0,0,0,0,0,0,0,0,0,0,0,0,0,0,0,0,0,0,0,0,0,0,0,0,0,0,0
"k__Bacteria;p__Bacteroidetes;c__Cytophagia;o__Cytophagales;__;__;__",0,0.0008309364014062,0,0,0,0,0,0,0,0,0,0,0,0,0,0,0,0,0,0,0,0,0,0,0,0,0,0,0,0,0,0,0,0,0,0,0,0,0,0,0,0,0,0,0,0,0,0,0,0,0,0,0,0,0,0,0,0,0,0,0,0,0,0,0,0,0,0,0,0,0,0,0,0,0,0,0,0,0,0,0,0,0,0,0,0,0,0,0,0,0,0,0,0,0,0,0,0,0,0,0,0,0,0,0,0,0,0,0,0,0,0,0,0,0,0,0,0,0,0,0,0,0,0,0,0,0,0,0,0,0,0
"k__Bacteria;p__Firmicutes;c__Bacilli;o__Bacillales;f__Bacillaceae;g__Bacillus;s__thermoamylovorans",0,0.000319590923617769,0,0,0,0,0,0,0,0,0,0,0,0,0,0,0,0,0,0,0,0,0,0,0,0,0,0,0,0,0,0,0,0,0,0,0,0,0,0,0,0,0,0,0,0,0,0,0,0,0,0,0,0,0,0,0,0,0,0,0,0,0,0,0,0,0,0,0,0,0,0,0,0,0,0,0,0,0,0,0,0,0,0,0,0,0,0,0,0,0,0,0,0,0,0,0,0,0,0,0,0,0,0,0,0,0,0,0,0,0,0,0,0,0,0,0,0,0,0,0,0,0,0,0,0,0,0,0,0,0,0
"k__Bacteria;p__Actinobacteria;c__MB-A2-108;o__0319-7L14;f__;g__;s__",0,0,0,0,0,0,0,0,0,0,0,0,0,0,0,0,0,0,0,0,0,0,0,0,0,0,0,0,0,0,0,0,0,0,0,0,0,0,0,0,0,0,0,0,0,0,0,0,0,0,0,0,0,0,0,0,0,0,0,0,0,0,0,0,0,0,0,0,0,0,0,0,0,0,0,0,0,0,0,0,0,0,0,0,0,0,0,0,0,0,0,0,0,0,0,0,0,0,0,0,0,0,0,0,0,0,0,0,0,0,0.000167644593461861,0,0,0,0,0,0,0,0,0,0,0,0,0,0,0,0,0,0,0,0,0
"k__Bacteria;p__TM6;c__SJA-4;o__;f__;g__;s__",0,0,0,0,0,0,0,0,0,0,0,0,0,0,0,0,0,0,0,0,0,0,0,0,0,0,0,0.000421585160202361,0,0,0,0,0,0,0.0004999500049995,0,0,0,0,0,0,0,0,0,0,0,0,0,0,0,0,0,0,0,0,0,0,0,0,0,0,0,0,0,0,0,0,0,0,0,0,0,0,0,0,0,0,0,0,0,0,0,0,0,0,0,0,0,0,0,0,0,0,0,0,0,0,0,0,0,0,0,0,0,0,0,0,0,0,0,0,0,0.00103831377842384,0,0,0,0,0,0,0,0,0,0,0,0,0,0,0,0,0,0,0
"k__Bacteria;p__Bacteroidetes;c__Bacteroidia;o__Bacteroidales;f__Porphyromonadaceae;g__Parabacteroides;s__gordonii",0,0,0,0.00164344967913601,0,0,0,0,0,0,0,0,0,0.0037243947858473,0,0,0,0,0,0,0,0,0,0,0,0,0,0,0,0,0,0,0,0,0,0,0,0,0,0,0,0,0,0,0,0,0,0,0,0,0,0,0,0,0,0,0,0,0.00202256759633809,0,0,0,0,0,0,0,0,0,0,0,0,0,0,0,0,0,0,0,0,0,0,0,0,0,0,0,0,0,0,0,0,0,0,0,0,0,0,0,0,0,0,0,0,0,0,0,0,0,0,0,0,0,0,0,0,0,0,0,0,0,0,0,0,0,0,0,0,0,0,0,0,0
"k__Bacteria;p__AD3;c__ABS-6;o__;f__;g__;s__",0,0.000894854586129754,0,0,0,0,0,0,0,0,0,0,0,0,0,0,0,0,0,0,0,0,0,0,0,0,0,0,0,0,0,0,0,0,0,0,0,0,0,0,0,0,0,0,0,0,0,0,0,0,0,0,0,0,0,0,0,0,0,0,0,0,0,0,0,0,0,0,0,0,0,0,0,0,0,0,0,0,0,0,0,0,0,0,0,0,0,0,0,0,0,0,0,0,0,0,0,0,0,0,0,0,0,0,0,0,0,0,0,0,0,0,0,0,0,0,0,0,0,0,0,0,0,0,0,0,0,0,0,0,0,0
"k__Bacteria;p__Chloroflexi;c__Ktedonobacteria;o__Thermogemmatisporales;f__Thermogemmatisporaceae;g__;s__",0,0,0,0,0,0,0,0,0,0,0,0,0,0,0,0,0,0,0,0,0,0,0,0,0,0,0,0.000843170320404722,0,0,0,0,0,0,0,0,0,0,0,0,0,0,0,0,0,0,0,0,0,0,0,0,0,0,0,0,0,0,0,0,0,0,0,0,0,0,0,0,0,0,0,0,0,0,0,0,0,0,0,0,0,0,0,0,0,0,0,0,0,0,0,0,0,0,0,0,0,0,0,0,0,0,0,0,0,0,0,0,0,0,0,0,0,0,0,0,0,0,0,0,0,0,0,0,0,0,0,0,0,0,0,0
"k__Bacteria;p__Proteobacteria;c__Alphaproteobacteria;o__Rhizobiales;f__Hyphomicrobiaceae;g__Devosia;s__",0,0,0,0,0,0,0,0,0,0,0,0,0,0,0,0,0,0,0,0,0,0,0,0,0,0,0,0,0,0,0,0,0,0,0,0,0,0,0,0,0,0,0,0,0.000330360092500826,0,0,0,0,0,0,0,0,0,0,0,0,0,0,0,0,0,0,0,0,0,0,0,0,0,0,0,0,0,0,0,0,0,0,0,0,0,0,0,0,0,0,0,0,0,0,0,0,0,0,0,0,0,0,0,0,0,0,0,0,0,0,0,0,0,0,0,0,0,0,0,0,0,0,0,0,0,0,0,0,0,0,0,0,0,0,0
"k__Bacteria;p__Proteobacteria;c__Alphaproteobacteria;o__Rhizobiales;f__Hyphomicrobiaceae;g__Rhodoplanes;s__",0,0,0,0,0,0,0,0,0,0,0,0,0,0,0,0,0,0,0,0,0,0,0,0,0,0,0,0.00101180438448567,0,0,0,0,0,0,0,0,0,0,0,0,0,0,0,0,0,0,0,0,0,0,0,0,0,0,0,0,0,0,0,0,0,0,0,0,0,0,0,0,0,0,0,0,0,0,0,0,0,0,0,0,0,0,0,0,0,0,0,0,0,0,0,0,0,0,0,0,0,0,0,0,0,0,0,0,0,0,0,0,0,0,0,0,0,0,0,0,0,0,0,0,0,0,0,0,0,0,0,0,0,0,0,0
"k__Bacteria;p__Proteobacteria;c__Gammaproteobacteria;o__Legionellales;f__Coxiellaceae;g__Coxiella;s__",0,0,0,0,0,0,0,0,0,0,0,0,0,0,0,0,0,0,0,0,0,0,0,0,0,0.00909504320145521,0,0.00885328836424958,0,0.00797291393621669,0,0.00931024126539193,0,0.00464584920030465,0,0.00631389055923031,0,0,0,0,0,0,0,0,0,0,0,0,0,0,0,0,0,0,0,0,0,0,0,0,0,0,0,0,0,0,0,0,0,0,0,0,0,0,0.00113636363636364,0,0,0,0,0,0,0,0,0,0,0,0,0,0,0,0,0,0,0,0,0,0,0,0,0,0.00352222917971196,0,0,0,0,0,0,0,0,0,0,0,0,0,0,0,0,0,0,0,0,0,0,0,0,0,0,0,0,0,0,0
"k__Bacteria;p__Proteobacteria;c__Alphaproteobacteria;o__Rhizobiales;f__Methylobacteriaceae;g__Methylobacterium;s__komagatae",0,0,0,0.000391297542651432,0,0,0,0,0,0,0,0,0,0,0,0,0,0,0,0,0,0,0,0,0,0,0,0,0,0,0,0,0,0,0,0,0,0,0,0,0,0,0,0,0,0,0,0,0,0,0,0,0,0,0,0,0,0,0,0,0,0,0,0,0,0,0,0,0,0,0,0,0,0,0,0,0,0,0,0,0,0,0,0,0,0,0,0,0,0,0,0,0,0,0,0,0,0,0,0,0,0,0,0,0,0,0,0,0,0,0,0,0,0,0,0,0,0,0,0,0,0,0,0,0,0,0,0,0,0,0,0
"k__Bacteria;p__Proteobacteria;c__Alphaproteobacteria;o__Rhizobiales;f__Methylobacteriaceae;g__;s__",0,0,0,0,0,0,0,0,0,0,0,0,0,0,0,0,0,0,0,0,0,0,0,0,0,0,0,0,0.0016173752310536,0,0,0,0,0,0,0,0,0,0,0,0,0,0.00119604218766989,0,0,0,0,0,0,0,0,0,0,0,0,0,0,0,0.00117096018735363,0,0,0,0,0,0,0,0,0,0,0,0,0,0,0,0,0,0,0,0,0,0,0,0,0,0,0,0,0,0,0,0,0,0,0,0,0,0,0,0,0,0,0,0,0,0,0,0.000562429696287964,0,0,0,0,0,0,0,0,0,0,0,0,0,0,0,0,0,0,0,0,0,0.00121910672725258,0,0,0
"k__Bacteria;p__Proteobacteria;c__Gammaproteobacteria;o__Alteromonadales;f__Alteromonadaceae;g__Microbulbifer;s__chitinilyticus",0,0,0,0,0,0,0,0,0,0,0,0,0,0,0,0,0,8.81367882954345e-05,0,0,0,0,0,0,0,0,0,0,0,0,0,0.000500550605666233,0,0,0,0,0,0,0,0,0,0,0,0,0,0,0,0,0,0,0,0,0,0,0,0,0,0,0,0,0,0,0,0,0,0,0,0,0,0,0,0,0,0,0,0,0,0,0,0,0,0,0,0,0,0,0,0,0,0,0,0,0,0,0,0,0,0,0,0,0,0,0,0,0,0,0,0,0,0,0,0,0,0,0,0,0,0,0,0,0,0,0,0,0,0,0,0,0,0,0,0
"k__Bacteria;p__Firmicutes;c__Bacilli;o__Bacillales;f__Bacillaceae;__;__",0,0,0,0,0,0,0,0,0,0,0,0,0,0,0,0,0,0,0,0,0,0,0,0,0,0,0,0,0,0,0,0.000100110121133247,0,0,0,0,0,0,0,0,0,0,0,0,0,0,0,0,0,0,0,0,0,0,0,0,0,0,0,0,0,0,0,0,0,0,0,0,0,0,0,0,0,0,0,0,0,0,0,0.000182581705313128,0,0,0,0,0,0,0,0,0,0,0,0,0,0,0,0,0,0,0,0,0,0,0,0,0,0,0,0,0,0,0,0,0,0,0,0,0,0,0,0,0,0,0,0,0,0,0,0,0,0,0,0
"k__Bacteria;p__Actinobacteria;c__Actinobacteria;o__Actinomycetales;f__Micrococcaceae;__;__",0,0,0,0,0,0,0,0,0,0,0,0,0,0,0,0,0,0,0,0,0,0,0,0,0,0.000606336213430347,0,0,0,0,0,0,0,0,0,0,0,0,0,0,0,0,0,0,0,0,0,0,0,0,0,0,0,0,0,0,0,0,0,0,0,0,0,0,0,0,0,0,0,0,0,0,0,0,0,0,0,0,0,0,0,0,0,0,0,0,0,0,0,0,0,0,0,0,0,0,0,0,0,0,0,0,0,0,0,0,0,0,0,0,0,0,0,0,0,0,0,0,0,0,0,0,0,0,0,0,0,0,0.00132993461154827,0,0,0
"k__Bacteria;p__Firmicutes;c__Clostridia;o__Clostridiales;f__Veillonellaceae;g__Mitsuokella;__",0,0,0,0,0,0,0,0,0,0,0,0,0,0,0,0,0,0,0,0,0,0,0,0,0,0.0130362285887525,0,0,0,0,0,0,0,0,0,0,0,0,0,0,0,0,0,0,0.00602907168814007,0.0273464205488817,0,0,0,0,0,0,0,0,0,0,0,0,0,0,0,0,0,0,0,0,0,0,0.0189038919777601,0.0089171974522293,0,0,0,0,0,0,0,0,0,0,0,0,0,0,0,0,0,0,0,0,0,0,0,0,0,0,0,0,0,0,0,0,0,0,0,0,0,0,0,0,0,0,0,0,0,0,0,0,0,0,0,0,0,0,0,0,0,0,0,0,0,0
"k__Bacteria;p__Cyanobacteria;c__Oscillatoriophycideae;o__Chroococcales;f__Xenococcaceae;g__;s__",0,0,0,0,0,0,0,0,0,0,0,0,0,0,0,0,0,0,0,0,0,0,0,0,0,0,0,0,0,0,0,0,0,0,0,0,0,0,0,0,0,0,0,0,0,0,0,0,0,0,0,0,0,0,0,0,0,0,0,0,0,0,0,0,0,0,0,0,0,0,0,0,0,0,0,0,0,0,0,0,0,0,0,0,0,0,0,0,0,0,0,0,0,0,0,0,0.00235102631340989,0,0,0,0,0,0,0,0,0,0,0,0,0,0,0,0,0,0,0,0,0,0,0,0,0,0,0,0,0,0,0,0,0,0,0
"k__Bacteria;p__Proteobacteria;c__Betaproteobacteria;o__Burkholderiales;f__Oxalobacteraceae;g__Ralstonia;s__",0,0,0,0.00101737361089372,0,0,0,0,0,0,0,0,0,0,0,0,0,0,0,0,0,0,0,0,0,0,0,0,0,0,0,0,0,0,0,0,0,0,0,0,0,0,0,0,0,0,0,0,0,0,0,0,0,0,0,0,0,0,0,0,0,0,0,0,0,0,0,0,0,0,0,0,0,0,0,0,0,0,0,0,0,0,0,0,0,0,0,0,0,0,0,0,0,0,0,0,0,0.000440295878830574,0,0,0,0,0,0,0,0,0,0,0,0,0,0,0,0,0,0,0,0,0,0,0,0,0,0,0,0,0,0,0,0,0,0
"k__Bacteria;p__Proteobacteria;c__Betaproteobacteria;o__Ellin6067;f__;g__;s__",0,0,0,0,0,0,0,0,0,0,0,0,0,0,0,0,0,0,0,0,0,0,0,0,0,0,0,0,0,0,0,0,0,0,0,0,0,0,0,0,0,0,0,0,0,0,0,0,0,0,0,0,0,0,0,0,0,0,0,0,0,0,0,0,0,0,0,0,0,0,0,0,0,0,0,0,0,0,0,0,0,0,0,0,0,0,0,0,0,0,0,0,0,0,0,0,0,0,0,0,0,0,0,0,0,0,0,0,0,0,0,0,0,0,0,0,0,0,0,0,0,0,0,0,0,0,0,0,0.000443311537182755,0,0,0
"k__Bacteria;p__Proteobacteria;c__Betaproteobacteria;o__Rhodocyclales;f__Rhodocyclaceae;g__Methyloversatilis;s__",0,0,0,0,0,0,0,0,0,0,0,0,0,0,0,0,0,0,0,0,0,0,0,0,0,0,0,0.000843170320404722,0,0,0,0,0,0,0,0,0,0,0,0,0,0.00033112582781457,0.0010873110796999,0,0,0,0.00148107007312783,0,0,0,0,0,0.000524187509360491,0,0,0,0,0,0.000958058335107515,0,0,0,0,0,0,0,0,0,0,0,0,0,0,0,0,0,0,0,0,0,0,0,0,0,0,0,0,0,0,0,0.00126582278481013,0,0,0,0,0.000871080139372822,0,0.000880591757661148,0,0,0,0,0,0,0,0,0,0,0,0,0.00134115674769489,0,0,0,0,0,0,0,0,0,0,0,0,0,0,0,0,0,0,0,0,0
"k__Bacteria;p__Gemmatimonadetes;c__Gemm-5;o__;f__;g__;s__",0,0,0,0,0,0,0,0,0,0,0,0,0,0,0,0,0,0,0,0,0,0,0,0,0,0,0,0,0,0,0,0,0,0,0,0,0,0,0,0,0,0,0,0,0,0,0,0,0,0,0,0,0,0,0,0,0,0,0,0,0,0,0,0,0,0,0.00024268899405412,0,0,0,0,0,0,0,0,0,0,0,0,0,0,0,0,0,0,0,0,0,0,0,0,0,0,0,0,0,0,0,0,0,0,0,0,0,0,0,0,0,0,0,0,0,0,0,0,0,0,0,0,0,0,0,0,0,0,0,0,0,0,0,0,0
"k__Bacteria;p__Verrucomicrobia;c__Opitutae;o__[Pelagicoccales];f__[Pelagicoccaceae];g__Pelagicoccus;s__",0,0,0,0,0,0,0,0,0,0,0,0,0,0,0,0,0,0,0,0,0,0,0,0,0,0,0,0.000168634064080944,0,0,0,0,0,0,0,0,0,0,0,0,0,0,0,0,0,0,0,0,0,0,0,0,0,0,0,0,0,0,0,0,0,0,0,0,0,0,0,0,0,0,0,0,0,0,0,0,0,0,0,0,0,0,0,0,0,0,0,0,0,0,0,0,0,0,0,0,0,0,0,0,0,0,0,0,0,0,0,0,0,0,0,0,0,0,0,0,0,0,0,0,0,0,0,0,0,0,0,0,0,0,0,0
"k__Bacteria;p__Firmicutes;c__Bacilli;o__Lactobacillales;f__Leuconostocaceae;g__Leuconostoc;__",0,0,0,0,0,0,0,0,0,0,0,0,0,0,0,0,0,0,0,0,0,0,0,0,0,0,0,0,0,0,0,0,0,0,0,0,0,0,0,0,0,0,0,0,0,0,0,0,0,0,0,0,0,0,0,0,0,0,0,0,0,0,0,0,0,0,0,0,0,0,0,0,0,0.000345116600108465,0,0,0,0,0,0.00225184103219524,0,0,0,0,0,0,0,0,0,0,0,0,0,0,0,0,0,0,0,0,0,0,0,0,0,0,0,0,0,0,0,0,0,0,0,0,0,0,0,0,0,0,0,0,0,0,0,0,0,0,0,0
"k__Bacteria;p__Proteobacteria;c__Gammaproteobacteria;o__Pasteurellales;f__Pasteurellaceae;g__Haemophilus;__",0,0,0,0,0,0,0,0,0,0,0,0,0,0,0,0,0,0,0,0,0,0,0,0,0,0,0,0,0,0,0,0,0,0,0,0,0,0,0,0,0,0,0,0,0,0,0,0,0,0,0,0,0,0,0,0,0,0,0,0,0,0,0,0,0.000172816037328264,0,0.00412571289892003,0,0,0,0,0,0,0,0,0,0,0,0,0,0,0,0,0,0,0,0,0,0,0,0,0,0,0,0,0,0,0,0,0,0,0,0,0,0,0,0,0,0,0,0,0,0,0,0,0,0,0,0,0,0,0,0,0,0,0,0,0,0,0,0,0
"k__Bacteria;p__Bacteroidetes;c__Flavobacteriia;o__Flavobacteriales;f__[Weeksellaceae];g__Cloacibacterium;s__",0,0,0,0,0,0,0,0,0,0,0,0,0,0,0,0,0,0,0,0,0,0,0,0,0,0,0,0,0,0,0,0,0,0,0,0,0,0,0,0,0,0,0,0,0,0,0,0,0,0,0,0,0,0,0,0,0,0,0,0,0,0,0,0,0,0,0,0,0,0,0,0,0,0,0,0,0,0,0,0,0,0,0,0,0,0,0,0,0,0,0,0,0,0,0,0.000435540069686411,0,0,0,0,0,0,0,0,0,0,0,0,0,0,0,0,0,0,0,0,0,0,0,0,0,0,0,0,0,0,0,0,0,0,0,0
"k__Bacteria;p__Firmicutes;c__Clostridia;o__Clostridiales;f__Ruminococcaceae;g__Ruminococcus;s__flavefaciens",0,0.00102269095557686,0,0,0,0.000729217306757414,0,0,0,0,0,0,0,0,0,0,0,0,0,0,0,0,0,0,0,0,0,0,0,0.000655307994757536,0,0,0,0,0,0,0,0,0,0,0,0,0,0.000984428136746018,0,0,0,0,0,0,0,0,0,0,0,0,0,0,0,0,0,0,0.000108236822166901,0,0,0,0,0.000452079566003617,0,0,0,0,0,0,0,0,0,0,0,0,0,0,0,0,0,0,0,0,0,0,0,0,0,0,0,0,0.000452120444886518,0,0,0,0,0,0,0,0.000148577371666295,0,0,0,0,0,0,0,0,0,0,0,0,0,0,0,0.000825968448005286,0,0,0,0,0,0,0,0.000221655768591378,0,0,0
"k__Bacteria;p__Actinobacteria;c__Coriobacteriia;o__Coriobacteriales;f__Coriobacteriaceae;g__Atopobium;s__vaginae",0,0,0,0,0,0,0,0,0,0,0,0,0,0,0,0.00068557717028023,0,0,0,0,0,0,0,0,0,0,0,0,0,0,0,0,0,0,0,0,0,0,0,0,0,0,0,0,0,0,0,0,0,0,0,0,0,0,0,0,0,0,0,0,0,0,0,0,0,0,0,0,0,0,0,0,0,0,0,0,0,0,0,0,0,0,0,0,0,0,0,0,0,0,0,0,0,0,0,0,0,0,0,0,0,0,0,0,0,0,0,0,0,0,0,0,0,0,0,0,0,0,0,0,0,0,0,0,0,0,0,0,0,0,0,0
"k__Bacteria;p__Gemmatimonadetes;c__Gemmatimonadetes;o__;f__;g__;s__",0,0,0,0,0,0,0,0,0,0,0,0,0,0,0,0,0,0,0,0,0,0,0,0,0,0,0,0.000252951096121417,0,0,0,0,0,0,0,0,0,0,0,0,0,0,0,0,0,0,0,0,0,0,0,0,0,0,0,0,0,0,0,0,0,0,0,0,0,0,0,0,0,0,0,0,0,0,0,0,0,0,0,0,0,0,0,0,0,0,0,0,0,0,0,0,0,0,0,0,0,0,0,0,0,0,0,0,0,0,0,0,0,0,0,0,0,0,0,0,0,0,0,0,0,0,0,0,0,0,0,0,0,0,0,0
"k__Bacteria;p__Acidobacteria;c__[Chloracidobacteria];o__PK29;f__;g__;s__",0,0,0,0,0,0,0,0,0,0,0,0,0,0,0,0,0,0,0,0,0,0,0,0,0,0,0,0,0,0,0,0,0,0,0,0,0,0,0,0,0,0,0,0,0,0,0,0,0,0,0,0,0,0,0,0,0,0,0,0,0,0,0,0,0,0,0,0,0,0,0,0,0,0,0,0,0,0,0,0,0,0,0,0,0,0,0,0,0,0,0,0,0,0,0,0,0.000180848177954607,0,0,0,0,0,0,0,0,0,0,0,0,0,0,0,0,0,0,0,0,0,0,0,0,0,0,0,0,0,0,0,0,0,0,0
"k__Bacteria;p__Chloroflexi;c__Anaerolineae;o__GCA004;f__;g__;s__",0,0,0,0,0,0,0,0.000236057834169371,0,0,0,0,0,0,0,0,0,0,0,0,0,0,0,0,0,0,0,0,0,0,0,0,0,0,0,0,0,0,0,0,0,0,0,0,0,0,0,0,0,0,0,0,0,0,0,0,0,0,0,0,0,0,0,0,0,0,0,0,0,0,0,0,0,0,0,0,0,0,0,0,0,0,0,0,0,0,0,0,0,0,0,0,0,0,0,0,0,0,0,0,0,0,0,0,0,0,0,0,0,0,0,0,0,0,0,0,0,0,0,0,0,0,0,0,0,0,0,0,0,0,0,0
"k__Bacteria;p__Bacteroidetes;c__Bacteroidia;o__Bacteroidales;f__[Paraprevotellaceae];g__;s__",0,0,0,0,0,0,0,0,0,0,0,0,0.0216310510248583,0.00147423960273122,0,0,0,0,0,0,0,0,0,0,0,0,0.0126849894291755,0.00632377740303541,0,0,0,0,0,0,0,0,0,0,0,0,0,0,0,0,0,0,0,0,0,0,0,0,0,0,0,0,0,0,0,0,0,0,0,0,0,0,0,0,0,0,0,0,0,0,0,0,0,0,0,0,0,0,0,0,0,0,0,0,0,0,0,0,0,0,0,0,0,0,0,0,0,0,0,0,0,0,0,0,0,0,0,0,0,0,0,0,0,0,0,0,0,0,0,0,0,0,0,0,0,0,0,0
"k__Bacteria;p__Bacteroidetes;c__Bacteroidia;o__Bacteroidales;f__[Paraprevotellaceae];__;__",0,0,0,0,0,0,0,0,0,0,0,0,0,0,0,0,0,0,0,0,0,0,0.000259291270527226,0,0,0,0,0,0,0,0,0,0,0,0,0,0,0,0,0,0,0,0,0,0,0,0,0,0,0,0,0,0,0,0,0,0,0,0,0,0,0,0,0,0,0,0,0,0,0,0,0,0,0,0,0,0,0,0,0,0,0,0,0,0,0,0,0,0,0,0,0,0,0,0,0,0,0,0,0,0,0,0,0,0,0,0,0,0,0,0,0,0,0,0,0,0,0,0,0,0,0,0,0,0,0,0,0,0,0,0,0
"k__Bacteria;p__Proteobacteria;c__Betaproteobacteria;o__Burkholderiales;__;__;__",0,0,0,0,0,0,0,0,0,0.000302145231141102,0,0,0,0,0,0,0,0,0,0,0,0,0,0,0,0,0,0,0,0,0,0,0,0,0,0,0,0,0,0,0,0,0,0,0,0,0,0,0,0,0,0,0,0,0,0,0,0,0,0,0,0,0,0,0,0,0,0,0.000317712470214456,0,0,0,0,0,0,0,0.000967519004837595,0,0,0,0,0,0,0,0.000847936687394008,0,0,0,0,0,0,0,0,0,0,0,0,0,0,0,0,0,0,0,0,0,0,0,0,0,0,0,0,0,0,0,0,0,0,0,0,0,0,0,0,0,0,0,0,0,0,0
"k__Bacteria;p__Firmicutes;c__Clostridia;o__Clostridiales;f__Peptostreptococcaceae;g__Peptostreptococcus;s__anaerobius",0,0,0,0,0,0,0,0,0,0,0,0,0,0,0.00161990539752478,0,0,0,0,0,0,0,0,0,0,0,0,0,0,0,0,0,0,0,0,0,0,0,0,0,0,0,0,0,0,0,0,0,0,0,0,0,0,0,0,0,0,0,0,0,0,0,0,0,0,0,0,0,0,0,0,0,0,0,0,0,0,0,0,0,0,0,0,0,0.00607687959299039,0,0,0,0,0,0,0,0,0,0,0,0,0,0,0,0,0,0,0,0,0,0,0,0,0,0,0,0,0,0,0,0,0,0,0,0,0,0,0,0,0,0,0,0,0,0,0
"k__Bacteria;p__Bacteroidetes;c__Bacteroidia;o__Bacteroidales;f__;g__;s__",0,0,0,0,0,0,0,0,0,0,0,0,0,0,0,0,0,0,0,0,0,0,0,0,0,0,0,0,0,0,0,0,0,0,0,0,0,0,0,0,0,0,0,0,0,0,0,0,0,0,0,0,0.000299535719634566,0,0,0,0,0,0,0,0,0,0,0,0,0,0,0,0,0,0,0,0,0,0,0,0,0,0,0,0,0,0,0,0,0,0,0,0,0,0,0,0,0,0,0,0,0,0,0,0,0,0,0,0,0,0,0,0,0,0,0,0,0,0,0,0,0,0,0,0,0,0,0,0,0,0,0,0,0,0,0
"k__Bacteria;p__Proteobacteria;c__Gammaproteobacteria;o__Enterobacteriales;f__Enterobacteriaceae;g__Morganella;__",0,0,0,0,0,0,0,0,0,0,0,0,0,0,0.000971943238514871,0,0,0,0,0,0,0,0,0,0,0,0,0,0,0,0,0,0,0,0,0,0,0,0,0,0,0,0,0,0,0,0,0,0,0,0,0,0,0,0,0,0,0,0,0,0,0,0,0,0,0,0,0,0,0,0,0,0,0,0,0,0,0,0,0,0,0,0,0,0,0,0,0,0,0,0,0,0,0,0,0,0,0,0,0,0,0,0,0,0,0,0,0,0,0,0,0,0,0,0,0,0,0,0,0,0,0,0,0,0,0,0,0,0,0,0,0
"k__Bacteria;p__Actinobacteria;c__Actinobacteria;o__Actinomycetales;f__Micromonosporaceae;__;__",0,0,0,0,0,0,0,0.000177043375627029,0,0,0,0,0,0,0,0,0,0,0,0,0,0,0,0,0,0,0,0,0,0,0,0,0,0,0,0,0,0,0,0,0,0,0,0,0,0,0,0,0,0,0,0,0,0,0,0,0,0,0,0,0,0,0,0,0,0,0,0,0,0,0,0,0,0,0,0,0,0,0,0,0,0,0,0,0,0,0,0,0,0,0,0,0,0,0,0,0,0,0,0,0,0,0,0,0,0,0,0,0,0,0,0,0,0,0,0,0,0,0.00107959564235941,0,0,0,0,0,0,0,0,0,0,0,0,0
"k__Bacteria;p__Proteobacteria;c__Deltaproteobacteria;o__Desulfovibrionales;f__Desulfovibrionaceae;__;__",0,0,0,0,0,0,0,0,0,0,0,0,0,0.000155183116076971,0,0,0,0,0,0,0,0,0,0,0,0,0,0,0,0,0,0,0,0,0,0,0,0,0,0,0,0,0,0,0,0,0,0,0,0,0,0,0,0,0,0,0,0,0,0,0,0,0,0,0,0,0,0,0,0,0,0,0,0,0,0,0,0,0,0,0,0,0,0,0,0,0,0,0,0,0,0,0,0,0,0,0,0,0,0,0,0,0,0,0,0,0,0,0,0,0,0,0,0,0,0,0,0,0,0,0,0,0,0,0,0,0,0,0,0,0,0
"k__Bacteria;p__Proteobacteria;c__Gammaproteobacteria;o__Pseudomonadales;f__Moraxellaceae;g__Acinetobacter;s__",0,0,0,0.00156519017060573,0,0,0,0,0,0,0,0,0,0,0,0,0,0,0,0,0,0,0,0,0,0,0,0,0,0,0,0,0,0,0,0,0,0,0,0,0,0,0,0,0,0,0,0,0,0,0,0,0,0,0,0,0,0,0,0,0,0,0,0,0,0,0,0,0,0,0,0,0,0,0,0,0,0,0,0,0,0,0,0,0,0,0,0,0,0,0,0,0,0,0,0,0,0,0,0,0,0,0,0,0,0,0,0,0,0,0,0,0,0,0,0,0,0,0,0,0,0,0,0,0,0,0,0,0,0,0,0
"k__Bacteria;p__Actinobacteria;c__Thermoleophilia;o__Solirubrobacterales;f__;g__;s__",0,0,0,0,0,0,0,0,0,0,0,0,0,0,0,0,0,0,0,0,0,0,0,0,0,0,0,0,0,0,0,0,0,0,0,0,0,0,0,0,0,0,0,0,0,0,0,0,0,0,0,0,0.000224651789725925,0,0,0,0,0,0,0,0,0,0,0,0,0,0,0,0,0,0,0,0,0,0,0,0,0,0,0,0,0,0,0,0,0,0,0,0,0,0,0,0,0,0,0,0,0,0,0,0,0,0,0,0,0,0,0,0,0,0,0,0,0,0,0,0,0,0,0,0,0,0,0,0,0,0,0,0,0,0,0
"k__Bacteria;p__Actinobacteria;c__Thermoleophilia;o__Solirubrobacterales;__;__;__",0,0,0,0,0,0,0,0,0,0,0,0,0,0,0,0,0,0,0,0,0,0,0,0,0,0,0,0,0,0,0,0,0,0,0,0,0,0,0,0,0,0,0,0,0,0,0,0,0,0,0,0,0,0,0,0,0,0,0,0,0,0,0,0,0,0,0,0,0,0,0,0,0,0,0,0,0,0,0,0,0,0,0,0,0,0,0,0,0,0,0,0,0,0,0,0,0.000361696355909214,0,0,0,0,0,0,0,0,0,0,0,0,0,0,0,0,0,0,0,0,0,0,0,0,0,0,0,0,0,0,0,0,0,0,0
"k__Bacteria;p__Acidobacteria;c__Acidobacteriia;o__Acidobacteriales;f__Koribacteraceae;g__;s__",0,0,0,0,0,0,0,0,0,0,0,0,0,0,0,0,0,0,0,0,0,0,0,0,0,0,0,0.000505902192242833,0,0,0,0,0,0,0,0,0,0,0,0,0,0,0,0,0,0,0,0,0,0,0,0,0,0,0,0,0,0,0,0,0,0,0,0,0,0,0,0,0,0,0,0,0,0,0,0,0,0,0,0,0,0,0,0,0,0,0,0,0,0,0,0,0,0,0,0,0,0,0,0,0,0,0,0,0,0,0,0,0,0,0,0,0,0,0,0,0,0,0,0,0,0,0,0,0,0,0,0,0,0,0,0
"k__Bacteria;p__Proteobacteria;c__Betaproteobacteria;o__Burkholderiales;f__Comamonadaceae;g__Delftia;s__",0,0,0,0.00148693066207544,0,0,0,0,0,0,0,0,0,0,0,0,0,0,0,0,0,0,0,0,0,0,0,0,0,0,0,0,0,0,0,0,0,0,0,0,0,0,0,0,0,0,0,0,0,0,0,0,0,0,0,0,0,0,0,0,0,0,0,0,0,0,0,0,0,0,0,0,0,0,0,0,0,0,0,0,0,0,0,0,0,0,0,0,0,0,0,0,0,0,0,0,0,0,0,0,0,0,0,0,0,0,0,0,0,0,0,0,0,0,0,0,0,0,0,0,0,0,0,0,0,0,0,0,0,0,0,0
"k__Bacteria;p__[Thermi];c__Deinococci;o__Deinococcales;f__Deinococcaceae;g__Deinococcus;s__",0,0,0,0,0,0,0,0,0,0,0,0,0,0,0,0,0,0,0,0,0,0,0,0,0,0,0,0,0,0,0,0,0,0,0,0,0,0,0,0,0,0,0,0,0,0,0,0,0,0,0,0,0,0,0,0,0,0,0,0,0,0,0,0,0,0,0,0,0,0,0,0,0,0,0,0,0,0,0,0,0,0,0,0,0,0,0,0,0,0,0,0,0,0,0,0,0.000361696355909214,0,0,0,0,0,0,0,0,0,0,0,0,0,0,0,0,0,0,0,0,0,0,0,0,0,0,0,0,0,0,0,0,0,0,0
"k__Bacteria;p__Cyanobacteria;c__4C0d-2;o__YS2;f__;g__;s__",0,0,0,0,0,0,0,0,0.0319291655486987,0.00211501661798771,0,0,0,0,0,0,0,0,0,0,0,0,0,0,0,0,0,0,0,0,0,0,0,0,0,0,0,0,0,0,0,0,0,0,0,0,0,0,0,0,0,0,0,0,0,0,0,0,0,0,0,0,0,0,0,0,0,0,0.0209690230341541,0.00852523272905439,0,0,0,0,0,0,0,0,0,0,0,0,0,0,0,0,0,0,0,0,0,0,0,0,0,0,0,0,0,0,0,0,0,0,0,0,0,0,0,0,0,0,0.000207662755684768,0,0,0,0,0,0,0,0,0,0,0,0,0,0,0,0,0,0,0
"k__Bacteria;p__Proteobacteria;c__Alphaproteobacteria;o__Sphingomonadales;f__Sphingomonadaceae;__;__",0,0,0,0,0,0,0,0,0,0,0,0,0,0,0,0,0.000439126138983423,0,0,0,0,0,0,0,0,0,0,0,0,0,0,0,0,0,0,0,0,0,0,0,0,0,0,0,0,0,0,0,0,0,0,0,0,0,0,0,0,0,0,0,0,0,0,0,0,0,0,0,0,0,0,0,0,0,0,0,0,0,0,0,0,0,0,0,0,0,0,0,0,0,0,0,0,0,0,0,0,0,0,0,0,0,0,0,0,0,0,0,0,0,0,0,0,0,0,0,0,0,0,0,0,0,0,0,0,0,0,0,0,0,0,0
"k__Bacteria;p__Actinobacteria;c__Actinobacteria;o__Actinomycetales;f__Micrococcaceae;g__Rothia;__",0,0,0,0,0,0,0.000509839910268176,0,0,0,0,0,0,0,0,0,0,0,0,0,0,0,0,0,0,0,0,0,0,0,0,0,0,0,0,0,0,0,0,0,0,0,0,0,0,0,0,0,0,0,0,0,0,0,0,0,0.000449155587495508,0,0,0,0,0,0,0,0,0,0,0,0,0,0,0,0,0,0,0,0,0,0,0,0,0,0,0,0,0,0,0,0,0,0,0,0,0,0,0,0,0,0,0,0,0,0,0,0,0,0,0,0,0,0,0,0,0,0,0,0,0,0,0,0,0,0,0,0,0,0,0,0,0,0,0
"k__Bacteria;p__Acidobacteria;c__iii1-8;o__DS-18;f__;g__;s__",0,0,0,0,0,0,0,0,0,0,0,0,0,0,0,0,0,0,0,0,0,0,0,0,0,0,0,0,0,0,0,0,0,0,0,0,0,0,0,0,0,0,0,0,0,0,0,0,0,0,0,0,0,0,0,0,0,0,0,0,0,0,0,0,0,0,0,0,0,0,0,0,0,0,0,0,0,0,0,0,0,0,0,0,0,0,0,0,0,0,0,0,0,0,0,0,0,0,0,0,0,0,0,0,0,0,0,0,0,0,0,0,0.000207662755684768,0,0,0,0,0,0,0,0,0,0,0,0,0,0,0,0,0,0,0
"k__Bacteria;p__Chloroflexi;c__Gitt-GS-136;o__;f__;g__;s__",0,0,0,0,0,0,0,0,0,0,0,0,0,0,0,0,0.000439126138983423,0,0,0,0,0,0,0,0,0,0,0,0,0,0,0,0,0,0,0,0,0,0,0,0,0,0,0,0,0,0,0,0,0,0,0,0,0,0,0,0,0,0,0,0,0,0,0,0,0,0,0,0,0,0,0,0,0,0,0,0,0,0,0,0,0,0,0,0,0,0,0,0,0,0,0,0,0,0,0,0.000271272266931911,0,0,0,0,0,0,0,0,0,0,0,0,0,0,0,0,0,0,0,0,0,0,0,0.000412984224002643,0,0,0,0,0,0,0,0,0,0,0
"k__Bacteria;p__Actinobacteria;c__Actinobacteria;o__Actinomycetales;f__Microbacteriaceae;__;__",0,0,0,0,0,0,0,0,0,0,0,0,0,0,0,0,0,0,0,0,0,0,0,0,0,0,0,0.00261382799325464,0,0.00415028396679773,0,0,0,0,0,0,0,0,0,0,0,0,0,0,0,0,0,0,0,0,0,0,0,0,0,0,0,0,0,0,0,0.00034986442753433,0,0,0,0,0,0,0,0,0,0,0,0,0,0,0,0,0,0,0,0,0,0,0,0,0,0,0,0,0,0,0,0,0,0,0,0,0,0,0,0,0,0,0,0,0,0,0,0,0,0,0,0,0,0,0,0,0,0,0,0,0,0,0,0,0,0,0,0,0,0
"k__Bacteria;p__Firmicutes;c__Clostridia;o__Clostridiales;f__Lachnospiraceae;g__Shuttleworthia;s__satelles",0,0,0,0,0,0,0,0,0,0,0,0,0,0,0,0,0,0,0,0,0,0,0,0,0,0,0,0,0,0,0,0,0,0,0,0,0,0,0,0,0,0,0,0,0.000412950115626032,0,0,0,0,0,0,0,0,0,0,0,0,0,0,0,0,0,0,0,0,0,0.000364033491081179,0,0,0,0,0,0,0,0,0,0,0,0,0,0,0,0,0,0,0,0,0,0,0,0,0,0,0,0,0,0,0.00158506516379007,0,0,0,0,0,0,0,0,0,0,0,0,0,0,0,0,0,0,0,0,0,0,0,0,0,0,0,0,0,0,0,0,0,0
"k__Bacteria;p__Actinobacteria;c__Actinobacteria;o__Actinomycetales;f__Kineosporiaceae;__;__",0,0,0,0,0,0,0,0,0,0,0,0,0,0,0,0,0,0,0,0,0,0,0,0,0,0,0,0,0,0,0,0,0,0,0,0,0,0,0,0,0,0,0,0,0.000578130161876445,0,0,0,0,0,0,0,0,0,0,0,0,0,0.00159676389184586,0,0,0,0,0,0,0,0,0,0,0,0,0,0,0,0,0,0,0,0,0,0,0,0,0,0,0,0,0,0,0,0,0,0,0,0,0,0,0,0,0,0,0,0,0,0,0,0,0,0,0,0,0,0,0,0,0,0,0,0,0,0,0,0,0,0,0,0,0,0,0,0,0
"k__Bacteria;p__Proteobacteria;c__Gammaproteobacteria;o__Alteromonadales;f__Alteromonadaceae;g__Microbulbifer;__",0,0.000127836369447108,0,0,0,0,0,0,0,0,0,0,0,0,0,0,0,0,0,0,0,0,0,0,0,0,0,0,0.000231053604436229,0,0,0.000200220242266493,0,0,0,0,0,0,0,0,0,0,0,0,0,0,0,0,0,0,0,0,0,0,0,0,0,0,0,0,0,0,0,0,0,0,0,0,0,0,0,0,0,0,0,0,0,0,0,0,0,0,0,0,0,0,0,0,0,0,0,0,0,0,0,0,0,0,0,0,0,0,0,0,0,0,0,0,0,0,0,0,0,0,0,0,0,0,0,0,0,0,0,0,0,0,0,0,0,0,0,0
"k__Bacteria;p__Proteobacteria;c__Alphaproteobacteria;o__Rhizobiales;f__;g__;s__",0,0,0,0,0,0,0,0,0,0,0,0,0,0,0,0,0,0,0,0,0,0,0,0,0,0,0,0,0,0,0,0,0,0,0,0,0,0,0,0,0,0,0,0,0,0,0,0,0,0,0,0,0,0,0,0,0,0,0,0,0,0,0,0,0,0,0,0,0,0,0,0,0,0,0,0,0,0,0,0,0,0,0,0,0,0,0,0,0,0,0,0,0,0,0,0,0,0.000440295878830574,0,0,0,0,0,0,0,0,0,0,0,0,0,0,0,0,0,0,0,0,0,0,0,0,0,0,0,0,0,0,0,0,0,0
"k__Bacteria;p__Proteobacteria;c__Alphaproteobacteria;o__Rickettsiales;f__;g__;s__",0,0,0,0,0,0,0,0.0004131012097964,0,0,0,0,0,0,0,0,0,0,0,0,0,0,0,0,0,0,0,0,0,0,0,0,0,0,0,0,0,0,0,0,0,0,0.000652386647819941,0,0,0,0,0,0,0,0,0,0,0,0,0,0,0,0,0,0,0,0,0,0,0,0,0,0,0,0,0,0,0,0,0,0,0,0,0,0,0,0,0,0,0,0,0,0,0,0,0,0,0,0,0,0,0,0,0,0,0,0,0,0,0,0,0,0,0,0,0,0,0,0,0,0,0,0,0,0,0,0,0,0,0,0,0,0.000775795190069822,0,0,0
"k__Bacteria;p__Proteobacteria;c__Betaproteobacteria;o__;f__;g__;s__",0,0,0,0,0,0,0,0,0,0,0,0,0,0,0,0,0,0,0,0,0,0,0,0,0,0,0,0,0,0,0,0,0,0,0,0,0,0,0,0,0,0,0,0,0,0,0,0,0,0,0,0,0,0,0,0,0,0,0,0,0,0,0,0,0,0,0,0,0,0,0,0,0,0,0,0,0,0,0,0,0,0,0,0,0,0,0,0,0,0,0,0,0,0,0,0,0.000271272266931911,0,0,0,0,0,0,0,0,0,0,0,0,0,0,0,0,0,0,0,0,0,0,0,0,0,0,0,0,0,0,0,0,0,0,0
"k__Bacteria;p__Chloroflexi;c__Chloroflexi;o__AKIW781;f__;g__;s__",0,0,0,0,0,0,0,0,0,0,0,0,0,0,0,0,0,0,0,0,0,0,0,0,0,0,0,0,0,0,0,0,0,0.000304645849200305,0,0,0,0,0,0,0,0,0,0,0,0,0,0,0,0,0,0,0,0,0,0,0,0,0,0,0,0,0,0,0,0,0,0,0,0,0,0,0,0,0,0,0,0,0,0,0,0,0,0,0,0,0,0,0,0,0,0,0,0,0,0,0,0,0,0,0,0,0,0,0,0,0,0,0,0,0,0,0,0,0,0,0,0,0,0,0,0,0,0,0,0,0,0,0,0,0,0
"k__Bacteria;p__Bacteroidetes;c__Cytophagia;o__Cytophagales;f__Cytophagaceae;__;__",0,0,0,0,0,0,0,0,0,0,0,0,0,0,0,0,0,0,0,0,0,0,0,0,0,0,0,0,0,0,0,0,0,0,0,0,0,0,0,0,0,0,0,0,0,0,0,0,0,0,0,0,0,0,0,0,0,0,0,0,0,0,0,0,0,0,0,0,0,0,0,0,0,0,0,0,0,0,0,0,0,0,0,0,0,0,0,0,0,0,0,0,0,0,0,0,0,0.000264177527298344,0,0,0,0,0,0,0,0,0,0,0,0,0,0,0,0,0,0,0,0,0,0,0,0,0,0,0,0,0,0,0,0,0,0
"k__Bacteria;p__Firmicutes;c__Bacilli;o__Lactobacillales;f__Lactobacillaceae;g__Lactobacillus;s__delbrueckii",0,0,0,0,0,0,0,0,0,0,0,0,0,0,0,0,0,0,0,0,0,0,0,0,0,0.0115203880551766,0,0,0,0,0,0,0,0,0,0,0,0,0,0,0,0,0,0,0,0,0,0,0,0,0,0,0,0,0,0,0,0,0,0,0,0,0,0,0,0,0,0,0,0,0,0,0,0.00069023320021693,0,0,0,0,0,0,0,0,0,0,0,0,0,0,0,0,0,0,0,0,0,0,0,0,0,0,0,0,0,0,0,0.0034833364714743,0,0,0,0,0,0,0,0,0,0,0,0,0,0,0,0,0,0,0,0,0,0,0,0,0,0
"k__Bacteria;p__Firmicutes;c__Bacilli;o__Lactobacillales;f__Enterococcaceae;g__Enterococcus;s__cecorum",0,0,0,0,0,0,0,0,0,0,0,0,0,0,0,0,0,0,0,0,0,0,0,0,0,0,0,0,0,0,0,0,0,0,0,0,0,0,0,0,0,0,0,0,0,0,0,0,0,0,0,0,0,0,0,0,0,0,0,0,0,0,0,0,0,0,0,0,0,0,0,0,0,0,0,0,0,0,0,0,0,0,0,0,0,0,0,0.0034626744067624,0,0,0,0,0,0,0,0,0,0,0,0,0,0,0,0,0,0,0,0,0,0,0,0,0,0,0,0,0,0,0,0,0,0,0,0,0,0,0,0,0,0,0,0
"k__Bacteria;p__Firmicutes;c__Bacilli;o__Lactobacillales;f__Enterococcaceae;g__Vagococcus;s__",0,0,0,0,0,0,0,0,0,0,0,0,0,0,0,0,0,0,0,0,0,0,0,0,0,0,0,0,0,0,0,0,0,0,0,0,0,0,0,0,0,0,0,0,0,0,0,0,0,0,0,0,0,0,0,0,0,0,0,0,0,0,0,0,0,0,0,0,0,0,0,0,0,0,0.00328282828282828,0,0,0,0,0,0,0,0,0,0,0,0,0,0,0,0,0,0,0,0,0,0,0,0,0,0,0,0,0,0,0,0,0,0,0,0,0,0,0,0,0,0,0,0,0,0,0,0,0,0,0,0,0,0,0,0,0
"k__Bacteria;p__Actinobacteria;c__MB-A2-108;o__;f__;g__;s__",0,0,0,0,0,0,0,0,0,0,0,0,0,0,0,0,0,0,0,0,0,0,0,0,0,0,0,0,0,0,0,0,0,0,0,0,0,0,0,0,0,0,0,0,0,0,0,0,0,0,0,0,0,0,0,0,0,0,0.000532254630615286,0,0,0,0,0,0,0,0,0,0,0,0,0,0,0,0,0,0,0,0,0,0,0,0,0,0,0,0,0,0,0,0,0,0,0,0,0,0,0,0,0,0,0,0,0,0,0,0,0,0,0,0,0,0,0,0,0,0,0,0,0,0,0,0,0,0,0,0,0,0,0,0,0
"k__Bacteria;p__Firmicutes;c__Erysipelotrichi;o__Erysipelotrichales;f__Erysipelotrichaceae;g__Bulleidia;s__",0,0,0,0,0,0,0,0,0,0,0,0,0,0,0,0,0,0,0,0,0,0,0,0,0,0,0,0,0,0,0,0,0,0,0,0,0,0,0,0,0,0,0,0,0,0,0,0,0,0,0,0,0,0,0,0,0,0,0,0,0,0,0,0,0.000259224055992396,0,0,0,0,0,0,0,0,0,0,0,0,0,0,0,0,0,0,0,0,0,0,0,0,0,0,0,0,0,0,0,0,0,0,0,0,0,0,0,0,0,0,0,0,0,0,0,0,0,0,0,0,0,0,0,0,0,0,0,0,0,0,0,0,0,0,0
"k__Bacteria;p__Planctomycetes;c__OM190;o__CL500-15;f__;g__;s__",0,0,0,0,0,0,0,0,0,0,0,0,0,0,0,0,0.000219563069491711,0,0,0,0,0,0,0,0,0,0,0,0,0,0,0,0,0,0,0,0,0,0,0,0,0,0,0,0,0,0,0,0,0,0,0,0,0,0,0,0,0,0,0,0,0,0,0,0,0,0,0,0,0,0,0,0,0,0,0,0,0,0,0,0,0,0,0,0,0,0,0,0,0,0,0,0,0,0,0,0,0,0,0,0,0,0,0,0,0,0,0,0,0,0,0,0,0,0,0,0,0,0,0,0,0,0,0,0,0,0,0,0,0,0,0
"k__Bacteria;p__Proteobacteria;c__Alphaproteobacteria;o__RF32;f__;g__;s__",0,0,0,0,0,0,0,0.000177043375627029,0,0,0,0,0,0,0,0,0,0,0,0,0,0,0,0,0,0,0,0,0,0,0,0,0,0,0,0,0,0,0,0,0,0,0,0,0,0,0,0,0,0,0,0,0,0,0,0,0,0,0,0,0,0,0,0,0,0,0,0,0,0,0,0,0,0,0,0,0,0,0,0,0,0,0,0,0,0,0,0,0,0,0,0,0,0,0,0,0,0,0,0,0,0,0,0,0,0,0,0,0,0,0,0,0,0,0,0,0,0,0,0,0,0,0,0,0,0,0,0,0,0,0,0
"k__Bacteria;p__Bacteroidetes;c__Bacteroidia;o__Bacteroidales;f__Prevotellaceae;g__Prevotella;s__melaninogenica",0,0,0,0,0,0,0,0,0,0,0,0,0,0,0,0,0,0,0,0,0,0,0,0,0,0,0,0,0.000231053604436229,0,0,0,0,0,0,0,0,0,0,0,0,0,0,0,0,0,0,0,0,0,0,0,0,0,0,0,0,0,0,0,0,0,0,0,0,0,0,0,0,0,0,0,0,0,0,0,0,0,0,0,0,0,0,0,0,0,0,0,0,0,0,0,0,0,0,0,0,0,0,0,0,0,0,0,0,0,0,0,0,0,0,0,0,0,0,0,0,0,0,0,0,0,0,0,0,0,0,0,0,0,0,0
"k__Bacteria;p__Bacteroidetes;c__Bacteroidia;o__Bacteroidales;f__SB-1;g__;s__",0,0,0,0,0,0,0,0,0,0,0,0,0,0,0,0,0,0,0,0,0,0,0,0,0,0,0,0,0,0,0,0,0,0,0,0,0,0,0,0,0,0,0,0,0,0,0,0,0,0,0,0,0,0,0,0,0,0,0,0,0,0,0,0,0,0,0,0,0,0,0,0,0,0,0,0,0,0,0,0,0,0,0,0,0,0,0,0,0,0,0,0,0,0,0,0,0,0,0,0,0,0,0,0,0,0,0,0,0.000201938610662359,0,0,0,0,0,0,0,0,0,0,0,0,0,0,0,0,0,0,0,0,0,0,0
"k__Bacteria;p__Proteobacteria;c__Gammaproteobacteria;o__Enterobacteriales;f__Enterobacteriaceae;g__Klebsiella;s__",0,0,0,0,0,0,0,0,0,0,0,0,0,0,0,0,0,0,0,0,0,0,0,0,0,0,0,0,0,0,0,0,0,0,0,0,0,0,0,0,0,0.000993377483443709,0.000326193323909971,0,0,0,0,0,0,0,0,0,0,0,0,0,0,0,0,0,0,0,0,0,0,0,0,0,0,0,0,0,0,0,0,0,0,0,0,0,0,0,0,0,0,0,0,0,0,0,0,0,0,0,0,0,0,0,0,0,0,0.0131329344812491,0,0,0,0,0,0,0,0,0,0,0,0,0,0,0,0,0,0,0,0,0,0,0,0,0,0,0,0,0,0
"k__Bacteria;p__Actinobacteria;c__Actinobacteria;o__Actinomycetales;f__Micrococcaceae;g__Rothia;s__aeria",0,0,0,0,0,0,0,0,0,0,0,0,0,0,0,0,0,0,0,0,0,0,0,0,0,0,0,0,0,0,0,0,0,0,0,0,0,0,0,0.00214782059380922,0,0,0,0,0,0.00517628674675261,0,0,0,0,0,0,0,0,0,0,0,0,0,0,0,0,0,0,0,0,0,0,0,0,0,0,0,0,0,0,0,0,0,0,0,0,0,0,0,0,0,0,0,0,0,0,0,0,0,0,0,0,0,0,0,0,0,0,0,0,0,0,0,0,0,0,0,0,0,0,0,0,0,0,0,0,0,0,0,0,0,0,0,0,0,0
"k__Bacteria;p__Actinobacteria;c__Actinobacteria;o__Actinomycetales;f__Mycobacteriaceae;g__Mycobacterium;s__",0,0,0,0,0,0,0,0,0,0,0,0,0,0,0,0,0,0,0,0,0,0,0,0,0,0,0,0,0,0,0,0.00260286314946441,0,0.00114242193450114,0,0,0,0,0,0,0,0,0,0,0,0,0,0,0,0,0,0,0,0,0,0,0,0,0,0,0,0,0,0,0,0,0,0,0,0,0,0,0,0,0,0,0,0,0,0,0,0,0,0,0,0,0,0,0,0,0,0,0,0,0,0,0,0,0,0,0,0,0,0,0,0,0,0,0,0,0,0,0,0,0,0,0,0,0,0,0,0,0,0,0,0,0,0,0,0,0,0
"k__Bacteria;p__Actinobacteria;c__Actinobacteria;o__Actinomycetales;f__Mycobacteriaceae;g__Mycobacterium;s__vaccae",0,0,0,0,0,0,0,0,0,0,0,0,0,0,0,0,0,0,0,0,0,0,0,0,0,0,0,0.00244519392917369,0,0.00251201397990389,0,0,0,0,0,0.00330727600721588,0,0,0,0,0,0,0,0,0,0,0,0,0,0,0,0,0,0,0,0,0,0,0,0,0,0,0,0,0,0,0,0,0,0,0,0,0,0,0,0,0,0,0,0,0,0,0,0,0,0,0,0,0,0,0,0,0,0,0,0,0,0,0,0,0,0,0,0,0,0,0,0,0,0,0,0,0,0,0,0,0,0,0,0,0,0,0,0,0,0,0,0,0,0,0,0
"k__Bacteria;p__Firmicutes;c__Clostridia;o__Clostridiales;f__Lachnospiraceae;g__Oribacterium;s__",0,0.000767018216682646,0,0,0,0,0,0,0,0,0,0,0,0,0,0,0,0,0,0,0,0,0,0,0,0,0,0,0,0,0,0,0,0,0,0,0,0,0,0,0,0,0,0,0,0,0,0,0,0,0,0,0,0,0,0,0,0,0,0,0,0,0,0,0,0,0,0,0,0,0,0,0,0,0,0,0,0,0,0,0,0,0,0,0,0,0,0,0,0,0,0,0,0,0,0,0,0,0,0,0,0,0,0,0,0,0,0,0,0,0,0,0,0,0,0,0,0,0,0,0,0,0,0,0,0,0,0,0,0,0,0
"k__Bacteria;p__Proteobacteria;c__Gammaproteobacteria;o__Pasteurellales;f__Pasteurellaceae;g__Haemophilus;s__",0,0,0,0,0,0,0,0,0,0,0,0,0,0,0,0,0,0,0,0,0,0,0,0,0,0,0,0,0,0,0,0,0,0,0,0,0,0,0,0.000758054327226785,0,0,0,0,0,0,0,0,0,0,0,0,0,0,0,0,0,0,0,0,0,0,0,0,0,0,0,0,0,0,0,0,0,0,0,0,0,0,0,0,0,0,0,0,0,0,0,0,0,0,0,0,0,0,0,0,0,0,0,0,0,0,0,0,0,0,0,0,0,0,0.00134115674769489,0,0,0,0,0,0,0,0,0,0,0,0,0,0,0,0,0,0,0,0,0
"k__Bacteria;p__Proteobacteria;c__Alphaproteobacteria;o__Rickettsiales;f__Rickettsiaceae;g__Rickettsia;s__",0,0,0,0,0,0,0,0,0,0,0,0,0,0,0,0,0,0,0,0,0,0,0,0,0,0.0112172199484614,0,0.00860033726812816,0,0,0,0.00941035138652518,0,0.00571210967250571,0,0,0,0,0,0,0,0,0,0,0,0,0,0,0,0,0,0,0,0,0,0,0,0,0,0,0,0,0,0,0,0,0,0,0,0,0,0,0.00628848421328442,0,0.00441919191919192,0,0,0,0,0,0,0,0,0,0,0,0,0,0,0,0,0,0,0,0,0,0,0,0,0,0.00727927363807138,0,0,0,0,0,0,0,0,0,0,0,0,0,0,0,0,0.00211017325633052,0,0,0,0,0,0,0,0,0,0,0,0,0,0
"k__Bacteria;p__Proteobacteria;c__Alphaproteobacteria;o__Sphingomonadales;f__Sphingomonadaceae;g__Sphingomonas;s__azotifigens",0,0,0,0,0,0,0,0,0,0,0,0,0,0,0,0,0,0,0,0,0,0,0,0,0,0,0,0,0,0.00458715596330275,0,0,0,0,0,0,0,0,0,0,0,0,0,0,0,0,0,0,0,0,0,0,0,0,0,0,0,0,0,0,0,0,0,0,0,0,0,0,0,0,0,0,0,0,0,0,0,0,0,0,0,0,0,0,0,0,0,0,0,0,0,0,0,0,0,0,0,0,0,0,0,0,0,0,0,0,0,0,0,0,0,0,0,0,0,0,0,0,0,0,0,0,0,0,0,0,0,0,0,0,0,0
"k__Bacteria;p__Proteobacteria;c__Gammaproteobacteria;o__Pseudomonadales;f__Pseudomonadaceae;g__Pseudomonas;s__",0,0,0,0.000313038034121146,0,0,0,0,0,0,0,0,0,0,0,0,0,0,0,0,0,0,0,0,0,0,0,0,0,0,0,0,0,0,0,0,0,0,0,0,0,0,0,0,0,0,0,0,0,0,0,0,0,0,0,0,0,0,0,0,0,0,0,0,0,0,0,0,0,0,0,0,0,0,0,0,0,0,0,0,0,0,0,0,0,0,0,0,0,0,0,0,0,0,0,0,0,0,0,0,0,0,0,0,0,0,0,0,0,0,0,0,0,0,0,0,0,0,0,0,0,0,0,0,0,0,0,0,0,0,0,0
"k__Bacteria;p__Proteobacteria;c__Gammaproteobacteria;o__Xanthomonadales;f__Xanthomonadaceae;g__Stenotrophomonas;s__geniculata",0,0,0,0,0,0,0,0,0,0,0,0,0,0,0,0,0,0,0,0,0,0,0,0,0,0,0,0.00109612141652614,0,0,0,0.00170187205926519,0,0,0,0,0,0,0,0,0,0,0,0,0,0,0,0,0,0,0,0,0,0,0,0,0,0,0,0,0,0,0,0,0,0,0,0,0,0,0,0,0,0,0,0,0,0,0,0,0,0,0,0,0,0,0,0,0,0,0,0,0,0,0,0,0,0,0,0,0,0,0,0,0,0,0,0,0,0,0,0,0,0,0,0,0,0,0,0,0,0,0,0,0,0,0,0,0,0,0,0
"k__Bacteria;p__Proteobacteria;c__Alphaproteobacteria;o__Rhizobiales;f__Methylobacteriaceae;g__Methylobacterium;s__organophilum",0,0,0,0,0,0,0,0,0,0,0,0,0,0,0,0,0,0,0,0,0,0,0,0,0,0,0,0,0,0,0,0.00400440484532986,0,0,0,0,0,0,0,0,0,0,0,0,0,0,0,0,0,0,0,0,0,0,0,0,0,0,0,0,0,0,0,0,0,0,0,0,0,0,0,0,0,0,0,0,0,0,0,0,0,0,0,0,0,0,0,0,0,0,0,0,0,0,0,0,0,0,0,0,0,0,0,0,0,0,0,0,0,0,0,0,0,0,0,0,0,0,0,0,0,0,0,0,0,0,0,0,0,0,0,0
"k__Bacteria;p__Actinobacteria;c__Actinobacteria;o__Actinomycetales;f__Nocardioidaceae;g__Nocardioides;__",0,0,0,0,0,0,0,0,0,0,0,0,0,0,0,0,0,0,0,0,0,0,0,0,0,0,0,0,0,0,0,0,0,0.00228484386900229,0,0,0,0,0,0,0,0,0,0,0,0,0,0,0,0,0,0,0,0,0,0,0,0,0,0,0,0,0,0,0,0,0,0,0,0,0,0,0,0,0.000757575757575758,0,0,0,0,0,0,0,0,0,0,0,0,0,0,0,0,0,0,0,0,0,0,0,0,0,0,0,0,0,0,0,0,0,0,0,0,0,0,0,0,0,0,0,0,0,0,0,0,0,0,0,0,0,0,0,0,0
"k__Bacteria;p__Proteobacteria;c__Gammaproteobacteria;o__Pseudomonadales;f__Moraxellaceae;g__Acinetobacter;s__johnsonii",0,0,0,0,0,0,0,0,0,0,0,0,0,0,0,0,0,0,0,0,0,0,0,0,0,0,0,0,0,0,0,0,0,0,0,0,0,0,0,0,0,0,0,0,0,0,0,0,0,0,0,0,0,0,0,0,0,0,0,0,0,0,0,0,0,0,0,0,0,0,0,0,0,0,0,0,0,0,0,0,0,0,0,0,0,0,0,0,0,0,0,0,0,0,0,0,0,0,0,0,0,0,0,0,0,0,0,0,0,0,0.00595138306789606,0,0,0,0,0,0,0,0,0,0,0,0,0,0,0,0,0,0,0,0,0
"k__Bacteria;p__Proteobacteria;c__Alphaproteobacteria;o__Rhodospirillales;f__Rhodospirillaceae;g__Phaeospirillum;s__fulvum",0,0,0,0,0,0,0,0,0,0,0,0,0,0,0,0,0,0,0,0,0,0,0,0,0,0,0,0,0,0,0,0,0,0,0,0,0,0,0,0,0,0,0,0,0,0,0,0,0,0,0,0,0,0,0,0,0,0,0,0,0,0,0.000541184110834506,0,0,0,0,0,0,0,0,0,0,0,0,0,0,0,0,0,0,0,0,0,0,0,0,0,0,0,0,0,0,0,0,0,0,0,0,0,0,0,0,0,0,0,0,0,0.000302907915993538,0,0,0,0,0,0,0,0,0,0,0,0,0,0,0,0,0,0,0,0,0,0,0
"k__Bacteria;p__Proteobacteria;c__Gammaproteobacteria;o__Legionellales;f__Legionellaceae;g__Legionella;__",0,0,0,0,0,0,0,0,0,0,0,0,0,0,0,0,0,0,0,0,0,0,0,0,0,0,0,0,0,0,0,0,0,0,0,0,0,0,0,0,0,0,0,0,0,0,0,0,0,0,0,0,0,0,0,0,0,0,0.000212901852246115,0,0,0,0,0,0,0,0,0,0,0,0,0,0,0,0,0,0,0,0,0,0,0,0,0,0,0,0,0,0,0,0,0,0,0,0,0,0,0,0,0,0,0,0,0,0,0,0,0,0,0,0,0,0,0,0,0,0,0,0,0,0,0,0,0,0,0,0,0,0,0,0,0
"k__Bacteria;p__Proteobacteria;c__Gammaproteobacteria;o__Alteromonadales;f__HTCC2188;g__HTCC;s__",0,0,0,0,0,0,0,0,0,0,0,0,0,0,0,0,0,0,0,0,0,0,0,0,0,0,0,0,0,0,0,0,0,0,0,0,0,0,0,0,0,0,0,0,0,0,0,0,0,0,0,0,0,0,0,0,0,0,0,0,0,0,0,0,0,0,0,0,0,0,0,0,0,0,0,0,0,0,0,0,0,0,0,0,0,0,0,0.000203686729809553,0,0,0,0,0,0,0,0,0,0,0,0,0,0,0,0,0,0,0,0,0,0,0,0,0,0,0,0,0,0,0,0,0,0,0,0,0,0,0,0,0,0,0,0
"k__Bacteria;p__Proteobacteria;c__Gammaproteobacteria;o__Alteromonadales;f__Alteromonadaceae;g__Marinimicrobium;s__",0,0,0,0,0,0,0,0,0,0,0,0,0,0,0,0,0,0,0,0,0,0,0,0,0,0,0,0,0.000462107208872458,0,0,0,0,0.000304645849200305,0,0,0,0,0,0,0,0,0,0,0,0,0,0,0,0,0,0,0,0,0,0,0,0,0,0,0,0,0,0,0,0,0,0,0,0,0,0,0,0,0,0,0,0,0,0,0,0,0,0,0,0,0,0,0,0,0,0,0,0,0,0,0,0,0,0,0,0,0,0,0,0,0,0,0,0,0,0,0,0,0,0,0,0,0,0,0,0,0,0,0,0,0,0,0,0,0,0
"k__Bacteria;p__Firmicutes;c__Clostridia;o__Clostridiales;f__Veillonellaceae;g__Selenomonas;s__",0,0,0,0,0,0,0,0,0,0,0,0,0,0,0,0,0,0,0,0,0,0,0,0,0,0,0,0,0,0,0,0,0,0,0,0,0,0,0,0,0,0,0,0,0,0,0,0,0,0,0,0,0,0,0,0,0,0,0,0,0,0,0,0,0,0,0.000728066982162359,0,0,0,0,0,0,0,0,0,0,0,0.001230012300123,0,0,0,0,0,0,0,0,0,0,0,0,0,0,0,0,0,0,0,0,0,0,0,0,0,0,0,0,0,0,0,0,0,0,0,0,0,0,0,0,0,0,0,0,0,0,0,0,0,0,0,0,0
"k__Bacteria;p__Firmicutes;c__Clostridia;o__Clostridiales;f__Peptococcaceae;g__;s__",0,0,0,0,0,0,0,0,0,0,0,0,0,0,0,0,0,0,0,0,0,0,0,0,0,0,0,0,0,0,0,0,0,0,0,0,0,0,0,0,0,0,0,0,0,0,0,0,0,0,0,0,0,0,0,0,0,0,0,0,0,0,0,0,0,0,0,0,0,0,0,0,0,0,0,0,0,0,0,0,0,0,0,0,0,0,0,0.000203686729809553,0,0,0,0,0,0,0,0,0,0,0,0,0,0,0,0,0,0,0,0,0,0,0,0,0,0,0,0,0,0,0,0,0,0,0,0,0,0,0,0,0,0,0,0
"k__Bacteria;p__Firmicutes;c__Clostridia;o__Clostridiales;f__Veillonellaceae;g__Selenomonas;s__noxia",0,0,0,0,0,0,0,0,0,0,0,0,0,0,0,0,0,0,0,0,0,0,0,0,0,0,0,0,0,0,0,0,0,0,0,0,0,0,0,0,0,0,0,0,0,0,0,0,0,0,0,0,0,0,0,0,0,0,0,0,0,0,0,0,0,0,0.00424705739594709,0,0,0,0,0,0,0,0,0,0,0,0,0,0,0,0,0,0,0,0,0,0,0,0,0,0,0,0,0,0,0,0,0,0,0,0,0,0,0,0,0,0,0,0,0,0,0,0,0,0,0,0,0,0,0,0,0,0,0,0,0,0,0,0,0
"k__Bacteria;p__Actinobacteria;c__Actinobacteria;o__Actinomycetales;f__Pseudonocardiaceae;g__Actinomycetospora;__",0,0,0,0,0,0,0,0,0,0,0,0,0,0,0,0,0,0,0,0,0,0,0,0,0,0,0,0.00387858347386172,0,0,0,0,0,0,0,0,0,0,0,0,0,0,0,0,0,0,0,0,0,0,0,0,0,0,0,0,0,0,0,0,0,0,0,0,0,0,0,0,0,0,0,0,0,0,0,0,0,0,0,0,0,0,0,0,0,0,0,0,0,0,0,0,0,0,0,0,0,0,0,0,0,0,0,0,0,0,0,0,0,0,0,0,0,0,0,0,0,0,0,0,0,0,0,0,0,0,0,0,0,0,0,0
"k__Bacteria;p__Acidobacteria;c__Acidobacteria-6;o__iii1-15;f__;g__;s__",0,0,0,0,0,0,0,0,0,0,0,0,0,0,0,0,0,0,0,0,0,0,0,0,0,0,0,0,0,0,0,0,0,0,0,0,0,0,0,0,0,0,0,0,0,0,0,0,0,0,0,0,0,0,0,0,0,0,0,0,0,0,0,0,0,0,0.00030336124256765,0,0,0,0,0,0,0,0,0,0,0,0,0,0,0,0,0,0,0,0,0,0,0,0,0,0,0,0,0,0,0,0,0,0,0,0,0,0,0,0,0,0,0,0,0,0.000311494133527152,0,0,0,0,0,0,0,0,0,0,0,0,0,0,0,0,0,0,0
"k__Bacteria;p__Acidobacteria;c__Acidobacteriia;o__Acidobacteriales;f__Acidobacteriaceae;g__;s__",0,0,0,0,0,0,0,0,0,0,0,0,0,0,0,0,0,0,0,0,0,0,0,0,0,0,0,0.000505902192242833,0,0,0,0,0,0,0,0,0,0,0,0,0,0,0,0,0,0,0,0,0,0,0,0,0,0,0,0,0,0,0,0,0,0,0,0,0,0,0,0,0,0,0,0,0,0,0,0,0,0,0,0,0,0,0,0,0,0,0,0,0,0,0,0,0,0,0,0,0,0,0,0,0,0,0,0,0,0,0,0,0,0,0,0,0,0,0,0,0,0,0,0,0,0,0,0,0,0,0,0,0,0,0,0
"k__Bacteria;p__Proteobacteria;c__Betaproteobacteria;o__Neisseriales;f__Neisseriaceae;g__Neisseria;__",0,0,0,0,0,0,0,0,0,0,0,0,0,0,0,0,0,0,0,0,0,0,0,0,0,0,0,0,0,0,0,0,0,0,0,0,0,0,0,0,0,0,0,0,0,0,0,0,0,0,0,0,0,0,0,0,0,0,0,0,0,0,0,0,0,0,0.00309428467419003,0,0,0,0,0,0,0,0,0,0,0,0,0,0,0,0,0,0,0,0,0,0,0,0,0,0,0,0,0,0,0,0,0,0,0,0,0,0,0,0,0,0,0,0,0,0,0,0,0,0,0,0,0,0,0,0,0,0,0,0,0,0,0,0,0
"k__Bacteria;p__Proteobacteria;c__Betaproteobacteria;o__MND1;f__;g__;s__",0,0,0,0,0,0,0,0,0,0,0,0,0,0,0,0,0.000219563069491711,0,0,0,0,0,0,0,0,0,0,0,0,0,0,0,0,0,0,0,0,0,0,0,0,0,0,0,0,0,0,0,0,0,0,0,0,0,0,0,0,0,0,0,0,0,0,0,0,0,0,0,0,0,0,0,0,0,0,0,0,0,0,0,0,0,0,0,0,0,0,0.000203686729809553,0,0,0,0,0,0,0,0,0,0,0,0,0,0,0,0,0,0,0,0,0,0,0,0,0,0,0,0,0,0,0,0,0,0,0,0,0,0,0,0,0,0,0,0
"k__Bacteria;p__Proteobacteria;c__Epsilonproteobacteria;o__Campylobacterales;f__Helicobacteraceae;g__Helicobacter;__",0,0,0,0,0,0,0,0,0,0,0,0,0,0,0,0,0,0,0,0,0,0,0,0,0,0,0,0,0,0,0,0,0,0,0,0,0,0,0,0,0,0,0,0,0.000165180046250413,0,0.000647968156993428,0,0,0,0,0,0,0,0,0,0,0,0,0,0,0,0,0,0,0,0,0,0,0,0,0,0,0,0,0,0,0,0,0,0,0,0,0,0,0,0,0,0,0,0,0,0,0,0,0,0,0,0,0,0,0,0,0,0,0,0,0,0,0,0,0,0,0,0,0,0,0,0,0,0,0.000628387400832613,0,0,0,0,0,0,0,0,0,0
"k__Bacteria;p__Firmicutes;c__Bacilli;o__Lactobacillales;f__Lactobacillaceae;g__Lactobacillus;s__manihotivorans",0,0,0,0,0,0,0,0,0,0,0,0,0,0,0,0,0,0,0,0,0,0,0,0,0,0,0,0,0,0,0,0,0,0,0,0,0,0,0,0,0,0,0,0,0,0,0,0,0,0,0,0,0,0,0,0,0,0,0,0,0,0,0,0,0,0,0,0,0,0,0,0,0,0,0,0,0,0,0,0,0,0,0,0,0,0,0,0,0,0,0,0,0,0,0,0,0,0,0,0,0,0,0,0,0,0,0,0,0,0,0,0,0,0,0,0,0,0,0.00667386397094906,0,0,0,0,0,0,0,0,0,0,0,0,0
"k__Bacteria;p__Verrucomicrobia;c__Opitutae;o__Opitutales;f__Opitutaceae;g__Opitutus;s__",0,0,0,0,0,0,0,0,0,0,0,0,0,0,0,0,0,0,0,0,0,0,0,0,0,0,0,0,0,0,0,0,0,0,0,0,0,0,0,0,0,0,0,0,0,0,0,0,0,0,0,0,0,0,0,0,0,0,0,0,0,0,0,0,0,0,0.00018201674554059,0,0,0,0,0,0,0,0,0,0,0,0,0,0,0,0,0,0,0,0,0,0,0,0,0,0,0,0,0,0,0,0,0,0,0,0,0,0,0,0,0,0,0,0,0,0,0,0,0,0,0,0,0,0,0,0,0,0,0,0,0,0,0,0,0
"k__Bacteria;p__Verrucomicrobia;c__[Methylacidiphilae];o__Methylacidiphilales;f__;g__;s__",0,0,0,0,0,0,0,0,0,0,0,0,0,0,0,0,0,0,0,0,0,0,0,0,0,0,0,0,0,0,0,0,0,0,0,0,0,0,0,0,0,0,0.000326193323909971,0,0,0,0,0,0,0,0,0,0,0,0,0,0,0,0,0,0,0,0,0,0,0,0,0,0,0,0,0,0,0,0,0,0,0,0,0,0,0,0,0,0,0,0,0,0,0,0,0,0,0,0,0,0,0,0,0,0,0,0,0,0,0,0,0,0,0,0,0,0,0,0,0,0,0,0,0,0,0,0,0,0,0,0,0,0,0,0,0
"k__Bacteria;p__Bacteroidetes;c__Bacteroidia;o__Bacteroidales;f__[Paraprevotellaceae];g__[Prevotella];s__tannerae",0,0,0,0,0,0,0,0,0,0,0,0,0,0,0,0,0,0,0,0,0,0,0,0,0,0,0,0,0,0,0,0,0,0,0,0,0,0,0,0,0,0,0,0,0,0,0,0,0,0,0,0,0,0,0,0,0,0,0,0,0,0,0,0,0,0,0.00030336124256765,0,0,0,0,0,0,0,0,0,0,0,0,0,0,0,0,0,0,0,0,0,0,0,0,0,0,0,0,0,0,0,0,0,0,0,0,0,0,0,0,0,0,0,0,0,0,0,0,0,0,0,0,0,0,0,0,0,0,0,0,0,0,0,0,0
"k__Bacteria;p__Actinobacteria;c__Actinobacteria;o__Bifidobacteriales;f__Bifidobacteriaceae;g__Alloscardovia;s__",0,0,0,0,0,0,0,0,0,0,0,0,0,0,0,0,0,0,0,0,0,0,0,0,0,0,0,0,0,0,0,0,0,0,0,0,0,0,0,0,0,0,0,0,0,0,0,0,0,0,0,0,0,0,0,0,0,0,0,0,0,0,0,0,0.00207379244793917,0,0,0,0,0,0,0,0,0,0,0,0,0,0,0,0,0,0,0,0,0,0,0,0,0,0,0,0,0,0,0,0,0,0,0,0,0,0,0,0,0,0,0,0,0,0,0,0,0,0,0,0,0,0,0,0,0,0,0,0,0,0,0,0,0,0,0
"k__Bacteria;p__Proteobacteria;c__Alphaproteobacteria;o__Rhizobiales;f__Rhizobiaceae;g__Rhizobium;__",0,0,0,0,0,0,0,0,0,0,0,0,0,0,0,0,0,0,0,0,0,0,0,0,0,0,0,0,0,0,0,0,0,0,0,0,0,0,0,0,0,0,0,0,0,0,0,0,0,0,0,0,0,0,0,0,0,0,0,0,0,0,0,0,0,0,0,0,0,0,0,0,0,0,0,0,0,0,0,0,0,0,0,0,0,0,0,0,0,0,0,0,0,0,0,0,0,0,0,0,0,0.000437764482708303,0,0,0,0,0,0,0,0,0,0,0,0,0,0,0,0,0,0,0,0,0,0,0,0,0,0,0,0,0,0
"k__Bacteria;p__Proteobacteria;c__Gammaproteobacteria;o__Xanthomonadales;f__Xanthomonadaceae;g__Lysobacter;s__",0,0,0,0,0,0,0,0,0,0,0,0,0,0,0,0,0,0,0,0,0,0,0,0,0,0,0,0.000421585160202361,0,0,0,0,0,0,0,0,0,0,0,0,0,0,0,0,0,0,0,0,0,0,0,0,0,0,0,0,0,0,0,0,0,0,0,0,0,0,0,0,0,0,0,0,0,0,0,0,0,0,0,0,0,0,0,0,0,0,0,0,0,0,0,0,0,0,0,0,0,0,0,0,0,0,0,0,0,0,0,0,0,0,0,0,0,0,0,0,0,0,0,0,0,0,0,0,0,0,0,0,0,0,0,0
"k__Bacteria;p__Actinobacteria;c__Actinobacteria;o__Actinomycetales;f__Nocardioidaceae;__;__",0,0,0,0,0,0,0,0,0,0,0,0,0,0,0,0,0,0,0,0,0,0,0,0,0,0,0,0.00101180438448567,0,0.0027304499781564,0,0,0,0,0,0,0,0,0,0,0,0,0,0,0,0,0,0,0,0,0,0,0,0,0,0,0,0,0,0,0,0,0,0,0,0,0,0,0,0,0,0,0,0,0,0,0,0,0,0,0,0,0,0,0,0,0,0,0,0,0,0,0,0,0,0,0,0,0,0,0,0,0,0,0,0,0,0,0,0,0,0,0,0,0,0,0,0,0,0,0,0,0,0,0,0,0,0,0,0,0,0
"k__Bacteria;p__Proteobacteria;c__Gammaproteobacteria;o__Pseudomonadales;f__Moraxellaceae;g__Acinetobacter;__",0,0,0,0,0,0,0,0,0,0,0,0,0,0,0,0,0,0,0,0,0,0,0,0,0,0,0,0,0.00207948243992606,0,0.0018348623853211,0,0,0,0,0,0.00144146878082088,0,0,0,0,0,0,0,0,0,0,0,0,0,0,0,0,0,0,0,0,0,0,0,0,0,0,0,0,0,0,0,0,0,0,0,0,0,0,0,0,0,0,0,0,0,0,0,0,0,0,0,0,0,0,0,0,0,0,0,0,0,0,0,0,0,0,0,0,0,0,0,0,0,0.00134115674769489,0,0,0,0,0,0,0,0,0,0,0,0,0,0,0,0,0,0,0,0,0
"k__Bacteria;p__Firmicutes;c__Clostridia;o__Clostridiales;f__Veillonellaceae;g__Schwartzia;s__",0,0,0,0,0,0,0,0,0,0,0,0,0,0,0,0,0,0,0,0,0,0,0,0,0,0,0,0,0,0,0,0,0,0,0,0,0,0,0,0,0,0,0,0,0,0,0,0,0,0,0,0,0,0,0,0,0,0,0,0,0,0,0,0,0,0,0.000606722485135299,0,0,0,0,0,0,0,0,0,0,0,0,0,0,0,0,0,0,0,0,0,0,0,0,0,0,0,0,0,0,0,0,0,0,0,0,0,0,0,0,0,0,0,0,0,0,0,0,0,0,0,0,0,0,0,0,0,0,0,0,0,0,0,0,0
"k__Bacteria;p__Proteobacteria;c__Alphaproteobacteria;o__Caulobacterales;f__Caulobacteraceae;g__Caulobacter;__",0,0,0,0,0,0,0,0,0,0,0,0,0,0,0,0,0,0,0,0,0,0,0,0,0,0,0,0,0,0,0,0,0,0,0,0,0,0,0,0,0,0,0,0,0,0,0,0,0,0,0,0,0,0,0,0,0,0,0,0,0,0,0,0,0,0,0,0,0,0,0,0,0,0,0,0,0,0,0,0,0,0,0,0,0,0,0,0,0,0,0,0,0,0,0,0,0,0,0,0,0,0,0,0,0,0,0,0,0,0,0,0,0,0,0,0,0,0,0,0,0.00553398860163542,0,0,0,0,0,0,0,0,0,0,0
"k__Bacteria;p__Proteobacteria;c__Betaproteobacteria;o__Burkholderiales;f__Comamonadaceae;g__Pelomonas;__",0,0,0,0,0,0,0,0,0,0,0,0,0,0,0,0,0,0,0,0,0,0,0,0,0,0,0,0,0,0,0,0,0,0,0,0,0,0,0,0,0,0,0,0,0,0,0,0,0,0,0,0,0,0,0,0,0,0,0,0,0,0,0,0,0,0,0,0,0,0,0,0,0,0,0,0,0,0,0,0,0,0,0,0,0,0,0,0,0,0,0,0,0,0,0,0,0.00135636133465955,0,0,0,0,0,0,0,0,0,0,0,0,0,0,0,0,0,0,0,0,0.00344291426032874,0,0,0,0,0,0,0,0,0,0,0,0,0,0
"k__Bacteria;p__Proteobacteria;c__Betaproteobacteria;o__Neisseriales;f__Neisseriaceae;g__Neisseria;s__",0,0,0,0.00101737361089372,0,0,0,0,0,0,0,0,0,0,0,0,0,0,0,0,0,0,0,0,0,0,0,0,0,0,0,0,0,0,0,0,0,0,0,0,0,0,0,0,0,0,0,0,0,0,0,0,0,0,0,0,0,0,0,0,0,0,0,0,0,0,0,0,0,0,0,0,0,0,0,0,0,0,0,0,0,0,0,0,0,0,0,0,0,0,0,0,0,0,0,0,0,0,0,0,0,0,0,0,0,0,0,0,0,0,0.000586756077116513,0,0,0,0,0,0,0,0,0,0,0,0,0,0,0,0,0,0,0,0,0
"k__Bacteria;p__Firmicutes;c__Bacilli;o__Lactobacillales;f__Leuconostocaceae;g__Weissella;s__viridescens",0,0,0,0,0,0,0,0,0,0,0,0,0,0,0,0,0,0,0,0,0,0,0,0,0,0,0,0,0,0,0,0,0,0,0,0,0,0,0,0,0,0,0,0,0,0,0,0,0,0,0,0,0,0,0,0,0,0,0,0,0,0,0,0,0,0,0.00254823443756826,0,0,0,0,0,0,0,0,0,0,0,0,0,0,0,0,0,0,0,0,0,0,0,0,0,0,0,0,0,0,0,0,0,0,0,0,0,0,0,0,0,0,0,0,0,0,0,0,0,0,0,0,0,0,0,0,0,0,0,0,0,0,0,0,0
"k__Bacteria;p__Firmicutes;c__Bacilli;o__Lactobacillales;f__Lactobacillaceae;g__Lactobacillus;s__iners",0,0,0,0,0,0,0,0,0,0,0,0,0,0,0,0,0,0,0,0,0,0,0,0,0,0,0,0,0,0,0,0,0,0,0,0,0,0,0,0,0,0,0,0,0,0,0,0,0,0,0,0,0,0,0,0,0,0,0,0,0,0,0,0,0,0,0.000364033491081179,0,0,0,0,0,0,0,0,0,0,0,0,0,0,0,0,0,0,0,0,0,0,0,0,0,0,0,0,0,0,0,0,0,0,0,0,0,0,0,0,0,0,0,0,0,0,0,0,0,0,0,0,0,0,0,0,0,0,0,0,0,0,0,0,0
"k__Bacteria;p__Firmicutes;c__Bacilli;o__Bacillales;f__Planococcaceae;__;__",0,0,0,0,0,0,0,0,0,0,0,0,0,0,0,0,0,0,0,0,0,0,0,0,0,0,0,0,0,0,0,0,0,0.000456968773800457,0,0,0,0,0,0,0,0,0,0,0,0,0,0,0,0,0,0,0,0,0,0,0,0,0,0,0,0,0,0,0,0,0,0,0,0,0,0,0,0,0,0,0,0,0,0,0,0,0,0,0,0,0,0,0,0,0,0,0,0,0,0,0,0,0,0,0,0,0,0,0,0,0,0,0,0,0,0,0,0,0,0,0,0,0,0,0,0,0,0,0,0,0,0,0,0,0,0
"k__Bacteria;p__Firmicutes;c__Bacilli;o__Lactobacillales;f__Aerococcaceae;g__Abiotrophia;s__defectiva",0,0,0,0,0,0,0,0,0,0,0,0,0,0,0,0,0,0,0,0,0,0,0,0,0,0,0,0,0,0,0,0,0,0,0,0,0,0,0,0,0,0,0,0,0,0,0,0,0,0,0,0,0,0,0,0,0,0,0,0,0,0,0,0,0,0,0.00012134449702706,0,0,0,0,0,0,0,0,0,0,0,0,0,0,0,0,0,0,0,0,0,0,0,0,0,0,0,0,0,0,0,0,0,0,0,0,0,0,0,0,0,0,0,0,0,0,0,0,0,0,0,0,0,0,0,0,0,0,0,0,0,0,0,0,0
"k__Bacteria;p__Planctomycetes;c__Planctomycetia;o__Pirellulales;f__Pirellulaceae;g__Pirellula;s__",0,0,0,0,0,0,0,0,0,0,0,0,0,0,0,0,0,0,0,0,0,0,0,0,0,0,0,0,0,0,0,0,0,0.000228484386900228,0,0,0,0,0,0,0,0,0,0,0,0,0,0,0,0,0,0,0,0,0,0,0,0,0,0,0,0,0,0,0,0,0,0,0,0,0,0,0,0,0,0,0,0,0,0,0,0,0,0,0,0,0,0,0,0,0,0,0,0,0,0,0,0,0,0,0,0,0,0,0,0,0,0,0,0,0,0,0,0,0,0,0,0,0,0,0,0,0,0,0,0,0,0,0,0,0,0
"k__Bacteria;p__Verrucomicrobia;c__[Pedosphaerae];o__[Pedosphaerales];f__Ellin515;g__;s__",0,0,0,0,0,0,0,0,0,0,0,0,0,0,0,0,0,0,0,0,0,0,0,0,0,0,0,0,0,0,0,0,0,0,0,0,0,0,0,0,0,0,0,0,0,0,0,0,0,0,0,0,0,0,0,0,0.000359324469996407,0,0,0,0,0,0,0,0,0,0,0,0,0,0,0,0,0,0,0,0,0,0,0,0,0,0,0,0,0,0,0,0,0,0,0,0,0,0,0,0,0,0,0,0,0,0,0,0,0,0,0,0,0,0,0,0,0,0,0,0,0,0,0,0,0,0,0,0,0,0,0,0,0,0,0
"k__Bacteria;p__Bacteroidetes;c__Flavobacteriia;o__Flavobacteriales;f__Flavobacteriaceae;g__Flavobacterium;s__",0,0.000191754554170662,0,0,0,0,0,0,0,0,0,0,0,0,0,0,0,0,0,0,0,0,0,0,0,0,0,0,0,0,0,0,0,0,0,0,0,0,0,0,0,0,0,0,0,0,0,0,0,0,0,0,0,0,0,0,0,0,0,0,0,0,0,0,0,0,0,0,0,0,0,0,0,0,0,0,0,0,0,0,0,0,0,0,0,0,0,0,0,0,0,0,0,0,0,0,0,0,0,0,0,0,0,0,0,0,0,0,0,0,0,0,0,0,0,0,0,0,0,0,0,0,0,0,0,0,0,0,0,0,0,0
"k__Bacteria;p__Bacteroidetes;c__Bacteroidia;o__Bacteroidales;f__Bacteroidaceae;g__Bacteroides;s__eggerthii",0,0,0,0,0,0,0,0,0,0,0,0,0,0.00380198634388579,0,0,0,0,0,0,0,0,0,0,0,0,0,0,0,0,0,0,0,0,0,0,0,0,0,0,0,0,0,0,0,0,0,0,0,0,0,0,0,0,0,0,0,0,0,0,0,0,0,0,0,0,0,0,0,0.000881920627143557,0,0,0,0,0,0,0,0.010221592180855,0,0,0,0,0,0,0,0,0,0,0,0,0,0,0,0,0,0,0,0,0,0,0,0,0,0,0,0,0,0,0,0,0,0,0,0,0,0,0,0,0,0,0,0,0,0,0,0,0,0,0,0,0,0
"k__Bacteria;p__Proteobacteria;c__Gammaproteobacteria;o__Enterobacteriales;f__Enterobacteriaceae;g__;s__",0,0,0,0,0,0,0,0,0,0,0,0,0,0,0,0,0,0,0,0,0,0,0,0,0,0,0,0,0,0,0,0,0,0,0,0,0,0,0,0,0,0.00176600441501104,0,0,0,0,0,0,0,0,0,0,0,0,0,0,0,0,0,0,0,0,0,0,0,0,0,0,0,0,0,0,0,0,0,0,0,0,0,0,0,0,0,0,0,0,0,0,0,0,0,0,0,0,0,0,0,0,0,0,0,0,0,0,0,0,0,0,0,0,0,0,0,0,0,0,0,0,0,0,0,0,0,0,0,0,0,0,0,0,0,0
"k__Bacteria;p__Actinobacteria;c__Actinobacteria;o__Actinomycetales;f__Corynebacteriaceae;g__Corynebacterium;s__variabile",0,0,0,0,0,0,0,0,0,0,0,0,0,0,0,0,0,0,0,0,0,0,0,0,0,0,0,0,0,0,0,0,0,0,0,0,0,0,0,0,0,0,0,0,0,0.00156265260279324,0,0,0,0,0,0,0,0,0,0,0,0,0,0,0,0,0,0,0,0,0,0,0,0,0,0,0,0,0,0,0,0,0,0,0,0,0,0,0,0,0,0,0,0,0,0,0,0,0,0,0,0,0,0,0,0,0,0,0,0,0,0,0,0,0,0,0,0,0,0,0,0,0,0,0,0,0,0,0,0,0,0,0,0,0,0
"k__Bacteria;p__Firmicutes;c__Clostridia;o__Clostridiales;f__[Tissierellaceae];g__Finegoldia;s__",0,0,0,0,0,0,0,0,0,0,0,0,0,0,0,0,0,0,0,0,0,0,0,0,0,0,0,0,0,0,0,0,0,0,0,0,0,0,0,0,0,0,0,0,0,0,0,0,0,0,0,0,0,0,0,0,0,0,0,0,0,0,0,0,0,0,0,0,0,0,0,0,0,0,0,0,0.0110573600552868,0,0,0,0,0,0.00105529759392149,0,0,0,0,0,0,0,0,0,0,0,0,0,0,0.00739697076435365,0,0,0,0,0,0,0,0,0,0,0,0,0,0,0,0,0,0,0,0,0,0,0,0,0,0,0,0,0,0,0,0,0,0
"k__Bacteria;p__Firmicutes;c__Clostridia;o__Clostridiales;f__Ruminococcaceae;g__Clostridium;s__methylpentosum",0,0,0,0.00109563311942401,0,0,0,0,0,0,0,0,0,0,0,0,0,0,0,0,0,0,0,0,0,0,0,0,0,0,0,0,0,0,0,0,0,0,0,0,0,0,0,0,0,0,0,0,0,0,0,0,0,0,0,0,0,0,0,0,0,0,0,0,0,0,0,0,0,0,0,0,0,0,0,0,0,0,0,0,0,0,0,0,0,0,0,0,0,0,0,0,0,0,0,0,0,0,0,0,0,0,0,0,0,0,0,0,0,0,0,0,0,0,0,0,0,0,0,0,0,0,0,0,0,0,0,0,0,0,0,0
"k__Bacteria;p__Firmicutes;c__Clostridia;o__Clostridiales;f__Lachnospiraceae;g__Lachnobacterium;s__",0,0,0,0,0,0,0,0,0,0,0,0,0,0,0,0,0,0,0,0,0,0,0,0,0,0,0,0,0,0,0,0,0,0,0,0,0,0,0,0,0,0,0.00119604218766989,0,0,0,0,0,0,0,0,0,0,0,0,0,0,0,0.0161805407707047,0,0,0,0,0,0,0,0,0,0.0112787926926132,0,0,0,0,0,0,0,0,0,0,0,0,0,0,0,0,0,0,0,0,0,0,0,0,0,0,0,0,0,0,0,0,0,0,0,0,0,0,0,0,0,0,0,0,0,0,0,0,0,0,0,0,0,0,0,0,0,0,0,0,0,0,0
"k__Bacteria;p__Actinobacteria;c__Actinobacteria;o__Actinomycetales;f__Pseudonocardiaceae;g__Jiangella;s__",0,0,0,0,0,0,0,0,0,0,0,0,0,0,0,0,0,0,0.000352526439482961,0,0,0,0,0,0,0,0,0,0,0,0,0,0,0,0,0,0,0,0,0,0,0,0,0,0,0,0,0,0,0,0,0,0,0,0,0,0,0,0,0,0,0,0,0,0,0,0,0,0,0,0,0,0,0,0,0,0,0,0,0,0,0,0,0,0,0,0,0,0,0,0,0,0,0,0,0,0,0,0,0,0,0,0,0,0,0,0,0,0,0,0,0,0,0,0,0,0,0,0,0,0,0,0,0,0,0,0,0,0,0,0,0
"k__Bacteria;p__Firmicutes;c__Clostridia;o__Clostridiales;f__Eubacteriaceae;g__Pseudoramibacter_Eubacterium;s__",0,0,0,0,0,0,0,0,0,0,0,0,0,0,0,0,0,0,0,0,0,0,0,0,0,0,0,0,0,0,0,0,0,0,0,0,0,0,0,0,0,0,0.000326193323909971,0,0,0,0,0,0,0,0,0,0,0,0,0,0,0,0,0,0,0,0,0,0,0,0,0,0,0,0,0,0,0,0,0,0,0,0,0,0,0,0,0,0,0,0,0,0,0,0,0,0,0,0,0,0,0,0,0,0,0,0,0,0,0,0,0,0,0,0,0,0,0,0,0,0,0.00610839626832519,0,0,0,0,0,0,0,0,0,0,0,0,0,0
"k__Bacteria;p__Proteobacteria;c__Deltaproteobacteria;o__Myxococcales;f__Haliangiaceae;g__Haliangium;s__",0,0,0,0,0,0,0,0,0,0,0,0,0,0,0,0,0,0,0,0,0,0,0,0,0,0,0,0,0,0,0,0.000600660726799479,0,0,0,0,0,0,0,0,0,0,0,0,0,0,0,0,0,0,0,0,0,0,0,0,0,0,0,0,0,0,0,0,0,0,0,0,0,0,0,0,0,0,0,0,0,0,0,0,0,0,0,0,0,0,0,0,0,0,0,0,0,0,0,0,0,0,0,0,0,0,0,0,0,0,0,0,0,0,0.000335289186923722,0,0,0,0,0,0,0,0,0,0,0,0,0,0,0,0,0,0,0,0,0
"k__Bacteria;p__Proteobacteria;c__Gammaproteobacteria;o__Pseudomonadales;f__Pseudomonadaceae;__;__",0,0,0,0,0,0,0,0,0,0,0,0,0,0,0,0,0,0,0,0,0,0,0,0,0,0,0,0,0,0,0,0,0,0,0,0,0,0,0,0,0,0,0.00010873110796999,0,0,0,0,0,0,0,0,0,0,0,0,0,0,0,0,0,0,0,0,0,0,0,0,0,0,0,0,0,0,0,0,0,0,0,0,0,0,0,0,0,0,0,0,0,0,0,0,0,0,0,0,0,0,0,0,0,0,0,0,0,0,0,0,0,0,0,0,0,0,0,0,0,0,0,0,0,0,0,0,0,0,0,0,0,0,0,0,0
"k__Bacteria;p__Proteobacteria;c__Gammaproteobacteria;o__Xanthomonadales;f__Sinobacteraceae;g__Steroidobacter;s__",0,0,0,0,0,0,0,0,0,0,0,0,0,0,0.000388777295405948,0,0,0,0,0,0,0,0,0,0,0,0,0,0,0,0,0,0,0,0,0,0,0,0,0,0,0,0,0,0,0,0,0,0,0,0,0,0,0,0,0,0,0,0,0,0,0,0,0,0,0,0,0,0,0,0,0,0,0,0,0,0,0,0,0,0,0,0,0,0,0,0,0,0,0,0,0,0,0,0,0,0,0,0,0,0,0,0,0,0,0,0,0,0,0,0,0,0,0,0,0,0,0,0,0,0,0,0,0,0,0,0,0,0,0,0,0
"k__Bacteria;p__Proteobacteria;c__Alphaproteobacteria;o__Rhodospirillales;f__Acetobacteraceae;g__;s__",0,0,0,0,0,0,0,0,0,0,0,0,0,0,0,0,0,0,0,0,0,0,0,0,0,0,0,0.000505902192242833,0,0,0,0,0,0,0,0,0,0,0,0,0,0,0,0,0,0,0,0,0,0,0,0,0,0,0,0,0,0,0,0,0,0,0,0,0,0,0,0,0,0,0,0,0,0,0,0,0,0,0,0,0,0,0,0,0,0,0,0,0,0,0,0,0,0,0,0,0,0,0,0,0,0,0,0,0,0,0,0,0,0,0,0,0,0,0,0,0,0,0,0,0,0,0,0,0,0,0,0,0,0,0,0
"k__Bacteria;p__Proteobacteria;c__Alphaproteobacteria;o__Rhizobiales;f__Methylobacteriaceae;__;__",0,0,0,0,0,0,0,0,0,0,0,0,0,0,0,0,0,0,0,0,0,0,0,0,0,0,0,0,0,0,0,0,0,0,0,0,0,0,0,0,0,0,0,0,0,0,0,0,0,0,0,0,0,0,0,0,0,0,0,0,0,0,0,0,0,0,0,0,0,0,0,0,0,0,0,0,0,0,0,0,0,0,0,0,0,0,0,0,0,0,0,0,0,0,0,0,0.00135636133465955,0,0,0,0,0,0,0,0,0,0,0,0,0,0,0,0,0,0,0,0,0,0,0,0,0,0,0,0,0,0,0,0,0,0,0
"k__Bacteria;p__Proteobacteria;c__Gammaproteobacteria;o__34P16;f__;g__;s__",0,0,0,0,0,0,0,0,0,0,0,0,0,0,0,0.000171394292570057,0,0,0,0,0,0,0,0,0,0,0,0,0,0,0,0,0,0,0,0,0,0,0,0,0,0,0,0,0,0,0,0,0,0,0,0,0,0,0,0,0,0,0,0,0,0,0,0,0,0,0,0,0,0,0,0,0,0,0,0,0,0,0,0,0,0,0,0,0,0,0,0,0,0,0,0,0,0,0,0,0,0,0,0,0,0,0,0,0,0,0,0,0,0,0,0,0,0,0,0,0,0,0,0,0,0,0,0,0,0,0,0,0,0,0,0
"k__Bacteria;p__Proteobacteria;c__Gammaproteobacteria;o__Xanthomonadales;f__Xanthomonadaceae;g__Lysobacter;s__yangpyeongensis",0,0,0,0,0,0,0,0,0,0,0,0,0,0.000387957790192427,0,0,0,0,0,0,0,0,0,0,0,0,0,0,0,0,0,0,0,0,0,0,0,0,0,0,0,0,0,0,0,0,0,0,0,0,0,0,0,0,0,0,0,0,0,0,0,0,0,0,0,0,0,0,0,0,0,0,0,0,0,0,0,0,0,0,0,0,0,0,0,0,0,0,0,0,0,0,0,0,0,0,0,0,0,0,0,0,0,0,0,0,0,0,0,0,0,0,0,0,0,0,0,0,0,0,0,0,0,0,0,0,0,0,0,0,0,0
"k__Bacteria;p__Proteobacteria;c__Gammaproteobacteria;o__Alteromonadales;__;__;__",0,0,0,0,0,0,0,0,0,0,0,0,0,0,0,0,0,0,0,0,0,0,0,0,0,0,0,0,0,0,0,0,0,0,0,0,0,0,0,0,0,0,0.00010873110796999,0,0,0,0,0,0,0,0,0,0,0,0,0,0,0,0,0,0,0,0,0,0,0,0,0,0,0,0,0,0,0,0,0,0,0,0,0,0,0,0,0,0,0,0,0,0,0,0,0,0,0,0,0,0,0,0,0,0,0,0,0,0,0,0,0,0,0,0,0,0,0,0,0,0,0,0,0,0,0,0,0,0,0,0,0,0,0,0,0
"k__Bacteria;p__Synergistetes;c__Synergistia;o__Synergistales;f__Dethiosulfovibrionaceae;g__TG5;s__",0,0,0,0,0,0,0,0,0,0,0,0,0,0,0,0,0,0,0,0,0,0,0,0,0,0,0,0,0,0,0,0,0,0,0,0,0,0,0,0,0,0,0,0,0,0,0,0,0,0,0,0,0,0,0,0,0,0,0,0,0,0,0,0,0,0,0,0,0,0,0,0,0,0,0,0,0,0,0,0,0,0,0,0,0,0,0,0,0,0,0,0,0,0,0,0,0,0,0,0,0,0,0,0,0,0,0,0,0,0,0.00293378038558256,0,0,0,0,0,0,0,0,0,0,0,0,0,0,0,0,0,0,0,0,0
"k__Bacteria;p__Proteobacteria;c__Alphaproteobacteria;o__Rhodospirillales;f__Acetobacteraceae;__;__",0,0,0,0,0,0,0,0,0,0,0,0,0,0,0,0,0,0,0,0,0,0,0,0,0,0,0,0,0,0,0,0,0,0,0,0,0,0,0,0,0,0,0,0,0,0,0,0,0,0,0,0,0,0,0,0,0,0,0,0,0,0,0,0,0,0,0,0,0,0,0,0,0,0,0,0,0,0,0,0,0,0,0,0,0,0,0,0,0,0,0,0,0,0,0,0,0.00217017813545529,0,0,0,0,0,0,0,0,0,0,0,0,0,0,0,0,0,0,0,0,0,0,0,0,0,0,0,0,0,0,0,0,0,0,0
"k__Bacteria;p__Synergistetes;c__Synergistia;o__Synergistales;f__Synergistaceae;g__Cloacibacillus;s__",0,0,0,0.00125215213648458,0,0,0,0,0,0,0,0,0,0,0,0,0,0,0,0,0,0,0,0,0,0,0,0,0,0,0,0,0,0,0,0,0,0,0,0,0,0,0,0,0,0,0,0,0,0,0,0,0,0,0,0,0,0,0,0,0,0,0,0,0,0,0,0,0,0,0,0,0,0,0,0,0,0,0,0,0,0,0,0,0,0,0,0,0,0,0,0,0,0,0,0,0,0,0,0,0,0,0,0,0,0,0,0,0,0,0,0,0,0,0,0,0,0,0,0,0,0,0,0,0,0,0,0,0,0,0,0
"k__Bacteria;p__Proteobacteria;c__Gammaproteobacteria;o__Xanthomonadales;f__Xanthomonadaceae;g__Stenotrophomonas;s__",0,0,0,0,0,0,0,0,0,0,0,0,0,0,0,0,0,0,0,0,0,0,0,0,0,0,0,0,0,0,0,0,0,0,0,0,0,0,0,0,0,0,0,0,0,0,0,0,0,0,0,0,0,0,0,0,0,0,0,0,0,0,0,0,0,0,0,0,0,0,0,0,0,0,0,0,0,0,0,0,0,0,0,0,0,0,0,0.000203686729809553,0,0,0,0,0,0,0,0,0,0,0,0,0,0,0,0,0,0,0,0,0,0,0,0,0,0,0,0,0,0,0,0,0,0,0,0,0,0,0,0,0,0,0,0
"k__Bacteria;p__Firmicutes;c__Clostridia;o__Clostridiales;f__Veillonellaceae;g__Mitsuokella;s__",0,0,0,0,0,0,0,0,0,0,0,0,0,0,0,0,0,0,0,0,0,0,0,0,0,0,0,0,0,0,0,0,0,0,0,0,0,0,0,0,0,0,0,0,0.00619425173439049,0.00683660513722043,0,0,0,0,0,0,0,0,0,0,0,0,0,0,0,0,0,0,0,0,0,0,0,0,0,0,0,0,0,0,0,0,0,0,0,0,0,0,0,0,0,0,0,0,0,0,0,0,0,0,0,0,0,0,0,0,0,0,0,0,0,0,0,0,0,0,0,0,0,0,0,0,0,0,0,0,0,0,0,0,0,0,0,0,0,0
"k__Bacteria;p__Gemmatimonadetes;c__Gemm-3;o__;f__;g__;s__",0,0,0,0,0,0,0,0,0,0,0,0,0,0,0,0,0,0,0,0,0,0,0,0,0,0,0,0,0,0,0,0,0,0,0,0,0,0,0,0,0,0,0,0,0,0,0,0,0,0,0,0,0,0,0,0,0,0,0,0,0,0,0,0,0,0,0,0,0,0,0,0,0,0,0,0,0,0,0,0,0,0,0,0,0,0,0,0,0,0,0,0,0,0,0,0.000145180023228804,0,0,0,0,0,0,0,0,0,0,0,0,0,0,0,0,0,0,0,0,0,0,0,0,0,0,0,0,0,0,0,0,0,0,0,0
"k__Bacteria;p__Actinobacteria;c__Coriobacteriia;o__Coriobacteriales;f__Coriobacteriaceae;g__Collinsella;s__stercoris",0,0,0,0,0,0,0,0,0,0,0,0,0,0,0,0,0,0,0,0,0,0,0,0,0,0,0,0,0,0,0,0,0,0,0,0,0,0,0,0,0,0,0,0,0.0160224644862901,0.0102549077058306,0,0,0,0,0,0,0,0,0,0,0,0,0,0,0,0,0,0,0,0,0,0,0,0,0,0,0,0,0,0,0,0,0,0,0,0,0,0,0,0,0,0,0,0,0,0,0,0,0,0,0,0,0,0,0,0,0,0,0,0,0,0,0,0,0,0,0,0,0,0,0,0,0,0,0,0,0,0,0,0,0,0,0,0,0,0
"k__Bacteria;p__Firmicutes;c__Clostridia;o__Clostridiales;f__Peptococcaceae;__;__",0,0,0,0,0,0,0,0,0,0,0,0,0,0,0,0,0,0,0,0,0,0,0,0,0,0,0,0,0,0,0,0,0,0,0,0,0,0,0,0,0,0,0,0,0,0,0,0,0,0,0,0,0,0,0,0,0,0,0,0,0,0,0,0,0,0,0,0,0,0,0,0,0,0,0,0,0,0,0,0,0,0,0,0,0,0,0,0,0,0,0,0,0,0,0,0,0,0,0,0,0,0,0,0,0,0,0,0,0.00100969305331179,0,0,0,0,0,0,0,0,0,0,0,0,0,0,0,0,0,0,0,0,0,0,0
"k__Bacteria;p__Actinobacteria;c__Coriobacteriia;o__Coriobacteriales;f__Coriobacteriaceae;g__Eggerthella;__",0,0,0,0,0,0,0,0,0,0,0,0,0,0,0.000194388647702974,0,0,0,0,0,0,0,0,0,0,0,0,0,0,0,0,0.00030033036339974,0,0,0,0,0,0,0,0,0,0,0,0,0,0,0,0,0,0,0,0,0,0,0,0,0,0,0,0,0,0,0,0,0,0,0,0,0,0,0,0,0,0,0,0,0,0,0,0,0,0,0,0,0,0,0,0,0,0,0,0,0,0,0,0,0,0,0,0,0,0,0,0,0,0,0,0,0,0,0,0,0,0,0,0,0,0,0,0,0,0,0,0,0,0,0,0,0,0,0,0
"k__Bacteria;p__Proteobacteria;c__Betaproteobacteria;o__Neisseriales;f__Neisseriaceae;g__;s__",0,0,0,0,0,0,0,0,0,0,0,0,0,0,0,0,0,0,0,0,0,0,0,0,0,0,0,0,0,0,0,0,0,0,0,0,0,0,0,0,0,0,0,0,0,0,0,0,0,0,0,0,0,0,0,0,0,0,0,0,0,0,0,0,0,0,0.00570319136027181,0,0,0,0,0,0,0,0,0,0,0,0,0,0,0,0,0,0,0,0,0,0,0,0,0,0,0,0,0,0,0,0,0,0,0,0,0,0,0,0,0,0,0,0,0,0,0,0,0,0,0,0,0,0,0,0,0,0,0,0,0,0,0,0,0
"k__Bacteria;p__Proteobacteria;c__Betaproteobacteria;o__Burkholderiales;f__Alcaligenaceae;__;__",0,0,0,0,0,0,0,0,0,0,0,0,0,0,0,0,0,0,0,0,0,0,0,0,0,0,0,0,0.000616142945163278,0,0,0,0,0,0,0,0,0,0,0,0,0,0,0,0,0,0,0,0,0,0,0,0,0,0,0,0,0,0,0,0,0,0,0,0,0,0,0,0,0,0,0,0,0,0,0,0,0,0,0,0,0,0,0,0,0,0,0,0,0.000282885431400283,0,0,0,0,0,0,0,0,0,0,0,0,0,0,0,0,0,0,0,0,0,0,0,0,0,0,0,0,0,0,0,0,0,0,0,0,0,0,0,0,0,0
"k__Bacteria;p__Proteobacteria;c__Alphaproteobacteria;o__Rhodobacterales;f__Hyphomonadaceae;__;__",0,0,0,0,0,0,0,0,0,0,0,0,0,0,0,0,0,0,0,0,0,0,0,0,0,0,0,0,0.0023875539125077,0,0,0,0,0,0,0,0,0,0,0,0,0,0,0,0,0,0,0,0,0,0,0,0,0,0,0,0,0,0,0,0,0,0,0,0,0,0,0,0,0,0,0,0,0,0,0,0,0,0,0,0,0,0,0,0,0,0,0,0,0,0,0,0,0,0,0,0,0,0,0,0,0,0,0,0,0,0,0,0,0,0,0,0,0,0,0,0,0,0,0,0,0,0,0,0,0,0,0,0,0,0,0
"k__Bacteria;p__Firmicutes;c__Clostridia;o__Clostridiales;f__[Mogibacteriaceae];g__Mogibacterium;s__",0,0,0,0,0,0,0,0,0,0,0,0,0,0,0,0,0,0,0,0,0,0,0,0,0,0,0,0,0,0,0,0,0,0,0,0,0,0,0,0,0,0,0,0,0,0,0,0,0,0,0,0,0,0,0,0,0,0,0,0,0,0,0,0,0,0,0,0,0,0,0,0,0.000393030263330276,0,0,0,0,0,0,0,0,0,0,0,0,0,0,0,0,0,0,0,0,0,0,0,0,0,0,0,0,0,0,0,0,0,0,0,0,0,0,0,0,0,0,0,0,0,0,0,0,0,0,0,0,0,0,0,0,0,0,0
"k__Bacteria;p__Bacteroidetes;c__Bacteroidia;o__Bacteroidales;f__Porphyromonadaceae;g__Porphyromonas;s__",0,0,0,0,0,0,0,0,0,0,0,0,0,0,0,0,0,0,0,0,0,0,0,0,0,0,0,0,0,0,0,0,0,0,0,0,0,0,0,0,0,0,0,0,0,0,0,0,0,0,0,0,0,0,0,0,0,0,0,0,0,0,0,0,0,0,0,0,0,0,0,0,0,0,0,0,0,0,0,0,0,0,0.00200506542845082,0,0,0,0,0,0,0,0,0,0,0,0,0,0,0,0,0,0,0,0,0,0,0,0,0,0,0,0,0,0,0,0,0,0,0,0,0,0,0,0,0,0,0,0,0,0,0,0,0
"k__Bacteria;p__Firmicutes;c__Clostridia;o__Clostridiales;f__Lachnospiraceae;g__Roseburia;s__faecis",0,0,0,0,0.00292705772157827,0,0,0,0,0,0,0,0,0,0,0,0,0,0,0,0,0,0,0,0,0,0,0,0,0,0,0,0,0,0,0,0,0,0,0,0,0,0,0,0,0,0,0,0,0,0,0,0,0,0,0,0,0,0,0,0,0,0,0,0,0,0,0,0,0,0,0,0,0,0,0,0,0,0,0,0,0,0.00654284508231321,0,0,0,0,0,0,0,0,0,0,0.00851542416452442,0,0,0,0,0,0,0,0,0,0,0,0,0,0,0,0,0,0,0,0,0,0,0,0,0,0,0,0,0,0,0,0,0,0,0,0,0,0
"k__Bacteria;p__;c__;o__;f__;g__;s__",0,0,0,0,0,0,0,0,0.000178874877023522,0,0,0,0,0,0,0,0,0,0,0,0,0,0,0,0,0,0,0,0,0,0,0,0,0,0,0,0,0,0,0,0,0,0,0,0,0,0,0,0,0,0,0,0,0,0,0,0,0,0,0,0,0,0,0,0,0,0,0,0,0,0,0,0,0,0,0,0,0,0,0,0,0,0,0,0,0,0,0,0,0,0,0,0,0,0,0,0,0,0,0,0,0,0,0,0,0,0,0,0,0,0,0,0,0,0,0,0,0,0,0,0,0,0,0,0,0,0,0,0,0,0,0
"k__Bacteria;p__Firmicutes;c__Clostridia;o__Clostridiales;f__[Tissierellaceae];g__Peptoniphilus;s__",0,0,0,0,0,0,0,0,0,0,0,0,0,0,0,0,0,0,0,0,0,0,0,0,0,0,0,0,0,0,0,0,0,0,0,0,0,0,0,0,0,0,0,0,0,0,0,0,0,0,0,0,0,0,0,0,0,0,0,0,0,0,0,0,0,0,0,0,0,0,0,0,0,0,0,0,0.0145127850725639,0,0,0,0,0,0,0,0,0,0,0,0,0,0,0,0,0,0,0,0,0,0,0,0,0,0,0,0,0,0,0,0,0,0,0,0,0,0,0,0,0,0,0,0,0,0,0,0,0,0,0,0,0,0,0
"k__Bacteria;p__Firmicutes;c__Clostridia;o__Clostridiales;f__[Tissierellaceae];g__WAL_1855D;s__",0,0,0,0,0,0,0,0,0,0,0,0,0,0,0,0,0,0,0,0,0,0,0,0,0,0,0,0,0,0,0,0,0,0,0,0,0,0,0,0,0,0,0,0,0,0,0,0,0,0,0,0,0,0,0,0,0,0,0,0,0,0,0,0,0,0,0,0,0,0,0,0,0,0,0,0,0.00055286800276434,0,0,0,0,0,0,0,0,0,0,0,0,0,0,0,0,0,0,0,0,0,0,0,0,0,0,0,0,0,0,0,0,0,0,0,0,0,0,0,0,0,0,0,0,0,0,0,0,0,0,0,0,0,0,0
"k__Bacteria;p__Proteobacteria;c__Betaproteobacteria;o__Burkholderiales;f__Burkholderiaceae;g__Burkholderia;s__",0,0,0,0,0,0,0,0,0,0,0,0,0,0,0,0,0,0,0,0,0,0,0,0,0,0,0,0,0,0,0,0,0,0,0,0,0,0,0,0,0,0,0,0,0,0,0,0,0,0,0,0,0,0,0,0,0,0,0,0,0,0,0,0,0,0,0,0,0,0,0,0,0.000524040351107035,0,0,0,0,0,0,0,0,0,0,0,0,0,0,0,0,0,0,0,0,0,0,0,0,0,0,0,0,0,0,0,0,0,0,0,0,0,0,0,0,0,0,0,0,0,0,0,0,0,0,0,0,0,0,0,0,0,0,0
"k__Bacteria;p__Proteobacteria;c__Betaproteobacteria;o__Neisseriales;f__Neisseriaceae;g__Eikenella;s__",0,0,0,0,0,0,0,0,0,0,0,0,0,0,0,0,0,0,0,0,0,0,0,0,0,0,0,0,0,0,0,0,0,0,0,0,0,0,0,0,0,0,0,0,0,0,0,0,0,0,0,0,0,0,0,0,0,0,0,0,0,0,0,0,0,0,0,0,0,0,0,0,0,0,0,0,0,0,0,0,0,0,0.00126635711270578,0,0,0,0,0,0,0,0,0,0,0,0,0,0,0,0,0,0,0,0,0,0,0,0,0,0,0,0,0,0,0,0,0,0,0,0,0,0,0,0,0,0,0,0,0,0,0,0,0
"k__Bacteria;p__Firmicutes;c__Clostridia;o__Clostridiales;f__[Acidaminobacteraceae];g__Acidaminobacter;s__",0,0,0,0,0,0,0,0,0,0,0,0,0,0,0,0,0,0,0,0,0,0,0,0,0,0,0,0,0,0,0,0,0,0,0,0,0,0,0,0,0,0,0,0,0,0,0,0,0,0,0,0,0,0,0,0,0,0,0,0,0,0,0,0,0,0,0,0,0,0,0,0,0,0,0,0,0,0,0,0,0,0,0,0,0,0,0,0,0,0,0,0,0,0,0,0,0,0,0,0,0,0,0,0,0,0,0,0,0,0,0,0,0,0,0,0,0,0.000444247001332741,0,0,0,0,0,0,0,0,0,0,0,0,0,0
"k__Bacteria;p__Proteobacteria;c__Deltaproteobacteria;o__Desulfobacterales;f__Desulfobacteraceae;__;__",0,0,0,0,0,0,0,0,0,0,0,0,0,0,0,0,0,0,0,0,0,0,0,0,0,0,0,0,0,0,0,0,0,0,0,0,0,0,0,0,0,0,0,0,0,0,0,0,0,0,0,0,0,0,0,0,0,0,0,0,0,0,0,0,0,0,0,0,0,0,0,0,0,0,0,0,0,0,0,0,0,0,0,0,0,0,0,0,0,0,0,0,0,0,0,0,0,0,0,0,0,0,0,0,0,0,0,0,0,0,0,0,0,0,0,0,0,0.00144380275433141,0,0,0,0,0,0,0,0,0,0,0,0,0,0
"k__Bacteria;p__Actinobacteria;c__Actinobacteria;o__Actinomycetales;f__Nocardiaceae;g__Rhodococcus;s__fascians",0,0,0,0,0,0,0,0,0,0,0,0,0,0,0,0,0,0,0,0,0,0,0,0,0,0,0,0,0,0,0,0,0,0,0,0,0,0,0,0,0,0,0,0,0,0,0,0,0,0,0,0,0,0,0,0,0,0,0,0,0,0,0,0,0,0,0,0,0,0,0,0,0,0,0,0,0,0,0,0,0,0,0,0,0,0,0,0,0,0,0,0,0,0,0,0,0,0,0,0,0,0,0,0,0,0,0,0,0,0,0,0,0,0,0,0,0,0.00022212350066637,0,0,0,0,0,0,0,0,0,0,0,0,0,0
"k__Bacteria;p__Actinobacteria;c__Actinobacteria;o__Actinomycetales;f__Actinomycetaceae;g__Actinomyces;__",0,0,0,0,0,0,0,0,0,0,0,0,0,0,0,0,0,0,0,0,0,0,0,0,0,0,0,0,0,0,0,0,0,0,0,0,0,0,0,0,0,0,0,0,0,0,0,0,0,0,0,0,0,0,0,0,0,0,0,0,0,0,0,0,0,0.00127578141611737,0,0,0,0,0,0,0,0,0,0,0,0,0,0,0,0,0,0,0,0,0,0,0,0,0,0,0,0,0,0,0,0,0,0,0,0,0,0,0,0,0,0,0,0,0,0,0,0,0,0,0,0,0,0,0,0,0,0,0,0,0,0,0,0,0,0
"k__Bacteria;p__Firmicutes;c__Clostridia;o__Clostridiales;f__Dehalobacteriaceae;g__Dehalobacterium;s__",0,0,0,0,0,0,0,0,0,0,0,0,0,0,0,0,0,0,0,0,0,0,0,0,0,0,0,0,0,0,0,0,0,0,0,0,0,0,0,0,0,0,0,0,0,0,0,0,0,0,0,0,0,0,0,0,0,0,0,0,0,0,0,0,0,0,0,0,0,0.000195982361587457,0,0,0,0,0,0,0,0,0,0,0,0,0,0,0,0,0,0,0,0,0,0,0,0,0,0,0,0,0,0,0,0,0,0,0,0,0,0,0,0,0,0,0,0,0,0,0,0,0,0,0,0,0,0,0,0,0,0,0,0,0,0
"k__Bacteria;p__Firmicutes;c__Clostridia;o__Clostridiales;f__Veillonellaceae;g__Mitsuokella;s__multacida",0,0,0,0,0,0,0,0,0,0,0,0,0,0,0,0,0,0,0,0,0,0,0,0,0,0,0,0,0,0,0,0,0,0,0,0,0,0,0,0,0,0,0,0,0,0,0,0,0,0,0,0,0,0,0,0,0,0,0,0,0,0,0,0,0,0,0,0,0,0.00764331210191083,0,0,0,0,0,0,0,0,0,0,0,0,0,0,0,0,0,0,0,0,0,0,0,0,0,0,0,0,0,0,0,0,0,0,0,0,0,0,0,0,0,0,0,0,0,0,0,0,0,0,0,0,0,0,0,0,0,0,0,0,0,0
"k__Bacteria;p__Firmicutes;c__Bacilli;o__Lactobacillales;f__Lactobacillaceae;g__Pediococcus;s__",0,0,0,0,0,0,0,0,0,0,0,0,0,0,0,0,0,0,0,0,0,0,0,0,0,0,0,0,0,0,0,0,0,0,0,0,0,0,0,0,0,0,0,0,0,0,0,0,0,0,0,0,0,0,0,0,0,0,0,0,0,0,0,0,0,0,0,0,0,0,0,0.00609566461404491,0,0,0,0,0,0,0,0,0,0,0,0,0,0,0,0,0,0,0,0,0,0,0,0,0,0,0,0,0,0,0,0,0,0,0,0,0,0,0,0,0,0,0,0,0,0,0,0,0,0,0,0,0,0,0,0,0,0,0,0
"k__Bacteria;p__Firmicutes;c__Bacilli;o__Lactobacillales;f__Leuconostocaceae;g__Leuconostoc;s__mesenteroides",0,0,0,0,0,0,0,0,0,0,0,0,0,0,0,0,0,0,0,0,0,0,0,0,0,0,0,0,0,0,0,0,0,0,0,0,0,0,0,0,0,0,0,0,0,0,0,0,0,0,0,0,0,0,0,0,0,0,0,0,0,0.00918394122277617,0,0,0,0,0,0,0,0,0,0,0,0,0,0,0,0,0,0,0,0,0,0,0,0,0,0,0,0,0,0,0,0,0,0,0,0,0,0,0,0,0,0,0,0,0,0,0,0,0,0,0,0,0,0,0,0,0,0,0,0,0,0,0,0,0,0,0,0,0,0
"k__Bacteria;p__Firmicutes;c__Bacilli;o__Lactobacillales;f__Lactobacillaceae;g__Lactobacillus;s__coleohominis",0,0,0,0,0,0,0,0,0,0,0,0,0,0,0,0,0,0,0,0,0,0,0,0,0,0,0,0,0,0,0,0,0,0,0,0,0,0,0,0,0,0,0,0,0,0,0,0,0,0,0,0,0,0,0,0,0,0,0,0,0,0,0,0,0,0.00499681054645971,0,0,0,0,0,0,0,0,0,0,0,0,0,0,0,0,0,0,0,0,0,0,0,0,0,0,0,0,0,0,0,0,0,0,0,0,0,0,0,0,0,0,0,0,0,0,0,0,0,0,0,0,0,0,0,0,0,0,0,0,0,0,0,0,0,0
"k__Bacteria;p__Actinobacteria;c__Actinobacteria;o__Actinomycetales;f__Propionibacteriaceae;g__;s__",0,0,0,0,0,0,0,0,0,0,0,0,0,0,0,0,0,0,0,0,0,0,0,0,0,0,0,0,0,0,0,0,0,0,0,0,0,0,0,0,0,0,0,0,0,0,0,0,0,0,0,0,0,0,0,0,0,0,0,0,0,0.000262398320650748,0,0,0,0,0,0,0,0,0,0,0,0,0,0,0,0,0,0,0,0,0,0,0,0,0,0,0,0,0,0,0,0,0,0,0,0,0,0,0,0,0,0,0,0,0,0,0,0,0,0,0,0,0,0,0,0,0,0,0,0,0,0,0,0,0,0,0,0,0,0
